Vehicle_Index,Actual_Need_Maintenance,Predicted_Need_Maintenance,Maintenance_Probability,Vehicle_Health_Score,Health_Status
0,1,1,0.9197,8.03,Critical
1,0,0,0.2476,75.24,Good
2,0,0,0.0406,95.94,Excellent
3,1,1,0.8784,12.16,Critical
4,0,0,0.0907,90.93,Excellent
5,0,0,0.1393,86.07,Excellent
6,1,1,0.9145,8.55,Critical
7,1,1,0.9882,1.18,Critical
8,1,1,0.7664,23.36,Poor
9,0,0,0.229,77.1,Good
10,0,0,0.1449,85.51,Excellent
11,0,0,0.047,95.3,Excellent
12,0,0,0.175,82.5,Excellent
13,0,0,0.0901,90.99,Excellent
14,0,0,0.0872,91.28,Excellent
15,0,0,0.1269,87.31,Excellent
16,0,0,0.0632,93.68,Excellent
17,1,1,0.8398,16.02,Critical
18,1,1,0.6529,34.71,Poor
19,1,1,0.8685,13.15,Critical
20,0,0,0.0763,92.37,Excellent
21,1,1,0.8619,13.81,Critical
22,1,1,0.7698,23.02,Poor
23,1,1,0.9208,7.92,Critical
24,1,1,0.8268,17.32,Critical
25,0,0,0.0575,94.25,Excellent
26,1,1,0.9495,5.05,Critical
27,0,0,0.1765,82.35,Excellent
28,0,0,0.1929,80.71,Excellent
29,0,0,0.0632,93.68,Excellent
30,0,0,0.3244,67.56,Good
31,0,0,0.2407,75.93,Good
32,1,1,0.9442,5.58,Critical
33,0,0,0.0918,90.82,Excellent
34,0,0,0.241,75.9,Good
35,0,0,0.0395,96.05,Excellent
36,0,0,0.0411,95.89,Excellent
37,1,1,0.8805,11.95,Critical
38,1,1,0.8052,19.48,Critical
39,0,0,0.1133,88.67,Excellent
40,1,1,0.8701,12.99,Critical
41,0,0,0.0855,91.45,Excellent
42,0,0,0.1606,83.94,Excellent
43,1,1,0.898,10.2,Critical
44,0,0,0.2421,75.79,Good
45,0,0,0.0557,94.43,Excellent
46,1,1,0.5882,41.18,Fair
47,0,0,0.3327,66.73,Good
48,1,1,0.9017,9.83,Critical
49,1,1,0.8297,17.03,Critical
50,0,0,0.1387,86.13,Excellent
51,1,1,0.9813,1.87,Critical
52,0,0,0.0978,90.22,Excellent
53,1,1,0.7671,23.29,Poor
54,1,1,0.9368,6.32,Critical
55,1,1,0.9731,2.69,Critical
56,1,1,0.856,14.4,Critical
57,0,0,0.1548,84.52,Excellent
58,0,0,0.1489,85.11,Excellent
59,0,0,0.1675,83.25,Excellent
60,0,0,0.0882,91.18,Excellent
61,0,0,0.0843,91.57,Excellent
62,0,0,0.1863,81.37,Excellent
63,0,0,0.2284,77.16,Good
64,1,1,0.8551,14.49,Critical
65,0,0,0.3962,60.38,Good
66,0,0,0.0759,92.41,Excellent
67,0,0,0.3637,63.63,Good
68,0,0,0.1592,84.08,Excellent
69,0,0,0.2563,74.37,Good
70,0,0,0.1431,85.69,Excellent
71,1,1,0.9104,8.96,Critical
72,0,0,0.1945,80.55,Excellent
73,1,1,0.9247,7.53,Critical
74,1,1,0.7196,28.04,Poor
75,0,0,0.1313,86.87,Excellent
76,0,0,0.265,73.5,Good
77,1,1,0.8111,18.89,Critical
78,1,1,0.6894,31.06,Poor
79,1,1,0.9122,8.78,Critical
80,1,1,0.8683,13.17,Critical
81,0,0,0.192,80.8,Excellent
82,1,1,0.5296,47.04,Fair
83,0,0,0.0985,90.15,Excellent
84,0,0,0.1238,87.62,Excellent
85,0,0,0.1189,88.11,Excellent
86,0,1,0.5697,43.03,Fair
87,1,1,0.7989,20.11,Poor
88,1,1,0.5379,46.21,Fair
89,1,1,0.6719,32.81,Poor
90,1,1,0.8935,10.65,Critical
91,0,0,0.3438,65.62,Good
92,0,0,0.0752,92.48,Excellent
93,1,1,0.7423,25.77,Poor
94,0,0,0.2956,70.44,Good
95,0,0,0.2985,70.15,Good
96,1,1,0.8277,17.23,Critical
97,0,0,0.1152,88.48,Excellent
98,0,0,0.0997,90.03,Excellent
99,1,1,0.7363,26.37,Poor
100,1,1,0.7955,20.45,Poor
101,1,1,0.8105,18.95,Critical
102,1,1,0.8005,19.95,Critical
103,0,0,0.0854,91.46,Excellent
104,1,1,0.8179,18.21,Critical
105,1,1,0.8144,18.56,Critical
106,1,1,0.98,2.0,Critical
107,1,1,0.938,6.2,Critical
108,0,0,0.0571,94.29,Excellent
109,1,0,0.4521,54.79,Fair
110,0,0,0.1882,81.18,Excellent
111,1,1,0.8,20.0,Poor
112,1,1,0.8131,18.69,Critical
113,1,1,0.8588,14.12,Critical
114,0,0,0.1057,89.43,Excellent
115,1,1,0.9288,7.12,Critical
116,1,1,0.7531,24.69,Poor
117,0,0,0.113,88.7,Excellent
118,1,1,0.5892,41.08,Fair
119,1,1,0.8363,16.37,Critical
120,1,1,0.9446,5.54,Critical
121,0,0,0.1718,82.82,Excellent
122,1,1,0.7595,24.05,Poor
123,1,1,0.5654,43.46,Fair
124,1,1,0.5931,40.69,Fair
125,0,0,0.1299,87.01,Excellent
126,1,1,0.9126,8.74,Critical
127,0,0,0.0569,94.31,Excellent
128,1,1,0.6957,30.43,Poor
129,0,0,0.0789,92.11,Excellent
130,0,0,0.3295,67.05,Good
131,0,0,0.2567,74.33,Good
132,1,1,0.8776,12.24,Critical
133,0,0,0.0798,92.02,Excellent
134,0,0,0.154,84.6,Excellent
135,1,1,0.9241,7.59,Critical
136,0,0,0.165,83.5,Excellent
137,1,1,0.9841,1.59,Critical
138,0,0,0.2136,78.64,Good
139,1,1,0.8546,14.54,Critical
140,0,0,0.2434,75.66,Good
141,1,1,0.8128,18.72,Critical
142,0,0,0.2202,77.98,Good
143,1,1,0.9648,3.52,Critical
144,1,1,0.8922,10.78,Critical
145,0,0,0.0457,95.43,Excellent
146,1,1,0.8877,11.23,Critical
147,1,1,0.8497,15.03,Critical
148,0,0,0.0933,90.67,Excellent
149,0,0,0.2559,74.41,Good
150,0,0,0.1024,89.76,Excellent
151,1,1,0.8529,14.71,Critical
152,1,1,0.875,12.5,Critical
153,1,1,0.905,9.5,Critical
154,0,0,0.1252,87.48,Excellent
155,1,1,0.8836,11.64,Critical
156,0,0,0.11,89.0,Excellent
157,1,1,0.8239,17.61,Critical
158,0,0,0.0468,95.32,Excellent
159,1,1,0.8094,19.06,Critical
160,1,0,0.3496,65.04,Good
161,0,0,0.095,90.5,Excellent
162,1,1,0.9324,6.76,Critical
163,0,0,0.1081,89.19,Excellent
164,1,1,0.893,10.7,Critical
165,1,1,0.8488,15.12,Critical
166,1,1,0.9657,3.43,Critical
167,0,0,0.047,95.3,Excellent
168,1,1,0.9782,2.18,Critical
169,0,0,0.0768,92.32,Excellent
170,0,0,0.188,81.2,Excellent
171,0,0,0.0869,91.31,Excellent
172,0,1,0.5533,44.67,Fair
173,0,0,0.4955,50.45,Fair
174,1,0,0.4167,58.33,Fair
175,0,0,0.2355,76.45,Good
176,0,0,0.0913,90.87,Excellent
177,1,1,0.9661,3.39,Critical
178,0,0,0.1673,83.27,Excellent
179,1,1,0.7243,27.57,Poor
180,1,1,0.971,2.9,Critical
181,1,1,0.7454,25.46,Poor
182,1,1,0.6681,33.19,Poor
183,1,1,0.8342,16.58,Critical
184,1,1,0.87,13.0,Critical
185,0,0,0.0903,90.97,Excellent
186,1,1,0.5026,49.74,Fair
187,1,1,0.8119,18.81,Critical
188,1,1,0.9215,7.85,Critical
189,1,1,0.6281,37.19,Poor
190,1,1,0.8114,18.86,Critical
191,0,0,0.1486,85.14,Excellent
192,0,0,0.1278,87.22,Excellent
193,0,0,0.3486,65.14,Good
194,1,1,0.9051,9.49,Critical
195,0,0,0.3221,67.79,Good
196,1,1,0.9304,6.96,Critical
197,0,0,0.2512,74.88,Good
198,1,1,0.867,13.3,Critical
199,1,1,0.8763,12.37,Critical
200,1,1,0.958,4.2,Critical
201,0,0,0.1666,83.34,Excellent
202,1,1,0.9436,5.64,Critical
203,1,1,0.8981,10.19,Critical
204,0,0,0.0816,91.84,Excellent
205,1,1,0.7625,23.75,Poor
206,0,0,0.0823,91.77,Excellent
207,1,1,0.8796,12.04,Critical
208,0,0,0.179,82.1,Excellent
209,1,1,0.9133,8.67,Critical
210,1,1,0.9377,6.23,Critical
211,0,0,0.3249,67.51,Good
212,0,0,0.1143,88.57,Excellent
213,0,0,0.0758,92.42,Excellent
214,1,1,0.8737,12.63,Critical
215,0,0,0.2255,77.45,Good
216,1,1,0.8322,16.78,Critical
217,1,0,0.4516,54.84,Fair
218,1,1,0.8075,19.25,Critical
219,1,1,0.6884,31.16,Poor
220,0,0,0.0363,96.37,Excellent
221,0,0,0.0936,90.64,Excellent
222,1,1,0.8941,10.59,Critical
223,1,1,0.8879,11.21,Critical
224,1,1,0.7702,22.98,Poor
225,0,0,0.1097,89.03,Excellent
226,1,1,0.5829,41.71,Fair
227,1,1,0.9382,6.18,Critical
228,0,0,0.1171,88.29,Excellent
229,0,0,0.1167,88.33,Excellent
230,1,1,0.8185,18.15,Critical
231,0,0,0.0891,91.09,Excellent
232,0,0,0.2154,78.46,Good
233,1,0,0.4988,50.12,Fair
234,0,0,0.1653,83.47,Excellent
235,1,1,0.7304,26.96,Poor
236,0,0,0.1867,81.33,Excellent
237,1,1,0.9214,7.86,Critical
238,0,0,0.1552,84.48,Excellent
239,1,1,0.9459,5.41,Critical
240,0,0,0.2023,79.77,Good
241,1,1,0.9883,1.17,Critical
242,1,1,0.8126,18.74,Critical
243,1,1,0.7193,28.07,Poor
244,0,0,0.032,96.8,Excellent
245,0,0,0.1334,86.66,Excellent
246,0,0,0.1972,80.28,Excellent
247,1,1,0.6952,30.48,Poor
248,1,1,0.6322,36.78,Poor
249,0,0,0.0907,90.93,Excellent
250,0,0,0.1022,89.78,Excellent
251,0,0,0.1476,85.24,Excellent
252,0,0,0.1709,82.91,Excellent
253,1,1,0.9673,3.27,Critical
254,1,1,0.961,3.9,Critical
255,1,1,0.7278,27.22,Poor
256,1,1,0.643,35.7,Poor
257,1,1,0.8919,10.81,Critical
258,1,1,0.7392,26.08,Poor
259,0,0,0.1561,84.39,Excellent
260,1,1,0.7479,25.21,Poor
261,0,0,0.1162,88.38,Excellent
262,0,0,0.1756,82.44,Excellent
263,1,1,0.9101,8.99,Critical
264,0,0,0.0436,95.64,Excellent
265,0,0,0.1809,81.91,Excellent
266,0,0,0.1084,89.16,Excellent
267,1,1,0.5885,41.15,Fair
268,1,1,0.8198,18.02,Critical
269,1,1,0.9776,2.24,Critical
270,0,0,0.1675,83.25,Excellent
271,0,0,0.2247,77.53,Good
272,0,0,0.2196,78.04,Good
273,1,1,0.8485,15.15,Critical
274,1,1,0.6204,37.96,Poor
275,0,0,0.1152,88.48,Excellent
276,1,1,0.6744,32.56,Poor
277,1,1,0.8993,10.07,Critical
278,1,1,0.8734,12.66,Critical
279,0,0,0.4032,59.68,Fair
280,1,1,0.8392,16.08,Critical
281,1,1,0.8797,12.03,Critical
282,0,0,0.1494,85.06,Excellent
283,1,1,0.8881,11.19,Critical
284,0,0,0.2311,76.89,Good
285,1,1,0.8679,13.21,Critical
286,0,0,0.1797,82.03,Excellent
287,0,0,0.1834,81.66,Excellent
288,1,1,0.9631,3.69,Critical
289,1,1,0.7866,21.34,Poor
290,1,1,0.8202,17.98,Critical
291,1,1,0.9142,8.58,Critical
292,1,1,0.9419,5.81,Critical
293,1,1,0.8419,15.81,Critical
294,1,1,0.7975,20.25,Poor
295,1,1,0.8563,14.37,Critical
296,0,0,0.0566,94.34,Excellent
297,0,0,0.0919,90.81,Excellent
298,1,1,0.7403,25.97,Poor
299,1,1,0.9106,8.94,Critical
300,1,1,0.9808,1.92,Critical
301,0,0,0.2669,73.31,Good
302,0,0,0.3791,62.09,Good
303,0,0,0.0454,95.46,Excellent
304,0,0,0.0711,92.89,Excellent
305,1,1,0.9374,6.26,Critical
306,1,1,0.8659,13.41,Critical
307,1,1,0.6687,33.13,Poor
308,1,1,0.7861,21.39,Poor
309,0,0,0.1855,81.45,Excellent
310,0,0,0.1348,86.52,Excellent
311,0,0,0.1579,84.21,Excellent
312,0,0,0.2797,72.03,Good
313,1,1,0.9759,2.41,Critical
314,0,0,0.0483,95.17,Excellent
315,0,0,0.1315,86.85,Excellent
316,1,1,0.7457,25.43,Poor
317,0,0,0.1518,84.82,Excellent
318,0,0,0.1158,88.42,Excellent
319,1,1,0.9758,2.42,Critical
320,1,1,0.8555,14.45,Critical
321,1,1,0.7449,25.51,Poor
322,0,0,0.1187,88.13,Excellent
323,1,1,0.8742,12.58,Critical
324,1,1,0.7218,27.82,Poor
325,0,0,0.0936,90.64,Excellent
326,0,0,0.1532,84.68,Excellent
327,1,1,0.9502,4.98,Critical
328,0,0,0.133,86.7,Excellent
329,0,0,0.076,92.4,Excellent
330,0,0,0.0661,93.39,Excellent
331,0,0,0.0445,95.55,Excellent
332,1,1,0.8969,10.31,Critical
333,1,1,0.9279,7.21,Critical
334,1,1,0.7629,23.71,Poor
335,0,0,0.19,81.0,Excellent
336,1,1,0.8785,12.15,Critical
337,1,1,0.8231,17.69,Critical
338,0,0,0.1319,86.81,Excellent
339,1,1,0.9351,6.49,Critical
340,1,1,0.9132,8.68,Critical
341,1,1,0.8477,15.23,Critical
342,0,0,0.0802,91.98,Excellent
343,1,1,0.9286,7.14,Critical
344,0,0,0.1171,88.29,Excellent
345,0,0,0.2356,76.44,Good
346,0,0,0.333,66.7,Good
347,1,1,0.7247,27.53,Poor
348,1,1,0.9657,3.43,Critical
349,1,1,0.9104,8.96,Critical
350,1,1,0.8767,12.33,Critical
351,0,0,0.0957,90.43,Excellent
352,0,0,0.1693,83.07,Excellent
353,1,1,0.9585,4.15,Critical
354,0,0,0.111,88.9,Excellent
355,1,1,0.8859,11.41,Critical
356,0,0,0.289,71.1,Good
357,0,0,0.1098,89.02,Excellent
358,1,1,0.9605,3.95,Critical
359,1,1,0.904,9.6,Critical
360,0,0,0.2341,76.59,Good
361,0,0,0.1687,83.13,Excellent
362,1,1,0.81,19.0,Critical
363,1,1,0.9666,3.34,Critical
364,0,0,0.1187,88.13,Excellent
365,1,1,0.9267,7.33,Critical
366,1,1,0.7326,26.74,Poor
367,0,0,0.2016,79.84,Good
368,0,0,0.1832,81.68,Excellent
369,0,0,0.0844,91.56,Excellent
370,1,1,0.9653,3.47,Critical
371,1,1,0.7586,24.14,Poor
372,0,0,0.1495,85.05,Excellent
373,1,1,0.9348,6.52,Critical
374,1,1,0.6453,35.47,Poor
375,1,1,0.6883,31.17,Poor
376,0,0,0.1318,86.82,Excellent
377,1,1,0.8485,15.15,Critical
378,1,1,0.8682,13.18,Critical
379,1,1,0.8903,10.97,Critical
380,1,1,0.8163,18.37,Critical
381,0,0,0.1095,89.05,Excellent
382,0,0,0.0536,94.64,Excellent
383,1,1,0.6901,30.99,Poor
384,1,1,0.9429,5.71,Critical
385,1,1,0.9261,7.39,Critical
386,1,1,0.9399,6.01,Critical
387,0,0,0.115,88.5,Excellent
388,0,0,0.1014,89.86,Excellent
389,1,1,0.5619,43.81,Fair
390,1,1,0.895,10.5,Critical
391,0,0,0.2284,77.16,Good
392,0,0,0.2808,71.92,Good
393,1,1,0.961,3.9,Critical
394,1,1,0.9423,5.77,Critical
395,1,1,0.9406,5.94,Critical
396,1,1,0.7133,28.67,Poor
397,0,0,0.244,75.6,Good
398,0,0,0.2832,71.68,Good
399,0,0,0.2663,73.37,Good
400,1,1,0.8006,19.94,Critical
401,0,0,0.267,73.3,Good
402,1,1,0.7152,28.48,Poor
403,1,1,0.7813,21.87,Poor
404,0,0,0.176,82.4,Excellent
405,1,1,0.9109,8.91,Critical
406,1,1,0.961,3.9,Critical
407,0,0,0.2265,77.35,Good
408,0,0,0.0708,92.92,Excellent
409,0,0,0.0703,92.97,Excellent
410,1,1,0.8317,16.83,Critical
411,1,1,0.8502,14.98,Critical
412,0,0,0.0854,91.46,Excellent
413,0,0,0.1834,81.66,Excellent
414,1,1,0.859,14.1,Critical
415,1,1,0.7293,27.07,Poor
416,1,1,0.5416,45.84,Fair
417,0,0,0.1335,86.65,Excellent
418,1,1,0.748,25.2,Poor
419,1,1,0.9182,8.18,Critical
420,1,1,0.7824,21.76,Poor
421,1,1,0.9447,5.53,Critical
422,0,0,0.0536,94.64,Excellent
423,1,1,0.9265,7.35,Critical
424,1,1,0.9339,6.61,Critical
425,1,1,0.9662,3.38,Critical
426,0,0,0.1143,88.57,Excellent
427,1,1,0.8814,11.86,Critical
428,1,1,0.844,15.6,Critical
429,0,0,0.1377,86.23,Excellent
430,1,1,0.9853,1.47,Critical
431,1,1,0.8592,14.08,Critical
432,1,1,0.958,4.2,Critical
433,0,0,0.1078,89.22,Excellent
434,1,1,0.9336,6.64,Critical
435,0,0,0.0952,90.48,Excellent
436,0,0,0.3711,62.89,Good
437,1,1,0.9019,9.81,Critical
438,1,1,0.7937,20.63,Poor
439,0,0,0.1208,87.92,Excellent
440,1,1,0.6696,33.04,Poor
441,1,1,0.6997,30.03,Poor
442,0,0,0.1885,81.15,Excellent
443,0,0,0.0554,94.46,Excellent
444,0,0,0.2209,77.91,Good
445,1,1,0.9447,5.53,Critical
446,1,1,0.7773,22.27,Poor
447,1,1,0.817,18.3,Critical
448,1,1,0.8281,17.19,Critical
449,1,1,0.8801,11.99,Critical
450,1,1,0.8768,12.32,Critical
451,1,1,0.5674,43.26,Fair
452,1,1,0.7471,25.29,Poor
453,0,0,0.0656,93.44,Excellent
454,1,1,0.7638,23.62,Poor
455,1,0,0.4063,59.37,Fair
456,1,1,0.9588,4.12,Critical
457,1,1,0.938,6.2,Critical
458,0,0,0.425,57.5,Fair
459,1,1,0.5337,46.63,Fair
460,1,1,0.8314,16.86,Critical
461,0,0,0.1523,84.77,Excellent
462,0,0,0.1529,84.71,Excellent
463,0,0,0.0585,94.15,Excellent
464,1,1,0.893,10.7,Critical
465,0,0,0.2048,79.52,Good
466,0,0,0.0652,93.48,Excellent
467,1,1,0.8895,11.05,Critical
468,0,0,0.1351,86.49,Excellent
469,0,0,0.2092,79.08,Good
470,1,1,0.9779,2.21,Critical
471,1,1,0.9315,6.85,Critical
472,1,1,0.8403,15.97,Critical
473,0,0,0.1336,86.64,Excellent
474,0,0,0.1593,84.07,Excellent
475,0,0,0.0787,92.13,Excellent
476,0,0,0.4149,58.51,Fair
477,0,0,0.2898,71.02,Good
478,0,0,0.1812,81.88,Excellent
479,0,0,0.0496,95.04,Excellent
480,0,0,0.2751,72.49,Good
481,0,0,0.042,95.8,Excellent
482,1,1,0.8788,12.12,Critical
483,1,1,0.8663,13.37,Critical
484,0,0,0.1014,89.86,Excellent
485,1,1,0.7867,21.33,Poor
486,1,1,0.7777,22.23,Poor
487,1,1,0.5936,40.64,Fair
488,0,0,0.2785,72.15,Good
489,1,1,0.5987,40.13,Fair
490,1,1,0.9607,3.93,Critical
491,1,1,0.7319,26.81,Poor
492,1,1,0.835,16.5,Critical
493,1,1,0.7355,26.45,Poor
494,0,0,0.2767,72.33,Good
495,1,1,0.8432,15.68,Critical
496,0,0,0.2029,79.71,Good
497,0,0,0.1497,85.03,Excellent
498,1,1,0.8836,11.64,Critical
499,0,0,0.2164,78.36,Good
500,1,1,0.7944,20.56,Poor
501,1,1,0.9023,9.77,Critical
502,1,1,0.9115,8.85,Critical
503,1,1,0.5547,44.53,Fair
504,1,1,0.8005,19.95,Critical
505,1,1,0.9106,8.94,Critical
506,1,1,0.7942,20.58,Poor
507,1,1,0.5405,45.95,Fair
508,0,0,0.1444,85.56,Excellent
509,1,1,0.9441,5.59,Critical
510,0,0,0.1361,86.39,Excellent
511,0,0,0.1681,83.19,Excellent
512,0,1,0.5356,46.44,Fair
513,1,1,0.7466,25.34,Poor
514,0,0,0.1529,84.71,Excellent
515,1,1,0.949,5.1,Critical
516,1,1,0.738,26.2,Poor
517,0,0,0.1784,82.16,Excellent
518,0,0,0.0833,91.67,Excellent
519,0,0,0.0462,95.38,Excellent
520,0,0,0.1727,82.73,Excellent
521,0,0,0.0411,95.89,Excellent
522,0,0,0.1661,83.39,Excellent
523,1,1,0.9496,5.04,Critical
524,0,0,0.1738,82.62,Excellent
525,0,0,0.0773,92.27,Excellent
526,1,1,0.9867,1.33,Critical
527,1,1,0.6026,39.74,Poor
528,0,0,0.1303,86.97,Excellent
529,1,1,0.9395,6.05,Critical
530,0,0,0.086,91.4,Excellent
531,0,0,0.1402,85.98,Excellent
532,1,1,0.776,22.4,Poor
533,0,0,0.0882,91.18,Excellent
534,0,0,0.1713,82.87,Excellent
535,1,1,0.8742,12.58,Critical
536,0,0,0.1097,89.03,Excellent
537,1,1,0.9482,5.18,Critical
538,0,0,0.3161,68.39,Good
539,1,1,0.992,0.8,Critical
540,0,0,0.1003,89.97,Excellent
541,1,1,0.7715,22.85,Poor
542,0,0,0.1201,87.99,Excellent
543,1,1,0.7907,20.93,Poor
544,1,1,0.7804,21.96,Poor
545,0,0,0.0737,92.63,Excellent
546,0,0,0.336,66.4,Good
547,0,0,0.1823,81.77,Excellent
548,0,0,0.228,77.2,Good
549,0,0,0.126,87.4,Excellent
550,1,1,0.9555,4.45,Critical
551,1,1,0.9314,6.86,Critical
552,0,0,0.2951,70.49,Good
553,0,0,0.0729,92.71,Excellent
554,0,0,0.2803,71.97,Good
555,1,1,0.9036,9.64,Critical
556,0,0,0.3002,69.98,Good
557,0,0,0.2106,78.94,Good
558,0,0,0.172,82.8,Excellent
559,1,1,0.8562,14.38,Critical
560,0,0,0.2411,75.89,Good
561,0,0,0.4626,53.74,Fair
562,1,1,0.6269,37.31,Poor
563,1,1,0.6787,32.13,Poor
564,1,1,0.9375,6.25,Critical
565,0,0,0.1292,87.08,Excellent
566,0,0,0.1826,81.74,Excellent
567,0,0,0.1807,81.93,Excellent
568,0,0,0.1879,81.21,Excellent
569,1,1,0.6683,33.17,Poor
570,0,0,0.1264,87.36,Excellent
571,0,0,0.1483,85.17,Excellent
572,1,1,0.8414,15.86,Critical
573,1,1,0.5993,40.07,Fair
574,1,1,0.7728,22.72,Poor
575,0,0,0.0996,90.04,Excellent
576,0,0,0.1023,89.77,Excellent
577,1,1,0.9552,4.48,Critical
578,0,0,0.1423,85.77,Excellent
579,0,0,0.1736,82.64,Excellent
580,1,1,0.891,10.9,Critical
581,0,0,0.1533,84.67,Excellent
582,0,0,0.0909,90.91,Excellent
583,0,0,0.0665,93.35,Excellent
584,1,1,0.9585,4.15,Critical
585,0,0,0.0608,93.92,Excellent
586,1,1,0.8797,12.03,Critical
587,0,0,0.1857,81.43,Excellent
588,0,0,0.1813,81.87,Excellent
589,1,1,0.8352,16.48,Critical
590,0,0,0.2644,73.56,Good
591,1,1,0.6005,39.95,Poor
592,1,1,0.9318,6.82,Critical
593,1,1,0.7676,23.24,Poor
594,0,0,0.1792,82.08,Excellent
595,1,1,0.9858,1.42,Critical
596,0,0,0.3483,65.17,Good
597,0,0,0.0854,91.46,Excellent
598,1,1,0.9083,9.17,Critical
599,0,0,0.0647,93.53,Excellent
600,1,1,0.9061,9.39,Critical
601,1,1,0.9532,4.68,Critical
602,1,1,0.8797,12.03,Critical
603,0,0,0.4116,58.84,Fair
604,1,1,0.8396,16.04,Critical
605,0,1,0.585,41.5,Fair
606,0,0,0.0915,90.85,Excellent
607,1,1,0.9593,4.07,Critical
608,1,1,0.8626,13.74,Critical
609,0,0,0.4615,53.85,Fair
610,0,0,0.1762,82.38,Excellent
611,1,1,0.8557,14.43,Critical
612,0,0,0.0631,93.69,Excellent
613,0,0,0.3903,60.97,Good
614,0,0,0.1099,89.01,Excellent
615,0,0,0.0593,94.07,Excellent
616,1,1,0.8445,15.55,Critical
617,1,1,0.8227,17.73,Critical
618,1,1,0.614,38.6,Poor
619,1,1,0.9402,5.98,Critical
620,0,0,0.1252,87.48,Excellent
621,0,0,0.3527,64.73,Good
622,1,1,0.7769,22.31,Poor
623,1,1,0.9627,3.73,Critical
624,0,0,0.0896,91.04,Excellent
625,0,0,0.1757,82.43,Excellent
626,1,1,0.9955,0.45,Critical
627,0,0,0.409,59.1,Fair
628,1,1,0.7565,24.35,Poor
629,0,0,0.1079,89.21,Excellent
630,1,1,0.8066,19.34,Critical
631,1,1,0.7911,20.89,Poor
632,0,0,0.1505,84.95,Excellent
633,0,0,0.0335,96.65,Excellent
634,0,0,0.0725,92.75,Excellent
635,1,1,0.9099,9.01,Critical
636,0,0,0.0472,95.28,Excellent
637,0,0,0.1043,89.57,Excellent
638,0,0,0.1706,82.94,Excellent
639,0,0,0.0782,92.18,Excellent
640,1,1,0.9258,7.42,Critical
641,0,0,0.1263,87.37,Excellent
642,1,1,0.5873,41.27,Fair
643,0,0,0.1106,88.94,Excellent
644,1,1,0.6814,31.86,Poor
645,0,0,0.4338,56.62,Fair
646,1,1,0.8854,11.46,Critical
647,1,1,0.9399,6.01,Critical
648,1,1,0.723,27.7,Poor
649,0,0,0.2513,74.87,Good
650,0,0,0.0542,94.58,Excellent
651,0,0,0.1438,85.62,Excellent
652,0,0,0.1932,80.68,Excellent
653,0,0,0.1028,89.72,Excellent
654,1,1,0.9724,2.76,Critical
655,1,1,0.7594,24.06,Poor
656,0,0,0.1859,81.41,Excellent
657,1,1,0.8587,14.13,Critical
658,0,0,0.1154,88.46,Excellent
659,0,0,0.2112,78.88,Good
660,0,0,0.1179,88.21,Excellent
661,0,0,0.0994,90.06,Excellent
662,0,0,0.3819,61.81,Good
663,0,0,0.1354,86.46,Excellent
664,0,0,0.1375,86.25,Excellent
665,1,1,0.7985,20.15,Poor
666,1,1,0.9158,8.42,Critical
667,0,0,0.1278,87.22,Excellent
668,0,0,0.0813,91.87,Excellent
669,0,0,0.0414,95.86,Excellent
670,1,1,0.911,8.9,Critical
671,1,1,0.8564,14.36,Critical
672,0,0,0.2856,71.44,Good
673,0,0,0.1196,88.04,Excellent
674,0,0,0.057,94.3,Excellent
675,1,1,0.8699,13.01,Critical
676,0,0,0.0275,97.25,Excellent
677,1,1,0.9235,7.65,Critical
678,0,0,0.0868,91.32,Excellent
679,1,1,0.7001,29.99,Poor
680,1,1,0.646,35.4,Poor
681,1,1,0.6758,32.42,Poor
682,0,0,0.2401,75.99,Good
683,1,1,0.9089,9.11,Critical
684,1,1,0.7238,27.62,Poor
685,0,0,0.2507,74.93,Good
686,0,0,0.1444,85.56,Excellent
687,0,0,0.094,90.6,Excellent
688,0,0,0.2842,71.58,Good
689,0,0,0.0985,90.15,Excellent
690,1,1,0.8241,17.59,Critical
691,0,0,0.1182,88.18,Excellent
692,1,1,0.7521,24.79,Poor
693,1,1,0.8518,14.82,Critical
694,0,0,0.2644,73.56,Good
695,0,0,0.2437,75.63,Good
696,0,0,0.114,88.6,Excellent
697,1,1,0.8332,16.68,Critical
698,1,1,0.9217,7.83,Critical
699,1,1,0.911,8.9,Critical
700,1,1,0.9373,6.27,Critical
701,1,1,0.8645,13.55,Critical
702,0,0,0.3886,61.14,Good
703,1,1,0.8334,16.66,Critical
704,0,0,0.0811,91.89,Excellent
705,1,1,0.9409,5.91,Critical
706,0,0,0.3999,60.01,Good
707,0,0,0.1758,82.42,Excellent
708,1,1,0.575,42.5,Fair
709,1,1,0.7569,24.31,Poor
710,1,1,0.8646,13.54,Critical
711,0,0,0.3216,67.84,Good
712,1,1,0.8247,17.53,Critical
713,0,0,0.3105,68.95,Good
714,0,0,0.0774,92.26,Excellent
715,0,0,0.2005,79.95,Good
716,1,1,0.7826,21.74,Poor
717,1,1,0.7113,28.87,Poor
718,0,1,0.66,34.0,Poor
719,0,0,0.0963,90.37,Excellent
720,0,0,0.0679,93.21,Excellent
721,1,1,0.7825,21.75,Poor
722,0,0,0.2393,76.07,Good
723,1,1,0.852,14.8,Critical
724,1,1,0.8933,10.67,Critical
725,1,0,0.3477,65.23,Good
726,0,0,0.1264,87.36,Excellent
727,1,1,0.8883,11.17,Critical
728,1,1,0.7425,25.75,Poor
729,1,1,0.9072,9.28,Critical
730,0,0,0.0887,91.13,Excellent
731,0,0,0.1038,89.62,Excellent
732,1,1,0.8786,12.14,Critical
733,1,1,0.639,36.1,Poor
734,1,1,0.7544,24.56,Poor
735,0,0,0.1696,83.04,Excellent
736,1,1,0.9679,3.21,Critical
737,1,1,0.9506,4.94,Critical
738,1,1,0.9559,4.41,Critical
739,1,1,0.5469,45.31,Fair
740,0,0,0.1526,84.74,Excellent
741,0,0,0.2623,73.77,Good
742,0,0,0.0654,93.46,Excellent
743,0,0,0.0902,90.98,Excellent
744,1,1,0.9882,1.18,Critical
745,0,0,0.3007,69.93,Good
746,0,0,0.1213,87.87,Excellent
747,1,1,0.9263,7.37,Critical
748,1,1,0.9409,5.91,Critical
749,1,1,0.8935,10.65,Critical
750,1,1,0.9276,7.24,Critical
751,1,1,0.9456,5.44,Critical
752,0,0,0.2619,73.81,Good
753,0,0,0.1311,86.89,Excellent
754,1,1,0.6108,38.92,Poor
755,1,1,0.9139,8.61,Critical
756,0,0,0.203,79.7,Good
757,0,0,0.2341,76.59,Good
758,0,0,0.0878,91.22,Excellent
759,1,1,0.9549,4.51,Critical
760,0,0,0.2121,78.79,Good
761,0,0,0.1752,82.48,Excellent
762,1,1,0.8536,14.64,Critical
763,1,1,0.7257,27.43,Poor
764,1,1,0.7702,22.98,Poor
765,1,1,0.9852,1.48,Critical
766,1,1,0.8868,11.32,Critical
767,1,1,0.927,7.3,Critical
768,0,0,0.179,82.1,Excellent
769,1,1,0.9182,8.18,Critical
770,0,0,0.0478,95.22,Excellent
771,0,0,0.2499,75.01,Good
772,1,1,0.7136,28.64,Poor
773,0,0,0.0919,90.81,Excellent
774,1,1,0.7322,26.78,Poor
775,0,0,0.3278,67.22,Good
776,0,0,0.1099,89.01,Excellent
777,0,0,0.0658,93.42,Excellent
778,0,0,0.0857,91.43,Excellent
779,1,1,0.889,11.1,Critical
780,1,0,0.4392,56.08,Fair
781,1,1,0.8165,18.35,Critical
782,1,0,0.4965,50.35,Fair
783,0,0,0.1102,88.98,Excellent
784,1,1,0.7583,24.17,Poor
785,0,0,0.2905,70.95,Good
786,1,1,0.805,19.5,Critical
787,1,1,0.9413,5.87,Critical
788,1,1,0.9914,0.86,Critical
789,1,1,0.9044,9.56,Critical
790,0,0,0.1168,88.32,Excellent
791,1,1,0.7382,26.18,Poor
792,1,1,0.816,18.4,Critical
793,1,1,0.7884,21.16,Poor
794,1,1,0.7313,26.87,Poor
795,0,0,0.1614,83.86,Excellent
796,1,1,0.8057,19.43,Critical
797,1,1,0.9835,1.65,Critical
798,1,1,0.8806,11.94,Critical
799,1,1,0.9299,7.01,Critical
800,0,0,0.1054,89.46,Excellent
801,0,0,0.3357,66.43,Good
802,0,0,0.0907,90.93,Excellent
803,0,0,0.1733,82.67,Excellent
804,1,1,0.7938,20.62,Poor
805,0,0,0.155,84.5,Excellent
806,0,0,0.3058,69.42,Good
807,1,1,0.9042,9.58,Critical
808,1,1,0.7731,22.69,Poor
809,0,0,0.3174,68.26,Good
810,1,1,0.8679,13.21,Critical
811,0,0,0.2723,72.77,Good
812,1,1,0.7928,20.72,Poor
813,1,1,0.9624,3.76,Critical
814,1,1,0.8157,18.43,Critical
815,1,0,0.4906,50.94,Fair
816,1,1,0.8864,11.36,Critical
817,1,1,0.8591,14.09,Critical
818,0,0,0.2502,74.98,Good
819,1,1,0.6979,30.21,Poor
820,0,0,0.0428,95.72,Excellent
821,0,0,0.2741,72.59,Good
822,0,0,0.1052,89.48,Excellent
823,1,1,0.9843,1.57,Critical
824,1,1,0.7959,20.41,Poor
825,0,0,0.122,87.8,Excellent
826,1,1,0.8743,12.57,Critical
827,1,1,0.9352,6.48,Critical
828,1,1,0.8653,13.47,Critical
829,0,0,0.1135,88.65,Excellent
830,1,1,0.7993,20.07,Poor
831,1,1,0.9781,2.19,Critical
832,0,0,0.1766,82.34,Excellent
833,1,1,0.9039,9.61,Critical
834,1,1,0.6602,33.98,Poor
835,1,1,0.9268,7.32,Critical
836,0,0,0.1771,82.29,Excellent
837,0,0,0.0728,92.72,Excellent
838,1,0,0.2419,75.81,Good
839,0,0,0.0637,93.63,Excellent
840,0,0,0.0632,93.68,Excellent
841,0,0,0.1263,87.37,Excellent
842,1,1,0.8634,13.66,Critical
843,1,1,0.7549,24.51,Poor
844,0,0,0.1047,89.53,Excellent
845,0,0,0.3294,67.06,Good
846,1,1,0.8024,19.76,Critical
847,0,0,0.081,91.9,Excellent
848,0,0,0.0794,92.06,Excellent
849,1,1,0.8918,10.82,Critical
850,0,0,0.0846,91.54,Excellent
851,0,0,0.0791,92.09,Excellent
852,0,0,0.1665,83.35,Excellent
853,0,0,0.2596,74.04,Good
854,1,1,0.8554,14.46,Critical
855,1,1,0.8417,15.83,Critical
856,0,0,0.0781,92.19,Excellent
857,0,0,0.1406,85.94,Excellent
858,0,0,0.0725,92.75,Excellent
859,0,0,0.0939,90.61,Excellent
860,0,0,0.1092,89.08,Excellent
861,0,0,0.0665,93.35,Excellent
862,1,1,0.7019,29.81,Poor
863,1,1,0.8542,14.58,Critical
864,0,0,0.0902,90.98,Excellent
865,0,0,0.2204,77.96,Good
866,0,0,0.1166,88.34,Excellent
867,0,0,0.1403,85.97,Excellent
868,1,1,0.7917,20.83,Poor
869,1,1,0.8568,14.32,Critical
870,0,0,0.0899,91.01,Excellent
871,0,0,0.1668,83.32,Excellent
872,0,0,0.0976,90.24,Excellent
873,0,0,0.051,94.9,Excellent
874,1,1,0.6941,30.59,Poor
875,1,1,0.9699,3.01,Critical
876,1,0,0.435,56.5,Fair
877,0,0,0.0794,92.06,Excellent
878,0,0,0.3125,68.75,Good
879,0,0,0.2488,75.12,Good
880,0,0,0.1884,81.16,Excellent
881,1,1,0.8231,17.69,Critical
882,1,1,0.9708,2.92,Critical
883,1,1,0.513,48.7,Fair
884,1,1,0.6958,30.42,Poor
885,0,0,0.1895,81.05,Excellent
886,1,1,0.8804,11.96,Critical
887,1,1,0.7823,21.77,Poor
888,0,0,0.1163,88.37,Excellent
889,0,0,0.0671,93.29,Excellent
890,0,0,0.0665,93.35,Excellent
891,1,1,0.8443,15.57,Critical
892,0,0,0.1676,83.24,Excellent
893,1,1,0.7884,21.16,Poor
894,1,1,0.7985,20.15,Poor
895,0,1,0.6051,39.49,Poor
896,0,0,0.1444,85.56,Excellent
897,1,1,0.869,13.1,Critical
898,1,1,0.9017,9.83,Critical
899,1,1,0.7482,25.18,Poor
900,1,1,0.6048,39.52,Poor
901,1,1,0.9188,8.12,Critical
902,0,0,0.0788,92.12,Excellent
903,1,1,0.8022,19.78,Critical
904,0,0,0.21,79.0,Good
905,0,0,0.0794,92.06,Excellent
906,1,1,0.9845,1.55,Critical
907,1,1,0.9658,3.42,Critical
908,0,0,0.3217,67.83,Good
909,0,0,0.2736,72.64,Good
910,1,0,0.2281,77.19,Good
911,0,0,0.1325,86.75,Excellent
912,1,1,0.9035,9.65,Critical
913,0,0,0.1244,87.56,Excellent
914,0,0,0.1185,88.15,Excellent
915,0,0,0.0899,91.01,Excellent
916,1,1,0.8225,17.75,Critical
917,1,1,0.5993,40.07,Fair
918,0,0,0.1201,87.99,Excellent
919,0,0,0.2467,75.33,Good
920,0,0,0.1259,87.41,Excellent
921,1,1,0.8135,18.65,Critical
922,1,1,0.7331,26.69,Poor
923,1,1,0.7071,29.29,Poor
924,1,1,0.8663,13.37,Critical
925,0,0,0.157,84.3,Excellent
926,1,1,0.898,10.2,Critical
927,0,0,0.0352,96.48,Excellent
928,1,1,0.6087,39.13,Poor
929,0,0,0.3425,65.75,Good
930,1,0,0.4847,51.53,Fair
931,1,1,0.92,8.0,Critical
932,1,1,0.9172,8.28,Critical
933,0,0,0.4608,53.92,Fair
934,1,1,0.9362,6.38,Critical
935,0,0,0.1517,84.83,Excellent
936,0,0,0.1385,86.15,Excellent
937,1,1,0.8118,18.82,Critical
938,1,1,0.8092,19.08,Critical
939,0,0,0.0487,95.13,Excellent
940,1,1,0.9488,5.12,Critical
941,1,1,0.6252,37.48,Poor
942,0,0,0.1227,87.73,Excellent
943,0,0,0.3944,60.56,Good
944,0,0,0.0616,93.84,Excellent
945,0,0,0.2558,74.42,Good
946,1,1,0.5957,40.43,Fair
947,1,1,0.5663,43.37,Fair
948,1,1,0.8721,12.79,Critical
949,1,1,0.7001,29.99,Poor
950,0,0,0.068,93.2,Excellent
951,1,1,0.5029,49.71,Fair
952,1,1,0.9111,8.89,Critical
953,0,0,0.0606,93.94,Excellent
954,0,0,0.2287,77.13,Good
955,1,1,0.7287,27.13,Poor
956,1,1,0.9912,0.88,Critical
957,1,1,0.8595,14.05,Critical
958,0,0,0.1069,89.31,Excellent
959,1,1,0.9467,5.33,Critical
960,1,1,0.9237,7.63,Critical
961,1,1,0.719,28.1,Poor
962,0,0,0.1424,85.76,Excellent
963,1,1,0.9056,9.44,Critical
964,1,1,0.9346,6.54,Critical
965,0,0,0.037,96.3,Excellent
966,1,1,0.7184,28.16,Poor
967,1,1,0.667,33.3,Poor
968,0,0,0.0994,90.06,Excellent
969,1,1,0.9566,4.34,Critical
970,1,1,0.8359,16.41,Critical
971,0,0,0.0905,90.95,Excellent
972,0,0,0.1153,88.47,Excellent
973,0,0,0.0986,90.14,Excellent
974,0,0,0.2265,77.35,Good
975,1,1,0.9643,3.57,Critical
976,0,0,0.0734,92.66,Excellent
977,1,1,0.8534,14.66,Critical
978,0,0,0.1043,89.57,Excellent
979,1,1,0.9202,7.98,Critical
980,0,0,0.0691,93.09,Excellent
981,0,0,0.0759,92.41,Excellent
982,1,1,0.6851,31.49,Poor
983,0,0,0.0746,92.54,Excellent
984,0,0,0.1551,84.49,Excellent
985,1,1,0.9132,8.68,Critical
986,1,1,0.9078,9.22,Critical
987,0,0,0.067,93.3,Excellent
988,0,0,0.0943,90.57,Excellent
989,1,1,0.9077,9.23,Critical
990,1,1,0.8753,12.47,Critical
991,0,0,0.1112,88.88,Excellent
992,1,1,0.9134,8.66,Critical
993,0,0,0.0767,92.33,Excellent
994,0,0,0.292,70.8,Good
995,0,0,0.0949,90.51,Excellent
996,0,0,0.376,62.4,Good
997,1,0,0.3333,66.67,Good
998,1,1,0.6403,35.97,Poor
999,0,0,0.0918,90.82,Excellent
1000,0,0,0.1621,83.79,Excellent
1001,0,0,0.1301,86.99,Excellent
1002,1,1,0.5975,40.25,Fair
1003,1,1,0.948,5.2,Critical
1004,0,0,0.1766,82.34,Excellent
1005,1,1,0.993,0.7,Critical
1006,1,1,0.7868,21.32,Poor
1007,0,0,0.0865,91.35,Excellent
1008,1,0,0.4544,54.56,Fair
1009,1,1,0.9355,6.45,Critical
1010,0,0,0.0573,94.27,Excellent
1011,1,1,0.9187,8.13,Critical
1012,1,1,0.8959,10.41,Critical
1013,0,0,0.1611,83.89,Excellent
1014,1,1,0.8296,17.04,Critical
1015,1,1,0.6584,34.16,Poor
1016,0,0,0.157,84.3,Excellent
1017,0,0,0.1857,81.43,Excellent
1018,0,0,0.4543,54.57,Fair
1019,0,0,0.1117,88.83,Excellent
1020,1,1,0.9774,2.26,Critical
1021,1,1,0.5809,41.91,Fair
1022,1,1,0.8391,16.09,Critical
1023,1,1,0.8993,10.07,Critical
1024,1,1,0.5608,43.92,Fair
1025,0,0,0.2303,76.97,Good
1026,1,1,0.8899,11.01,Critical
1027,0,0,0.063,93.7,Excellent
1028,0,0,0.1186,88.14,Excellent
1029,0,0,0.3809,61.91,Good
1030,0,0,0.119,88.1,Excellent
1031,1,1,0.9244,7.56,Critical
1032,0,0,0.0773,92.27,Excellent
1033,0,0,0.1577,84.23,Excellent
1034,1,1,0.9872,1.28,Critical
1035,1,1,0.7575,24.25,Poor
1036,1,1,0.8455,15.45,Critical
1037,0,0,0.4742,52.58,Fair
1038,1,1,0.8162,18.38,Critical
1039,1,1,0.9329,6.71,Critical
1040,0,0,0.1988,80.12,Excellent
1041,1,1,0.6215,37.85,Poor
1042,0,0,0.0874,91.26,Excellent
1043,1,1,0.9315,6.85,Critical
1044,0,0,0.2036,79.64,Good
1045,0,0,0.0629,93.71,Excellent
1046,0,0,0.1869,81.31,Excellent
1047,1,1,0.7599,24.01,Poor
1048,1,1,0.8475,15.25,Critical
1049,1,1,0.9055,9.45,Critical
1050,1,1,0.5968,40.32,Fair
1051,1,1,0.8662,13.38,Critical
1052,0,0,0.1206,87.94,Excellent
1053,0,0,0.2504,74.96,Good
1054,0,0,0.0865,91.35,Excellent
1055,1,1,0.8377,16.23,Critical
1056,1,1,0.8819,11.81,Critical
1057,1,1,0.929,7.1,Critical
1058,1,1,0.7886,21.14,Poor
1059,1,1,0.8832,11.68,Critical
1060,1,1,0.7404,25.96,Poor
1061,1,1,0.6465,35.35,Poor
1062,0,0,0.3219,67.81,Good
1063,0,0,0.0991,90.09,Excellent
1064,1,1,0.638,36.2,Poor
1065,0,0,0.0721,92.79,Excellent
1066,1,1,0.9319,6.81,Critical
1067,1,1,0.8588,14.12,Critical
1068,1,1,0.9117,8.83,Critical
1069,1,1,0.7707,22.93,Poor
1070,1,1,0.8649,13.51,Critical
1071,0,0,0.3426,65.74,Good
1072,1,1,0.8839,11.61,Critical
1073,0,0,0.0824,91.76,Excellent
1074,0,0,0.0595,94.05,Excellent
1075,1,1,0.7001,29.99,Poor
1076,0,0,0.0984,90.16,Excellent
1077,0,0,0.0806,91.94,Excellent
1078,1,1,0.9817,1.83,Critical
1079,1,1,0.7739,22.61,Poor
1080,1,1,0.9697,3.03,Critical
1081,0,0,0.1178,88.22,Excellent
1082,1,1,0.8089,19.11,Critical
1083,1,1,0.7389,26.11,Poor
1084,0,0,0.06,94.0,Excellent
1085,1,1,0.9916,0.84,Critical
1086,1,1,0.828,17.2,Critical
1087,1,1,0.9753,2.47,Critical
1088,0,1,0.5242,47.58,Fair
1089,0,0,0.215,78.5,Good
1090,1,1,0.9657,3.43,Critical
1091,1,1,0.9204,7.96,Critical
1092,1,1,0.9269,7.31,Critical
1093,0,0,0.0863,91.37,Excellent
1094,1,1,0.7841,21.59,Poor
1095,1,1,0.9901,0.99,Critical
1096,0,0,0.3921,60.79,Good
1097,1,1,0.8416,15.84,Critical
1098,0,0,0.0671,93.29,Excellent
1099,1,1,0.9826,1.74,Critical
1100,0,0,0.0965,90.35,Excellent
1101,0,0,0.113,88.7,Excellent
1102,0,0,0.0855,91.45,Excellent
1103,0,0,0.0874,91.26,Excellent
1104,0,0,0.2653,73.47,Good
1105,1,1,0.9541,4.59,Critical
1106,0,0,0.1111,88.89,Excellent
1107,0,0,0.2242,77.58,Good
1108,0,0,0.1624,83.76,Excellent
1109,1,1,0.9097,9.03,Critical
1110,1,1,0.9598,4.02,Critical
1111,1,1,0.9239,7.61,Critical
1112,1,1,0.8859,11.41,Critical
1113,0,0,0.1537,84.63,Excellent
1114,1,1,0.7804,21.96,Poor
1115,1,1,0.8321,16.79,Critical
1116,1,1,0.9362,6.38,Critical
1117,0,0,0.099,90.1,Excellent
1118,1,1,0.5364,46.36,Fair
1119,1,1,0.9155,8.45,Critical
1120,0,0,0.2171,78.29,Good
1121,0,0,0.1081,89.19,Excellent
1122,1,1,0.7915,20.85,Poor
1123,0,0,0.1419,85.81,Excellent
1124,0,0,0.0731,92.69,Excellent
1125,1,1,0.8909,10.91,Critical
1126,1,1,0.8503,14.97,Critical
1127,1,1,0.9239,7.61,Critical
1128,1,1,0.961,3.9,Critical
1129,1,1,0.6976,30.24,Poor
1130,1,1,0.7654,23.46,Poor
1131,0,0,0.0865,91.35,Excellent
1132,0,0,0.0931,90.69,Excellent
1133,0,0,0.0521,94.79,Excellent
1134,0,0,0.1177,88.23,Excellent
1135,1,1,0.9367,6.33,Critical
1136,0,0,0.1431,85.69,Excellent
1137,1,0,0.4576,54.24,Fair
1138,0,0,0.0743,92.57,Excellent
1139,1,1,0.8296,17.04,Critical
1140,1,1,0.9288,7.12,Critical
1141,0,0,0.088,91.2,Excellent
1142,1,1,0.8135,18.65,Critical
1143,1,1,0.9179,8.21,Critical
1144,0,0,0.1143,88.57,Excellent
1145,1,1,0.835,16.5,Critical
1146,0,0,0.166,83.4,Excellent
1147,1,1,0.8521,14.79,Critical
1148,0,0,0.1113,88.87,Excellent
1149,0,0,0.091,90.9,Excellent
1150,0,0,0.1093,89.07,Excellent
1151,0,0,0.2379,76.21,Good
1152,0,0,0.1062,89.38,Excellent
1153,0,0,0.3158,68.42,Good
1154,0,0,0.214,78.6,Good
1155,1,1,0.8043,19.57,Critical
1156,1,1,0.9291,7.09,Critical
1157,1,1,0.6276,37.24,Poor
1158,1,1,0.9096,9.04,Critical
1159,0,0,0.2505,74.95,Good
1160,1,1,0.9648,3.52,Critical
1161,1,1,0.7486,25.14,Poor
1162,0,0,0.2449,75.51,Good
1163,0,0,0.0816,91.84,Excellent
1164,0,0,0.2243,77.57,Good
1165,1,1,0.8107,18.93,Critical
1166,0,0,0.0557,94.43,Excellent
1167,0,0,0.0422,95.78,Excellent
1168,1,1,0.9069,9.31,Critical
1169,0,0,0.0787,92.13,Excellent
1170,1,1,0.7597,24.03,Poor
1171,0,0,0.1775,82.25,Excellent
1172,1,1,0.8703,12.97,Critical
1173,1,1,0.7822,21.78,Poor
1174,0,0,0.0955,90.45,Excellent
1175,0,0,0.1198,88.02,Excellent
1176,0,0,0.1336,86.64,Excellent
1177,0,0,0.2501,74.99,Good
1178,0,0,0.0768,92.32,Excellent
1179,1,1,0.9196,8.04,Critical
1180,0,0,0.2573,74.27,Good
1181,0,0,0.0871,91.29,Excellent
1182,1,1,0.5817,41.83,Fair
1183,1,1,0.9666,3.34,Critical
1184,0,0,0.0511,94.89,Excellent
1185,0,0,0.116,88.4,Excellent
1186,1,1,0.9883,1.17,Critical
1187,0,0,0.1124,88.76,Excellent
1188,1,1,0.9464,5.36,Critical
1189,0,0,0.2608,73.92,Good
1190,0,0,0.2759,72.41,Good
1191,0,0,0.1527,84.73,Excellent
1192,0,0,0.1047,89.53,Excellent
1193,1,1,0.7567,24.33,Poor
1194,1,1,0.6816,31.84,Poor
1195,0,0,0.1239,87.61,Excellent
1196,0,0,0.1142,88.58,Excellent
1197,0,0,0.2787,72.13,Good
1198,1,1,0.8548,14.52,Critical
1199,1,1,0.9087,9.13,Critical
1200,1,1,0.9248,7.52,Critical
1201,1,1,0.8317,16.83,Critical
1202,1,1,0.968,3.2,Critical
1203,1,1,0.6419,35.81,Poor
1204,0,0,0.1483,85.17,Excellent
1205,1,1,0.9038,9.62,Critical
1206,1,1,0.7327,26.73,Poor
1207,0,0,0.1048,89.52,Excellent
1208,0,0,0.3072,69.28,Good
1209,1,1,0.5149,48.51,Fair
1210,1,1,0.9317,6.83,Critical
1211,0,0,0.1415,85.85,Excellent
1212,1,1,0.8045,19.55,Critical
1213,1,1,0.809,19.1,Critical
1214,1,1,0.9337,6.63,Critical
1215,0,0,0.1474,85.26,Excellent
1216,0,0,0.1411,85.89,Excellent
1217,0,0,0.2708,72.92,Good
1218,0,0,0.2249,77.51,Good
1219,1,1,0.9923,0.77,Critical
1220,0,0,0.0766,92.34,Excellent
1221,0,0,0.4337,56.63,Fair
1222,0,0,0.087,91.3,Excellent
1223,0,0,0.066,93.4,Excellent
1224,1,1,0.8825,11.75,Critical
1225,0,0,0.0924,90.76,Excellent
1226,0,0,0.278,72.2,Good
1227,0,0,0.0806,91.94,Excellent
1228,1,1,0.9658,3.42,Critical
1229,1,1,0.8463,15.37,Critical
1230,0,0,0.2401,75.99,Good
1231,1,1,0.8561,14.39,Critical
1232,0,0,0.1225,87.75,Excellent
1233,0,0,0.1261,87.39,Excellent
1234,0,0,0.1657,83.43,Excellent
1235,0,0,0.0885,91.15,Excellent
1236,0,0,0.0723,92.77,Excellent
1237,0,0,0.0778,92.22,Excellent
1238,1,1,0.8586,14.14,Critical
1239,1,1,0.735,26.5,Poor
1240,1,1,0.9518,4.82,Critical
1241,0,0,0.0834,91.66,Excellent
1242,1,1,0.8538,14.62,Critical
1243,0,0,0.3705,62.95,Good
1244,0,0,0.1491,85.09,Excellent
1245,0,0,0.0882,91.18,Excellent
1246,1,1,0.9717,2.83,Critical
1247,1,1,0.9656,3.44,Critical
1248,1,1,0.5867,41.33,Fair
1249,1,1,0.7828,21.72,Poor
1250,0,0,0.148,85.2,Excellent
1251,0,0,0.0983,90.17,Excellent
1252,0,0,0.2205,77.95,Good
1253,1,1,0.9051,9.49,Critical
1254,0,0,0.1922,80.78,Excellent
1255,1,1,0.9104,8.96,Critical
1256,1,1,0.8091,19.09,Critical
1257,1,1,0.9837,1.63,Critical
1258,0,0,0.1708,82.92,Excellent
1259,1,1,0.8845,11.55,Critical
1260,0,0,0.2081,79.19,Good
1261,0,0,0.2427,75.73,Good
1262,1,1,0.755,24.5,Poor
1263,1,1,0.8941,10.59,Critical
1264,0,0,0.0936,90.64,Excellent
1265,0,0,0.2495,75.05,Good
1266,1,1,0.5217,47.83,Fair
1267,0,0,0.0948,90.52,Excellent
1268,1,1,0.9899,1.01,Critical
1269,0,0,0.2176,78.24,Good
1270,1,1,0.7867,21.33,Poor
1271,1,1,0.9118,8.82,Critical
1272,0,0,0.0903,90.97,Excellent
1273,1,1,0.9701,2.99,Critical
1274,1,1,0.6985,30.15,Poor
1275,1,1,0.7549,24.51,Poor
1276,1,1,0.7856,21.44,Poor
1277,0,0,0.0519,94.81,Excellent
1278,1,1,0.9028,9.72,Critical
1279,1,1,0.7691,23.09,Poor
1280,0,0,0.2533,74.67,Good
1281,0,0,0.1817,81.83,Excellent
1282,0,0,0.1085,89.15,Excellent
1283,0,0,0.0892,91.08,Excellent
1284,1,1,0.6775,32.25,Poor
1285,0,0,0.1135,88.65,Excellent
1286,1,1,0.5675,43.25,Fair
1287,0,0,0.1641,83.59,Excellent
1288,1,1,0.7122,28.78,Poor
1289,0,0,0.1611,83.89,Excellent
1290,0,0,0.0877,91.23,Excellent
1291,0,0,0.0753,92.47,Excellent
1292,1,1,0.9047,9.53,Critical
1293,1,0,0.4168,58.32,Fair
1294,1,1,0.9517,4.83,Critical
1295,0,0,0.1077,89.23,Excellent
1296,0,0,0.1588,84.12,Excellent
1297,0,0,0.0488,95.12,Excellent
1298,1,1,0.6018,39.82,Poor
1299,0,0,0.1252,87.48,Excellent
1300,1,1,0.5105,48.95,Fair
1301,1,1,0.8512,14.88,Critical
1302,0,0,0.3625,63.75,Good
1303,1,1,0.925,7.5,Critical
1304,1,1,0.968,3.2,Critical
1305,0,0,0.4274,57.26,Fair
1306,1,1,0.9438,5.62,Critical
1307,0,0,0.3168,68.32,Good
1308,1,1,0.8629,13.71,Critical
1309,1,1,0.7952,20.48,Poor
1310,1,1,0.8363,16.37,Critical
1311,0,0,0.1131,88.69,Excellent
1312,1,1,0.8924,10.76,Critical
1313,1,1,0.887,11.3,Critical
1314,0,0,0.1186,88.14,Excellent
1315,1,1,0.9439,5.61,Critical
1316,0,0,0.1693,83.07,Excellent
1317,1,1,0.8093,19.07,Critical
1318,0,0,0.0981,90.19,Excellent
1319,0,0,0.1245,87.55,Excellent
1320,1,1,0.6552,34.48,Poor
1321,1,1,0.8997,10.03,Critical
1322,0,0,0.105,89.5,Excellent
1323,0,0,0.2918,70.82,Good
1324,0,0,0.2658,73.42,Good
1325,0,0,0.1477,85.23,Excellent
1326,0,0,0.0727,92.73,Excellent
1327,1,1,0.9268,7.32,Critical
1328,1,1,0.8052,19.48,Critical
1329,0,0,0.2347,76.53,Good
1330,1,1,0.9159,8.41,Critical
1331,0,0,0.316,68.4,Good
1332,1,1,0.8013,19.87,Critical
1333,0,0,0.0743,92.57,Excellent
1334,1,1,0.8838,11.62,Critical
1335,0,0,0.1327,86.73,Excellent
1336,0,0,0.1165,88.35,Excellent
1337,0,0,0.0892,91.08,Excellent
1338,0,0,0.1218,87.82,Excellent
1339,1,1,0.8834,11.66,Critical
1340,1,1,0.9163,8.37,Critical
1341,1,1,0.9616,3.84,Critical
1342,0,0,0.158,84.2,Excellent
1343,0,0,0.2484,75.16,Good
1344,1,1,0.8043,19.57,Critical
1345,1,1,0.9058,9.42,Critical
1346,1,1,0.8856,11.44,Critical
1347,0,0,0.1553,84.47,Excellent
1348,0,0,0.1726,82.74,Excellent
1349,1,1,0.7385,26.15,Poor
1350,0,0,0.0694,93.06,Excellent
1351,0,0,0.1637,83.63,Excellent
1352,1,1,0.8764,12.36,Critical
1353,0,0,0.1672,83.28,Excellent
1354,0,0,0.2903,70.97,Good
1355,1,1,0.8594,14.06,Critical
1356,0,0,0.1626,83.74,Excellent
1357,0,0,0.1111,88.89,Excellent
1358,0,0,0.1781,82.19,Excellent
1359,1,1,0.9478,5.22,Critical
1360,1,0,0.4427,55.73,Fair
1361,1,1,0.9391,6.09,Critical
1362,0,0,0.0683,93.17,Excellent
1363,0,0,0.1272,87.28,Excellent
1364,0,0,0.2767,72.33,Good
1365,1,1,0.683,31.7,Poor
1366,1,1,0.9745,2.55,Critical
1367,1,1,0.9793,2.07,Critical
1368,0,0,0.0895,91.05,Excellent
1369,0,0,0.1206,87.94,Excellent
1370,1,1,0.8574,14.26,Critical
1371,0,0,0.1328,86.72,Excellent
1372,1,0,0.4568,54.32,Fair
1373,0,0,0.2271,77.29,Good
1374,1,1,0.8016,19.84,Critical
1375,0,0,0.064,93.6,Excellent
1376,1,1,0.9319,6.81,Critical
1377,0,0,0.1033,89.67,Excellent
1378,0,0,0.1138,88.62,Excellent
1379,0,0,0.1209,87.91,Excellent
1380,1,1,0.8041,19.59,Critical
1381,1,1,0.8627,13.73,Critical
1382,1,1,0.5096,49.04,Fair
1383,1,0,0.4682,53.18,Fair
1384,0,1,0.6175,38.25,Poor
1385,0,0,0.0732,92.68,Excellent
1386,0,0,0.2069,79.31,Good
1387,0,1,0.5229,47.71,Fair
1388,1,1,0.9409,5.91,Critical
1389,1,1,0.8892,11.08,Critical
1390,1,1,0.6637,33.63,Poor
1391,1,1,0.9588,4.12,Critical
1392,1,1,0.5254,47.46,Fair
1393,0,0,0.2729,72.71,Good
1394,0,0,0.231,76.9,Good
1395,0,0,0.3726,62.74,Good
1396,0,0,0.1066,89.34,Excellent
1397,1,1,0.9495,5.05,Critical
1398,1,1,0.851,14.9,Critical
1399,0,0,0.1598,84.02,Excellent
1400,0,0,0.1364,86.36,Excellent
1401,0,0,0.1401,85.99,Excellent
1402,1,1,0.8427,15.73,Critical
1403,0,0,0.2131,78.69,Good
1404,0,0,0.0551,94.49,Excellent
1405,1,1,0.787,21.3,Poor
1406,0,0,0.246,75.4,Good
1407,1,1,0.9807,1.93,Critical
1408,0,0,0.1989,80.11,Excellent
1409,1,1,0.874,12.6,Critical
1410,0,0,0.1555,84.45,Excellent
1411,0,0,0.129,87.1,Excellent
1412,1,1,0.6985,30.15,Poor
1413,0,0,0.0643,93.57,Excellent
1414,0,0,0.1088,89.12,Excellent
1415,0,0,0.3292,67.08,Good
1416,1,1,0.9155,8.45,Critical
1417,0,0,0.0937,90.63,Excellent
1418,1,1,0.904,9.6,Critical
1419,1,0,0.4812,51.88,Fair
1420,1,1,0.9108,8.92,Critical
1421,0,0,0.1254,87.46,Excellent
1422,1,1,0.8628,13.72,Critical
1423,1,1,0.9305,6.95,Critical
1424,1,1,0.9256,7.44,Critical
1425,0,0,0.1926,80.74,Excellent
1426,0,0,0.1846,81.54,Excellent
1427,1,1,0.8436,15.64,Critical
1428,1,1,0.8997,10.03,Critical
1429,0,0,0.0865,91.35,Excellent
1430,1,1,0.893,10.7,Critical
1431,0,0,0.2634,73.66,Good
1432,1,1,0.9849,1.51,Critical
1433,0,0,0.1287,87.13,Excellent
1434,1,1,0.8697,13.03,Critical
1435,1,1,0.9038,9.62,Critical
1436,0,0,0.1893,81.07,Excellent
1437,1,1,0.6296,37.04,Poor
1438,1,1,0.8151,18.49,Critical
1439,0,0,0.1694,83.06,Excellent
1440,0,1,0.504,49.6,Fair
1441,0,1,0.5092,49.08,Fair
1442,1,1,0.8953,10.47,Critical
1443,0,0,0.0481,95.19,Excellent
1444,1,1,0.913,8.7,Critical
1445,1,1,0.8695,13.05,Critical
1446,1,1,0.8534,14.66,Critical
1447,0,0,0.2045,79.55,Good
1448,1,1,0.6756,32.44,Poor
1449,0,0,0.2452,75.48,Good
1450,1,1,0.7283,27.17,Poor
1451,0,1,0.6128,38.72,Poor
1452,1,1,0.8848,11.52,Critical
1453,1,1,0.8387,16.13,Critical
1454,0,0,0.1204,87.96,Excellent
1455,0,0,0.0975,90.25,Excellent
1456,1,1,0.8835,11.65,Critical
1457,0,0,0.0733,92.67,Excellent
1458,1,1,0.8991,10.09,Critical
1459,1,1,0.9252,7.48,Critical
1460,0,0,0.1,90.0,Excellent
1461,1,1,0.5644,43.56,Fair
1462,1,1,0.7452,25.48,Poor
1463,1,1,0.8801,11.99,Critical
1464,1,1,0.6388,36.12,Poor
1465,1,1,0.932,6.8,Critical
1466,0,0,0.2602,73.98,Good
1467,1,1,0.9257,7.43,Critical
1468,0,0,0.2416,75.84,Good
1469,1,0,0.4781,52.19,Fair
1470,0,0,0.1821,81.79,Excellent
1471,1,1,0.7965,20.35,Poor
1472,0,0,0.2006,79.94,Good
1473,1,1,0.8009,19.91,Critical
1474,1,1,0.833,16.7,Critical
1475,0,0,0.0931,90.69,Excellent
1476,0,0,0.1827,81.73,Excellent
1477,0,0,0.108,89.2,Excellent
1478,0,0,0.0373,96.27,Excellent
1479,1,1,0.8972,10.28,Critical
1480,0,0,0.1301,86.99,Excellent
1481,1,1,0.8491,15.09,Critical
1482,1,1,0.8777,12.23,Critical
1483,1,1,0.841,15.9,Critical
1484,0,0,0.0824,91.76,Excellent
1485,1,1,0.9606,3.94,Critical
1486,1,1,0.5947,40.53,Fair
1487,1,0,0.3828,61.72,Good
1488,1,1,0.9008,9.92,Critical
1489,1,1,0.5945,40.55,Fair
1490,0,0,0.1199,88.01,Excellent
1491,1,1,0.6737,32.63,Poor
1492,1,1,0.8653,13.47,Critical
1493,0,0,0.0818,91.82,Excellent
1494,1,1,0.6971,30.29,Poor
1495,0,0,0.0402,95.98,Excellent
1496,0,0,0.2176,78.24,Good
1497,0,0,0.1256,87.44,Excellent
1498,0,0,0.2992,70.08,Good
1499,0,0,0.1141,88.59,Excellent
1500,1,1,0.9037,9.63,Critical
1501,1,1,0.9587,4.13,Critical
1502,1,1,0.711,28.9,Poor
1503,0,0,0.1456,85.44,Excellent
1504,1,1,0.9821,1.79,Critical
1505,1,1,0.9921,0.79,Critical
1506,0,0,0.1002,89.98,Excellent
1507,1,1,0.8896,11.04,Critical
1508,1,1,0.9282,7.18,Critical
1509,1,1,0.9542,4.58,Critical
1510,1,1,0.9487,5.13,Critical
1511,1,1,0.8802,11.98,Critical
1512,1,1,0.9285,7.15,Critical
1513,1,1,0.8953,10.47,Critical
1514,0,0,0.1211,87.89,Excellent
1515,0,0,0.0778,92.22,Excellent
1516,1,1,0.9122,8.78,Critical
1517,1,1,0.5927,40.73,Fair
1518,1,1,0.8215,17.85,Critical
1519,1,1,0.797,20.3,Poor
1520,1,1,0.7907,20.93,Poor
1521,0,0,0.1771,82.29,Excellent
1522,0,0,0.0698,93.02,Excellent
1523,1,1,0.8869,11.31,Critical
1524,0,0,0.439,56.1,Fair
1525,0,1,0.568,43.2,Fair
1526,0,0,0.0721,92.79,Excellent
1527,0,0,0.2115,78.85,Good
1528,0,0,0.08,92.0,Excellent
1529,1,1,0.9342,6.58,Critical
1530,0,0,0.0985,90.15,Excellent
1531,1,1,0.7983,20.17,Poor
1532,1,1,0.9523,4.77,Critical
1533,1,1,0.7923,20.77,Poor
1534,0,0,0.3044,69.56,Good
1535,1,1,0.9915,0.85,Critical
1536,0,0,0.0588,94.12,Excellent
1537,0,0,0.3035,69.65,Good
1538,0,0,0.063,93.7,Excellent
1539,0,0,0.1134,88.66,Excellent
1540,0,0,0.055,94.5,Excellent
1541,0,0,0.3156,68.44,Good
1542,0,0,0.179,82.1,Excellent
1543,0,1,0.5655,43.45,Fair
1544,1,1,0.7429,25.71,Poor
1545,0,0,0.2539,74.61,Good
1546,0,0,0.0743,92.57,Excellent
1547,1,1,0.7757,22.43,Poor
1548,0,0,0.2897,71.03,Good
1549,1,1,0.8606,13.94,Critical
1550,0,0,0.2312,76.88,Good
1551,0,0,0.0814,91.86,Excellent
1552,0,0,0.1271,87.29,Excellent
1553,0,0,0.1234,87.66,Excellent
1554,0,0,0.1621,83.79,Excellent
1555,1,1,0.9611,3.89,Critical
1556,1,1,0.891,10.9,Critical
1557,1,0,0.4187,58.13,Fair
1558,0,0,0.2774,72.26,Good
1559,0,0,0.2472,75.28,Good
1560,0,0,0.2211,77.89,Good
1561,0,0,0.184,81.6,Excellent
1562,1,1,0.9211,7.89,Critical
1563,0,0,0.151,84.9,Excellent
1564,0,0,0.1384,86.16,Excellent
1565,0,0,0.1355,86.45,Excellent
1566,0,0,0.043,95.7,Excellent
1567,0,0,0.1132,88.68,Excellent
1568,1,1,0.967,3.3,Critical
1569,1,1,0.8794,12.06,Critical
1570,0,0,0.0855,91.45,Excellent
1571,1,1,0.9292,7.08,Critical
1572,1,1,0.8378,16.22,Critical
1573,0,0,0.2655,73.45,Good
1574,1,1,0.8191,18.09,Critical
1575,0,0,0.1996,80.04,Excellent
1576,0,0,0.229,77.1,Good
1577,1,1,0.8899,11.01,Critical
1578,0,0,0.1106,88.94,Excellent
1579,0,0,0.1569,84.31,Excellent
1580,0,0,0.1647,83.53,Excellent
1581,0,0,0.4083,59.17,Fair
1582,1,1,0.7577,24.23,Poor
1583,0,0,0.2165,78.35,Good
1584,1,1,0.933,6.7,Critical
1585,1,1,0.866,13.4,Critical
1586,1,1,0.8994,10.06,Critical
1587,1,1,0.9037,9.63,Critical
1588,0,0,0.3096,69.04,Good
1589,0,0,0.1017,89.83,Excellent
1590,1,1,0.833,16.7,Critical
1591,0,0,0.3074,69.26,Good
1592,0,0,0.0478,95.22,Excellent
1593,1,1,0.9415,5.85,Critical
1594,0,0,0.1236,87.64,Excellent
1595,1,1,0.8132,18.68,Critical
1596,1,1,0.5331,46.69,Fair
1597,0,0,0.2453,75.47,Good
1598,1,1,0.9607,3.93,Critical
1599,0,0,0.1863,81.37,Excellent
1600,0,0,0.3723,62.77,Good
1601,1,1,0.9376,6.24,Critical
1602,0,0,0.1088,89.12,Excellent
1603,1,1,0.9815,1.85,Critical
1604,0,0,0.0901,90.99,Excellent
1605,1,1,0.8611,13.89,Critical
1606,0,0,0.1424,85.76,Excellent
1607,0,0,0.0784,92.16,Excellent
1608,1,1,0.8292,17.08,Critical
1609,0,0,0.2477,75.23,Good
1610,1,1,0.7973,20.27,Poor
1611,0,0,0.1258,87.42,Excellent
1612,1,1,0.929,7.1,Critical
1613,1,1,0.8875,11.25,Critical
1614,0,0,0.1504,84.96,Excellent
1615,1,1,0.7835,21.65,Poor
1616,1,1,0.8369,16.31,Critical
1617,1,1,0.8932,10.68,Critical
1618,1,1,0.6202,37.98,Poor
1619,0,0,0.1623,83.77,Excellent
1620,0,0,0.1112,88.88,Excellent
1621,0,0,0.0875,91.25,Excellent
1622,0,0,0.4663,53.37,Fair
1623,0,0,0.0576,94.24,Excellent
1624,0,0,0.095,90.5,Excellent
1625,1,1,0.6745,32.55,Poor
1626,0,0,0.1075,89.25,Excellent
1627,0,0,0.0928,90.72,Excellent
1628,0,0,0.2915,70.85,Good
1629,0,0,0.139,86.1,Excellent
1630,0,0,0.1309,86.91,Excellent
1631,0,0,0.2459,75.41,Good
1632,0,0,0.233,76.7,Good
1633,1,1,0.7455,25.45,Poor
1634,1,1,0.9212,7.88,Critical
1635,1,1,0.9519,4.81,Critical
1636,0,0,0.0777,92.23,Excellent
1637,1,1,0.9381,6.19,Critical
1638,1,1,0.8673,13.27,Critical
1639,0,0,0.1125,88.75,Excellent
1640,1,1,0.8527,14.73,Critical
1641,1,1,0.9927,0.73,Critical
1642,0,0,0.1129,88.71,Excellent
1643,0,0,0.2031,79.69,Good
1644,1,0,0.4923,50.77,Fair
1645,0,0,0.1526,84.74,Excellent
1646,0,0,0.066,93.4,Excellent
1647,1,1,0.9736,2.64,Critical
1648,1,1,0.8406,15.94,Critical
1649,1,1,0.8351,16.49,Critical
1650,1,1,0.8187,18.13,Critical
1651,0,0,0.1839,81.61,Excellent
1652,1,1,0.9313,6.87,Critical
1653,1,1,0.7705,22.95,Poor
1654,1,1,0.946,5.4,Critical
1655,0,0,0.0223,97.77,Excellent
1656,1,1,0.9144,8.56,Critical
1657,1,1,0.9062,9.38,Critical
1658,0,0,0.1769,82.31,Excellent
1659,0,0,0.1775,82.25,Excellent
1660,0,0,0.2129,78.71,Good
1661,0,0,0.3865,61.35,Good
1662,0,0,0.1731,82.69,Excellent
1663,1,1,0.9552,4.48,Critical
1664,0,0,0.3179,68.21,Good
1665,0,0,0.0424,95.76,Excellent
1666,0,0,0.2815,71.85,Good
1667,0,0,0.1336,86.64,Excellent
1668,0,0,0.0965,90.35,Excellent
1669,0,0,0.4784,52.16,Fair
1670,0,0,0.1299,87.01,Excellent
1671,0,0,0.0878,91.22,Excellent
1672,0,0,0.0797,92.03,Excellent
1673,1,1,0.8484,15.16,Critical
1674,1,1,0.9299,7.01,Critical
1675,1,1,0.7926,20.74,Poor
1676,0,0,0.1165,88.35,Excellent
1677,1,1,0.8242,17.58,Critical
1678,1,1,0.9791,2.09,Critical
1679,1,1,0.6242,37.58,Poor
1680,1,1,0.9482,5.18,Critical
1681,1,1,0.9077,9.23,Critical
1682,1,1,0.8434,15.66,Critical
1683,1,1,0.7565,24.35,Poor
1684,1,1,0.8086,19.14,Critical
1685,1,1,0.8044,19.56,Critical
1686,0,0,0.2485,75.15,Good
1687,0,0,0.0688,93.12,Excellent
1688,0,0,0.1725,82.75,Excellent
1689,0,0,0.0839,91.61,Excellent
1690,0,0,0.1452,85.48,Excellent
1691,1,1,0.7599,24.01,Poor
1692,0,0,0.1126,88.74,Excellent
1693,1,1,0.7881,21.19,Poor
1694,0,0,0.3414,65.86,Good
1695,1,1,0.9119,8.81,Critical
1696,0,0,0.0609,93.91,Excellent
1697,0,0,0.1796,82.04,Excellent
1698,1,1,0.8612,13.88,Critical
1699,0,0,0.0649,93.51,Excellent
1700,0,0,0.0917,90.83,Excellent
1701,0,0,0.3513,64.87,Good
1702,0,0,0.0788,92.12,Excellent
1703,1,1,0.9837,1.63,Critical
1704,0,0,0.1667,83.33,Excellent
1705,1,1,0.7654,23.46,Poor
1706,1,1,0.7614,23.86,Poor
1707,0,0,0.2385,76.15,Good
1708,1,1,0.7572,24.28,Poor
1709,1,1,0.7192,28.08,Poor
1710,1,1,0.9375,6.25,Critical
1711,0,0,0.165,83.5,Excellent
1712,0,0,0.0824,91.76,Excellent
1713,0,0,0.1165,88.35,Excellent
1714,0,0,0.1222,87.78,Excellent
1715,1,1,0.8165,18.35,Critical
1716,1,1,0.9345,6.55,Critical
1717,1,1,0.8466,15.34,Critical
1718,1,1,0.7684,23.16,Poor
1719,0,0,0.2858,71.42,Good
1720,0,0,0.3044,69.56,Good
1721,1,1,0.8073,19.27,Critical
1722,1,1,0.9683,3.17,Critical
1723,1,1,0.8367,16.33,Critical
1724,0,0,0.1395,86.05,Excellent
1725,0,0,0.1347,86.53,Excellent
1726,1,1,0.8003,19.97,Critical
1727,0,0,0.2255,77.45,Good
1728,1,1,0.9056,9.44,Critical
1729,0,0,0.0902,90.98,Excellent
1730,1,1,0.9351,6.49,Critical
1731,0,0,0.2316,76.84,Good
1732,0,0,0.1486,85.14,Excellent
1733,0,0,0.3053,69.47,Good
1734,1,1,0.8355,16.45,Critical
1735,1,1,0.648,35.2,Poor
1736,1,1,0.8277,17.23,Critical
1737,1,1,0.8102,18.98,Critical
1738,1,1,0.9739,2.61,Critical
1739,1,1,0.9713,2.87,Critical
1740,1,1,0.9324,6.76,Critical
1741,1,1,0.8706,12.94,Critical
1742,0,0,0.1555,84.45,Excellent
1743,0,0,0.2003,79.97,Good
1744,1,1,0.7883,21.17,Poor
1745,0,0,0.0836,91.64,Excellent
1746,0,0,0.1849,81.51,Excellent
1747,0,0,0.0829,91.71,Excellent
1748,0,0,0.1628,83.72,Excellent
1749,1,1,0.9161,8.39,Critical
1750,1,1,0.8539,14.61,Critical
1751,1,1,0.9571,4.29,Critical
1752,0,0,0.162,83.8,Excellent
1753,1,1,0.9674,3.26,Critical
1754,0,0,0.0406,95.94,Excellent
1755,0,0,0.2863,71.37,Good
1756,0,0,0.0813,91.87,Excellent
1757,0,0,0.1013,89.87,Excellent
1758,0,0,0.195,80.5,Excellent
1759,0,0,0.039,96.1,Excellent
1760,0,0,0.1154,88.46,Excellent
1761,1,1,0.9298,7.02,Critical
1762,1,1,0.865,13.5,Critical
1763,1,1,0.9299,7.01,Critical
1764,1,1,0.9437,5.63,Critical
1765,1,1,0.82,18.0,Critical
1766,0,0,0.2535,74.65,Good
1767,0,0,0.0868,91.32,Excellent
1768,1,1,0.7484,25.16,Poor
1769,1,1,0.8059,19.41,Critical
1770,0,0,0.0944,90.56,Excellent
1771,0,0,0.1926,80.74,Excellent
1772,1,1,0.9099,9.01,Critical
1773,0,0,0.1957,80.43,Excellent
1774,0,0,0.1066,89.34,Excellent
1775,0,0,0.3089,69.11,Good
1776,1,1,0.8764,12.36,Critical
1777,0,0,0.1864,81.36,Excellent
1778,1,1,0.9299,7.01,Critical
1779,1,0,0.4308,56.92,Fair
1780,1,1,0.8696,13.04,Critical
1781,1,1,0.8949,10.51,Critical
1782,1,1,0.6837,31.63,Poor
1783,0,0,0.0482,95.18,Excellent
1784,0,0,0.1333,86.67,Excellent
1785,1,1,0.9806,1.94,Critical
1786,0,0,0.2824,71.76,Good
1787,0,0,0.1359,86.41,Excellent
1788,0,0,0.043,95.7,Excellent
1789,1,1,0.9535,4.65,Critical
1790,1,1,0.9167,8.33,Critical
1791,1,1,0.8856,11.44,Critical
1792,1,1,0.7123,28.77,Poor
1793,0,0,0.0625,93.75,Excellent
1794,1,1,0.8964,10.36,Critical
1795,0,0,0.1593,84.07,Excellent
1796,1,1,0.5841,41.59,Fair
1797,1,1,0.8845,11.55,Critical
1798,0,0,0.1623,83.77,Excellent
1799,0,0,0.0622,93.78,Excellent
1800,0,0,0.0708,92.92,Excellent
1801,1,1,0.9016,9.84,Critical
1802,1,1,0.9569,4.31,Critical
1803,1,1,0.9246,7.54,Critical
1804,1,1,0.911,8.9,Critical
1805,1,1,0.946,5.4,Critical
1806,0,0,0.1927,80.73,Excellent
1807,0,0,0.1261,87.39,Excellent
1808,1,1,0.8832,11.68,Critical
1809,0,0,0.2726,72.74,Good
1810,0,0,0.0622,93.78,Excellent
1811,0,0,0.2266,77.34,Good
1812,0,0,0.0875,91.25,Excellent
1813,0,0,0.1406,85.94,Excellent
1814,1,1,0.9652,3.48,Critical
1815,1,1,0.8492,15.08,Critical
1816,0,0,0.1115,88.85,Excellent
1817,1,1,0.899,10.1,Critical
1818,1,1,0.9708,2.92,Critical
1819,1,1,0.8341,16.59,Critical
1820,0,0,0.2066,79.34,Good
1821,0,0,0.1839,81.61,Excellent
1822,1,1,0.7236,27.64,Poor
1823,0,0,0.3146,68.54,Good
1824,0,0,0.1675,83.25,Excellent
1825,0,0,0.1507,84.93,Excellent
1826,0,0,0.0212,97.88,Excellent
1827,0,0,0.2207,77.93,Good
1828,0,0,0.1103,88.97,Excellent
1829,1,1,0.7871,21.29,Poor
1830,1,1,0.5705,42.95,Fair
1831,0,0,0.0692,93.08,Excellent
1832,1,1,0.9418,5.82,Critical
1833,0,0,0.2396,76.04,Good
1834,1,1,0.6665,33.35,Poor
1835,0,0,0.2617,73.83,Good
1836,1,1,0.877,12.3,Critical
1837,1,1,0.5839,41.61,Fair
1838,1,1,0.8861,11.39,Critical
1839,1,1,0.8361,16.39,Critical
1840,1,1,0.6471,35.29,Poor
1841,1,1,0.8866,11.34,Critical
1842,0,0,0.2823,71.77,Good
1843,0,0,0.1334,86.66,Excellent
1844,0,0,0.2727,72.73,Good
1845,0,0,0.1237,87.63,Excellent
1846,1,1,0.8173,18.27,Critical
1847,0,0,0.1052,89.48,Excellent
1848,0,0,0.1049,89.51,Excellent
1849,1,1,0.9039,9.61,Critical
1850,0,0,0.1769,82.31,Excellent
1851,0,0,0.061,93.9,Excellent
1852,1,1,0.778,22.2,Poor
1853,1,1,0.784,21.6,Poor
1854,0,0,0.1341,86.59,Excellent
1855,0,0,0.1836,81.64,Excellent
1856,0,0,0.1218,87.82,Excellent
1857,1,1,0.9444,5.56,Critical
1858,0,0,0.085,91.5,Excellent
1859,0,0,0.1025,89.75,Excellent
1860,0,0,0.0813,91.87,Excellent
1861,1,1,0.741,25.9,Poor
1862,0,0,0.1297,87.03,Excellent
1863,0,0,0.126,87.4,Excellent
1864,1,1,0.6626,33.74,Poor
1865,1,1,0.8033,19.67,Critical
1866,1,1,0.7075,29.25,Poor
1867,0,0,0.199,80.1,Excellent
1868,1,1,0.8076,19.24,Critical
1869,1,1,0.8942,10.58,Critical
1870,0,0,0.3719,62.81,Good
1871,0,0,0.1036,89.64,Excellent
1872,0,0,0.2862,71.38,Good
1873,1,1,0.7006,29.94,Poor
1874,1,1,0.9136,8.64,Critical
1875,1,1,0.9511,4.89,Critical
1876,1,1,0.9159,8.41,Critical
1877,0,0,0.1257,87.43,Excellent
1878,1,1,0.6443,35.57,Poor
1879,0,0,0.0661,93.39,Excellent
1880,0,0,0.1846,81.54,Excellent
1881,0,0,0.2358,76.42,Good
1882,0,0,0.2733,72.67,Good
1883,0,0,0.0973,90.27,Excellent
1884,0,0,0.092,90.8,Excellent
1885,0,0,0.1912,80.88,Excellent
1886,0,0,0.2975,70.25,Good
1887,1,1,0.8857,11.43,Critical
1888,1,1,0.8886,11.14,Critical
1889,1,1,0.8807,11.93,Critical
1890,1,1,0.8913,10.87,Critical
1891,1,1,0.7851,21.49,Poor
1892,0,0,0.1911,80.89,Excellent
1893,0,0,0.0739,92.61,Excellent
1894,0,0,0.2696,73.04,Good
1895,1,1,0.8663,13.37,Critical
1896,1,1,0.9463,5.37,Critical
1897,0,0,0.0821,91.79,Excellent
1898,1,1,0.9929,0.71,Critical
1899,1,1,0.6568,34.32,Poor
1900,0,0,0.1823,81.77,Excellent
1901,1,1,0.9671,3.29,Critical
1902,0,0,0.2508,74.92,Good
1903,1,1,0.9117,8.83,Critical
1904,0,1,0.6485,35.15,Poor
1905,0,0,0.1504,84.96,Excellent
1906,1,1,0.9216,7.84,Critical
1907,1,1,0.889,11.1,Critical
1908,0,0,0.125,87.5,Excellent
1909,0,0,0.3153,68.47,Good
1910,1,1,0.9449,5.51,Critical
1911,1,1,0.9487,5.13,Critical
1912,1,1,0.9802,1.98,Critical
1913,0,0,0.1663,83.37,Excellent
1914,1,1,0.9382,6.18,Critical
1915,1,1,0.5613,43.87,Fair
1916,0,0,0.105,89.5,Excellent
1917,0,0,0.0625,93.75,Excellent
1918,0,0,0.1441,85.59,Excellent
1919,0,0,0.0628,93.72,Excellent
1920,0,0,0.1615,83.85,Excellent
1921,1,1,0.8089,19.11,Critical
1922,0,0,0.2499,75.01,Good
1923,0,0,0.3863,61.37,Good
1924,0,0,0.4801,51.99,Fair
1925,1,1,0.9166,8.34,Critical
1926,0,0,0.3048,69.52,Good
1927,1,1,0.7255,27.45,Poor
1928,1,1,0.8604,13.96,Critical
1929,1,1,0.7428,25.72,Poor
1930,1,1,0.5442,45.58,Fair
1931,0,1,0.602,39.8,Poor
1932,0,0,0.4373,56.27,Fair
1933,1,1,0.875,12.5,Critical
1934,1,1,0.8241,17.59,Critical
1935,1,1,0.8783,12.17,Critical
1936,0,0,0.1107,88.93,Excellent
1937,0,0,0.0315,96.85,Excellent
1938,0,0,0.1762,82.38,Excellent
1939,1,1,0.8889,11.11,Critical
1940,0,0,0.1135,88.65,Excellent
1941,1,1,0.9218,7.82,Critical
1942,0,0,0.155,84.5,Excellent
1943,1,1,0.7787,22.13,Poor
1944,1,1,0.7652,23.48,Poor
1945,0,1,0.5709,42.91,Fair
1946,0,0,0.1485,85.15,Excellent
1947,1,1,0.924,7.6,Critical
1948,0,0,0.074,92.6,Excellent
1949,1,1,0.8274,17.26,Critical
1950,0,0,0.1061,89.39,Excellent
1951,0,0,0.1924,80.76,Excellent
1952,0,0,0.1883,81.17,Excellent
1953,1,1,0.8744,12.56,Critical
1954,0,0,0.1346,86.54,Excellent
1955,0,0,0.1661,83.39,Excellent
1956,0,0,0.1856,81.44,Excellent
1957,0,0,0.0632,93.68,Excellent
1958,1,1,0.9404,5.96,Critical
1959,0,0,0.1895,81.05,Excellent
1960,0,0,0.1628,83.72,Excellent
1961,0,0,0.0925,90.75,Excellent
1962,1,1,0.9554,4.46,Critical
1963,1,1,0.9042,9.58,Critical
1964,1,1,0.9663,3.37,Critical
1965,1,1,0.9446,5.54,Critical
1966,1,1,0.7596,24.04,Poor
1967,0,0,0.3101,68.99,Good
1968,1,1,0.89,11.0,Critical
1969,1,1,0.6314,36.86,Poor
1970,1,1,0.9624,3.76,Critical
1971,1,1,0.904,9.6,Critical
1972,0,0,0.0963,90.37,Excellent
1973,0,0,0.1564,84.36,Excellent
1974,0,0,0.1142,88.58,Excellent
1975,1,1,0.897,10.3,Critical
1976,0,0,0.1841,81.59,Excellent
1977,0,0,0.4771,52.29,Fair
1978,1,1,0.7136,28.64,Poor
1979,1,1,0.9017,9.83,Critical
1980,1,1,0.7702,22.98,Poor
1981,0,0,0.1401,85.99,Excellent
1982,1,1,0.5205,47.95,Fair
1983,1,0,0.4602,53.98,Fair
1984,1,1,0.9472,5.28,Critical
1985,1,1,0.9415,5.85,Critical
1986,0,0,0.0601,93.99,Excellent
1987,0,0,0.2233,77.67,Good
1988,1,1,0.8641,13.59,Critical
1989,1,1,0.9734,2.66,Critical
1990,1,1,0.7238,27.62,Poor
1991,0,0,0.0933,90.67,Excellent
1992,1,1,0.9756,2.44,Critical
1993,0,0,0.0653,93.47,Excellent
1994,1,1,0.6143,38.57,Poor
1995,1,1,0.9334,6.66,Critical
1996,0,0,0.0772,92.28,Excellent
1997,1,1,0.9211,7.89,Critical
1998,1,1,0.9039,9.61,Critical
1999,1,1,0.955,4.5,Critical
2000,1,1,0.7643,23.57,Poor
2001,0,0,0.067,93.3,Excellent
2002,1,1,0.9713,2.87,Critical
2003,1,1,0.8917,10.83,Critical
2004,0,0,0.1827,81.73,Excellent
2005,0,0,0.1502,84.98,Excellent
2006,1,1,0.8435,15.65,Critical
2007,1,1,0.6254,37.46,Poor
2008,0,0,0.0461,95.39,Excellent
2009,0,0,0.1429,85.71,Excellent
2010,0,0,0.1193,88.07,Excellent
2011,1,1,0.951,4.9,Critical
2012,0,0,0.1039,89.61,Excellent
2013,0,0,0.1081,89.19,Excellent
2014,1,1,0.7101,28.99,Poor
2015,0,0,0.1528,84.72,Excellent
2016,1,1,0.7879,21.21,Poor
2017,0,0,0.1471,85.29,Excellent
2018,0,0,0.1003,89.97,Excellent
2019,1,1,0.9686,3.14,Critical
2020,1,1,0.9285,7.15,Critical
2021,0,0,0.166,83.4,Excellent
2022,1,1,0.6877,31.23,Poor
2023,1,1,0.9579,4.21,Critical
2024,0,0,0.1535,84.65,Excellent
2025,0,0,0.1294,87.06,Excellent
2026,1,1,0.9068,9.32,Critical
2027,0,0,0.4369,56.31,Fair
2028,0,0,0.0994,90.06,Excellent
2029,0,0,0.079,92.1,Excellent
2030,1,1,0.9491,5.09,Critical
2031,1,1,0.8492,15.08,Critical
2032,1,1,0.9056,9.44,Critical
2033,1,1,0.9644,3.56,Critical
2034,1,1,0.5912,40.88,Fair
2035,1,0,0.3585,64.15,Good
2036,1,1,0.8472,15.28,Critical
2037,1,1,0.8604,13.96,Critical
2038,0,0,0.3063,69.37,Good
2039,1,1,0.8788,12.12,Critical
2040,1,1,0.8897,11.03,Critical
2041,0,0,0.1328,86.72,Excellent
2042,1,1,0.9528,4.72,Critical
2043,0,0,0.0964,90.36,Excellent
2044,1,1,0.7988,20.12,Poor
2045,1,1,0.9356,6.44,Critical
2046,0,0,0.1276,87.24,Excellent
2047,0,0,0.2126,78.74,Good
2048,1,1,0.8849,11.51,Critical
2049,1,1,0.838,16.2,Critical
2050,0,0,0.169,83.1,Excellent
2051,0,0,0.023,97.7,Excellent
2052,0,0,0.1265,87.35,Excellent
2053,0,0,0.4902,50.98,Fair
2054,0,0,0.3494,65.06,Good
2055,1,1,0.8924,10.76,Critical
2056,1,1,0.7036,29.64,Poor
2057,1,1,0.8537,14.63,Critical
2058,1,1,0.9898,1.02,Critical
2059,1,1,0.9602,3.98,Critical
2060,0,0,0.2004,79.96,Good
2061,1,1,0.8013,19.87,Critical
2062,1,1,0.7697,23.03,Poor
2063,0,0,0.1376,86.24,Excellent
2064,0,0,0.2268,77.32,Good
2065,0,0,0.3035,69.65,Good
2066,0,0,0.4701,52.99,Fair
2067,1,1,0.7346,26.54,Poor
2068,0,0,0.0563,94.37,Excellent
2069,1,1,0.9034,9.66,Critical
2070,1,1,0.8983,10.17,Critical
2071,1,1,0.8964,10.36,Critical
2072,1,1,0.8356,16.44,Critical
2073,0,0,0.1404,85.96,Excellent
2074,1,1,0.9802,1.98,Critical
2075,0,0,0.1331,86.69,Excellent
2076,0,0,0.1172,88.28,Excellent
2077,1,1,0.9744,2.56,Critical
2078,0,0,0.0709,92.91,Excellent
2079,0,1,0.6584,34.16,Poor
2080,1,1,0.5998,40.02,Fair
2081,1,1,0.683,31.7,Poor
2082,0,0,0.1905,80.95,Excellent
2083,0,0,0.1212,87.88,Excellent
2084,0,0,0.1471,85.29,Excellent
2085,1,1,0.86,14.0,Critical
2086,1,1,0.8897,11.03,Critical
2087,0,0,0.3526,64.74,Good
2088,0,0,0.0872,91.28,Excellent
2089,1,1,0.8491,15.09,Critical
2090,1,1,0.9281,7.19,Critical
2091,1,1,0.9233,7.67,Critical
2092,0,0,0.1326,86.74,Excellent
2093,1,1,0.656,34.4,Poor
2094,0,0,0.146,85.4,Excellent
2095,1,1,0.8645,13.55,Critical
2096,1,1,0.8724,12.76,Critical
2097,0,0,0.0659,93.41,Excellent
2098,1,1,0.8752,12.48,Critical
2099,1,1,0.7152,28.48,Poor
2100,0,0,0.1339,86.61,Excellent
2101,0,0,0.0577,94.23,Excellent
2102,1,1,0.9656,3.44,Critical
2103,1,1,0.6775,32.25,Poor
2104,0,0,0.1412,85.88,Excellent
2105,1,1,0.8276,17.24,Critical
2106,1,1,0.9154,8.46,Critical
2107,1,1,0.8754,12.46,Critical
2108,1,1,0.948,5.2,Critical
2109,0,0,0.1588,84.12,Excellent
2110,0,0,0.1879,81.21,Excellent
2111,1,1,0.6661,33.39,Poor
2112,1,1,0.7315,26.85,Poor
2113,1,1,0.7895,21.05,Poor
2114,1,1,0.9184,8.16,Critical
2115,0,0,0.1398,86.02,Excellent
2116,1,1,0.7394,26.06,Poor
2117,0,0,0.0835,91.65,Excellent
2118,1,1,0.8946,10.54,Critical
2119,0,0,0.0561,94.39,Excellent
2120,0,0,0.3995,60.05,Good
2121,1,1,0.6908,30.92,Poor
2122,0,0,0.1021,89.79,Excellent
2123,1,1,0.9634,3.66,Critical
2124,0,0,0.1275,87.25,Excellent
2125,0,0,0.1657,83.43,Excellent
2126,0,0,0.0987,90.13,Excellent
2127,0,0,0.0542,94.58,Excellent
2128,0,0,0.199,80.1,Excellent
2129,1,1,0.85,15.0,Critical
2130,1,1,0.7098,29.02,Poor
2131,0,0,0.0523,94.77,Excellent
2132,0,0,0.1998,80.02,Excellent
2133,1,1,0.894,10.6,Critical
2134,0,0,0.0973,90.27,Excellent
2135,0,0,0.11,89.0,Excellent
2136,1,1,0.7587,24.13,Poor
2137,1,1,0.7929,20.71,Poor
2138,0,0,0.1212,87.88,Excellent
2139,1,1,0.9471,5.29,Critical
2140,1,1,0.987,1.3,Critical
2141,0,0,0.1153,88.47,Excellent
2142,1,1,0.8624,13.76,Critical
2143,1,1,0.8911,10.89,Critical
2144,0,0,0.1909,80.91,Excellent
2145,1,1,0.8921,10.79,Critical
2146,1,1,0.9233,7.67,Critical
2147,0,0,0.3095,69.05,Good
2148,1,1,0.5263,47.37,Fair
2149,0,0,0.0169,98.31,Excellent
2150,0,0,0.0902,90.98,Excellent
2151,1,1,0.9542,4.58,Critical
2152,0,0,0.0467,95.33,Excellent
2153,1,1,0.7536,24.64,Poor
2154,1,1,0.7523,24.77,Poor
2155,0,0,0.4171,58.29,Fair
2156,1,1,0.8334,16.66,Critical
2157,0,0,0.1782,82.18,Excellent
2158,1,1,0.954,4.6,Critical
2159,0,0,0.1523,84.77,Excellent
2160,0,0,0.4042,59.58,Fair
2161,0,0,0.1391,86.09,Excellent
2162,1,1,0.8049,19.51,Critical
2163,1,1,0.6114,38.86,Poor
2164,0,0,0.1351,86.49,Excellent
2165,1,1,0.8509,14.91,Critical
2166,0,0,0.1064,89.36,Excellent
2167,1,1,0.6147,38.53,Poor
2168,0,0,0.0863,91.37,Excellent
2169,1,1,0.7955,20.45,Poor
2170,0,0,0.1971,80.29,Excellent
2171,0,0,0.0603,93.97,Excellent
2172,1,1,0.8705,12.95,Critical
2173,1,1,0.9087,9.13,Critical
2174,0,0,0.087,91.3,Excellent
2175,0,0,0.134,86.6,Excellent
2176,1,1,0.9161,8.39,Critical
2177,1,1,0.8204,17.96,Critical
2178,0,0,0.1076,89.24,Excellent
2179,1,1,0.9778,2.22,Critical
2180,1,1,0.7887,21.13,Poor
2181,1,1,0.7878,21.22,Poor
2182,0,0,0.0631,93.69,Excellent
2183,1,1,0.9582,4.18,Critical
2184,1,1,0.8337,16.63,Critical
2185,0,0,0.301,69.9,Good
2186,1,1,0.9791,2.09,Critical
2187,1,1,0.7758,22.42,Poor
2188,0,0,0.0389,96.11,Excellent
2189,1,1,0.7891,21.09,Poor
2190,1,1,0.8304,16.96,Critical
2191,0,0,0.1214,87.86,Excellent
2192,0,0,0.1383,86.17,Excellent
2193,0,0,0.2377,76.23,Good
2194,0,0,0.0388,96.12,Excellent
2195,0,0,0.1932,80.68,Excellent
2196,1,1,0.9217,7.83,Critical
2197,1,0,0.3694,63.06,Good
2198,0,0,0.1109,88.91,Excellent
2199,1,1,0.8866,11.34,Critical
2200,0,0,0.1411,85.89,Excellent
2201,0,0,0.1506,84.94,Excellent
2202,1,1,0.8041,19.59,Critical
2203,0,0,0.0806,91.94,Excellent
2204,1,1,0.7905,20.95,Poor
2205,1,1,0.7412,25.88,Poor
2206,1,1,0.8525,14.75,Critical
2207,1,1,0.8688,13.12,Critical
2208,1,1,0.6866,31.34,Poor
2209,0,0,0.1173,88.27,Excellent
2210,0,0,0.3222,67.78,Good
2211,0,0,0.0486,95.14,Excellent
2212,1,1,0.7657,23.43,Poor
2213,1,1,0.9705,2.95,Critical
2214,0,0,0.1148,88.52,Excellent
2215,1,1,0.7818,21.82,Poor
2216,0,0,0.0907,90.93,Excellent
2217,0,0,0.2659,73.41,Good
2218,0,0,0.1758,82.42,Excellent
2219,1,0,0.4139,58.61,Fair
2220,0,1,0.5864,41.36,Fair
2221,0,0,0.4211,57.89,Fair
2222,0,0,0.1449,85.51,Excellent
2223,1,1,0.9829,1.71,Critical
2224,1,1,0.8637,13.63,Critical
2225,1,1,0.5788,42.12,Fair
2226,0,0,0.0596,94.04,Excellent
2227,1,1,0.9641,3.59,Critical
2228,1,0,0.4336,56.64,Fair
2229,0,0,0.0933,90.67,Excellent
2230,0,0,0.0988,90.12,Excellent
2231,1,1,0.7331,26.69,Poor
2232,0,0,0.1192,88.08,Excellent
2233,0,0,0.0929,90.71,Excellent
2234,1,1,0.907,9.3,Critical
2235,0,0,0.091,90.9,Excellent
2236,1,1,0.7224,27.76,Poor
2237,1,1,0.9615,3.85,Critical
2238,0,0,0.2557,74.43,Good
2239,1,1,0.9493,5.07,Critical
2240,1,1,0.8869,11.31,Critical
2241,0,0,0.1965,80.35,Excellent
2242,1,1,0.9623,3.77,Critical
2243,1,1,0.9426,5.74,Critical
2244,1,1,0.9031,9.69,Critical
2245,0,0,0.1283,87.17,Excellent
2246,1,1,0.9472,5.28,Critical
2247,1,1,0.8524,14.76,Critical
2248,0,0,0.0637,93.63,Excellent
2249,0,0,0.1621,83.79,Excellent
2250,1,0,0.3791,62.09,Good
2251,0,0,0.1484,85.16,Excellent
2252,1,1,0.9542,4.58,Critical
2253,1,1,0.9936,0.64,Critical
2254,1,1,0.8553,14.47,Critical
2255,1,1,0.924,7.6,Critical
2256,1,1,0.6348,36.52,Poor
2257,0,1,0.6128,38.72,Poor
2258,1,1,0.7998,20.02,Poor
2259,0,0,0.1433,85.67,Excellent
2260,0,0,0.1829,81.71,Excellent
2261,1,1,0.7791,22.09,Poor
2262,0,0,0.3643,63.57,Good
2263,1,1,0.8629,13.71,Critical
2264,1,1,0.8216,17.84,Critical
2265,0,0,0.1652,83.48,Excellent
2266,0,0,0.3239,67.61,Good
2267,0,0,0.2344,76.56,Good
2268,0,0,0.2367,76.33,Good
2269,1,1,0.8982,10.18,Critical
2270,0,0,0.1578,84.22,Excellent
2271,1,1,0.7566,24.34,Poor
2272,1,1,0.708,29.2,Poor
2273,1,1,0.841,15.9,Critical
2274,1,1,0.9666,3.34,Critical
2275,0,0,0.0805,91.95,Excellent
2276,1,1,0.9091,9.09,Critical
2277,1,1,0.9492,5.08,Critical
2278,1,1,0.9187,8.13,Critical
2279,1,1,0.8609,13.91,Critical
2280,0,0,0.0895,91.05,Excellent
2281,1,1,0.8148,18.52,Critical
2282,1,1,0.8268,17.32,Critical
2283,1,1,0.9507,4.93,Critical
2284,0,0,0.3533,64.67,Good
2285,0,0,0.1426,85.74,Excellent
2286,0,0,0.2015,79.85,Good
2287,1,1,0.7753,22.47,Poor
2288,1,0,0.3523,64.77,Good
2289,0,0,0.1139,88.61,Excellent
2290,1,1,0.8714,12.86,Critical
2291,0,0,0.1709,82.91,Excellent
2292,0,0,0.0825,91.75,Excellent
2293,0,0,0.1109,88.91,Excellent
2294,0,0,0.0826,91.74,Excellent
2295,0,0,0.1544,84.56,Excellent
2296,0,0,0.1623,83.77,Excellent
2297,1,1,0.9331,6.69,Critical
2298,0,0,0.4017,59.83,Fair
2299,0,0,0.1039,89.61,Excellent
2300,0,0,0.0817,91.83,Excellent
2301,1,1,0.7929,20.71,Poor
2302,0,0,0.1498,85.02,Excellent
2303,1,1,0.8158,18.42,Critical
2304,1,1,0.9209,7.91,Critical
2305,1,1,0.7709,22.91,Poor
2306,1,1,0.895,10.5,Critical
2307,1,1,0.9271,7.29,Critical
2308,0,0,0.1437,85.63,Excellent
2309,0,0,0.1527,84.73,Excellent
2310,0,0,0.1043,89.57,Excellent
2311,0,0,0.1766,82.34,Excellent
2312,1,1,0.8638,13.62,Critical
2313,1,1,0.7821,21.79,Poor
2314,1,1,0.9524,4.76,Critical
2315,0,0,0.1519,84.81,Excellent
2316,0,0,0.1109,88.91,Excellent
2317,1,1,0.9826,1.74,Critical
2318,1,1,0.9072,9.28,Critical
2319,1,1,0.9204,7.96,Critical
2320,1,1,0.9448,5.52,Critical
2321,0,0,0.1986,80.14,Excellent
2322,1,1,0.8744,12.56,Critical
2323,0,0,0.3661,63.39,Good
2324,1,1,0.6977,30.23,Poor
2325,1,1,0.8261,17.39,Critical
2326,1,1,0.6972,30.28,Poor
2327,1,1,0.9443,5.57,Critical
2328,0,0,0.0944,90.56,Excellent
2329,1,1,0.9522,4.78,Critical
2330,1,1,0.6006,39.94,Poor
2331,1,1,0.811,18.9,Critical
2332,0,0,0.143,85.7,Excellent
2333,0,0,0.0596,94.04,Excellent
2334,1,1,0.682,31.8,Poor
2335,0,0,0.1281,87.19,Excellent
2336,1,1,0.9101,8.99,Critical
2337,1,1,0.9275,7.25,Critical
2338,0,0,0.3102,68.98,Good
2339,1,1,0.9551,4.49,Critical
2340,1,1,0.9439,5.61,Critical
2341,0,0,0.3486,65.14,Good
2342,0,0,0.1873,81.27,Excellent
2343,1,1,0.7434,25.66,Poor
2344,1,1,0.8717,12.83,Critical
2345,1,1,0.9086,9.14,Critical
2346,1,1,0.7877,21.23,Poor
2347,0,0,0.1611,83.89,Excellent
2348,0,0,0.114,88.6,Excellent
2349,0,0,0.0811,91.89,Excellent
2350,0,0,0.1603,83.97,Excellent
2351,0,0,0.2315,76.85,Good
2352,1,1,0.9448,5.52,Critical
2353,0,0,0.0739,92.61,Excellent
2354,1,1,0.9426,5.74,Critical
2355,0,0,0.0764,92.36,Excellent
2356,1,1,0.8399,16.01,Critical
2357,1,1,0.8702,12.98,Critical
2358,0,0,0.1157,88.43,Excellent
2359,1,1,0.8096,19.04,Critical
2360,1,1,0.674,32.6,Poor
2361,0,0,0.057,94.3,Excellent
2362,0,0,0.4638,53.62,Fair
2363,1,1,0.7971,20.29,Poor
2364,1,1,0.8733,12.67,Critical
2365,1,1,0.5435,45.65,Fair
2366,1,1,0.859,14.1,Critical
2367,1,1,0.9413,5.87,Critical
2368,1,1,0.9106,8.94,Critical
2369,0,0,0.4817,51.83,Fair
2370,0,1,0.5489,45.11,Fair
2371,1,1,0.745,25.5,Poor
2372,1,1,0.8986,10.14,Critical
2373,1,1,0.5424,45.76,Fair
2374,1,1,0.8822,11.78,Critical
2375,0,0,0.0757,92.43,Excellent
2376,0,0,0.0922,90.78,Excellent
2377,1,1,0.8732,12.68,Critical
2378,0,1,0.5132,48.68,Fair
2379,0,0,0.1163,88.37,Excellent
2380,1,1,0.8085,19.15,Critical
2381,0,0,0.1786,82.14,Excellent
2382,0,1,0.5319,46.81,Fair
2383,1,1,0.9375,6.25,Critical
2384,0,0,0.1302,86.98,Excellent
2385,1,1,0.6414,35.86,Poor
2386,0,0,0.1919,80.81,Excellent
2387,1,1,0.9926,0.74,Critical
2388,0,0,0.0688,93.12,Excellent
2389,1,1,0.5327,46.73,Fair
2390,1,1,0.5221,47.79,Fair
2391,1,1,0.8685,13.15,Critical
2392,1,1,0.833,16.7,Critical
2393,1,1,0.686,31.4,Poor
2394,0,0,0.0618,93.82,Excellent
2395,1,1,0.9284,7.16,Critical
2396,0,0,0.3779,62.21,Good
2397,0,0,0.3782,62.18,Good
2398,1,1,0.9234,7.66,Critical
2399,1,1,0.8214,17.86,Critical
2400,1,1,0.5889,41.11,Fair
2401,1,1,0.6028,39.72,Poor
2402,1,1,0.841,15.9,Critical
2403,0,0,0.1205,87.95,Excellent
2404,0,0,0.1717,82.83,Excellent
2405,0,0,0.1213,87.87,Excellent
2406,1,1,0.7977,20.23,Poor
2407,1,1,0.9403,5.97,Critical
2408,1,1,0.933,6.7,Critical
2409,0,0,0.1148,88.52,Excellent
2410,0,0,0.1694,83.06,Excellent
2411,1,1,0.8054,19.46,Critical
2412,1,1,0.969,3.1,Critical
2413,1,1,0.9088,9.12,Critical
2414,1,1,0.9349,6.51,Critical
2415,0,0,0.0763,92.37,Excellent
2416,1,1,0.8133,18.67,Critical
2417,1,1,0.7449,25.51,Poor
2418,1,1,0.9624,3.76,Critical
2419,0,0,0.1418,85.82,Excellent
2420,1,1,0.8917,10.83,Critical
2421,1,1,0.9024,9.76,Critical
2422,1,1,0.6208,37.92,Poor
2423,0,0,0.1705,82.95,Excellent
2424,1,1,0.9094,9.06,Critical
2425,1,1,0.8594,14.06,Critical
2426,1,1,0.5345,46.55,Fair
2427,0,0,0.1245,87.55,Excellent
2428,0,0,0.0471,95.29,Excellent
2429,0,0,0.0637,93.63,Excellent
2430,0,0,0.1262,87.38,Excellent
2431,1,1,0.91,9.0,Critical
2432,0,0,0.1099,89.01,Excellent
2433,1,1,0.8171,18.29,Critical
2434,0,0,0.1978,80.22,Excellent
2435,1,1,0.9677,3.23,Critical
2436,0,0,0.1107,88.93,Excellent
2437,1,1,0.918,8.2,Critical
2438,1,1,0.9686,3.14,Critical
2439,0,0,0.1624,83.76,Excellent
2440,1,1,0.8936,10.64,Critical
2441,1,1,0.8583,14.17,Critical
2442,0,0,0.2113,78.87,Good
2443,1,1,0.9103,8.97,Critical
2444,1,1,0.9916,0.84,Critical
2445,0,0,0.212,78.8,Good
2446,0,0,0.0819,91.81,Excellent
2447,0,0,0.0829,91.71,Excellent
2448,0,0,0.2414,75.86,Good
2449,1,1,0.828,17.2,Critical
2450,0,0,0.0648,93.52,Excellent
2451,1,1,0.911,8.9,Critical
2452,1,1,0.9823,1.77,Critical
2453,0,0,0.1488,85.12,Excellent
2454,0,1,0.517,48.3,Fair
2455,1,1,0.8939,10.61,Critical
2456,0,0,0.1168,88.32,Excellent
2457,0,0,0.0853,91.47,Excellent
2458,0,0,0.2345,76.55,Good
2459,1,1,0.8444,15.56,Critical
2460,0,0,0.1506,84.94,Excellent
2461,0,0,0.1135,88.65,Excellent
2462,1,1,0.8829,11.71,Critical
2463,1,1,0.9951,0.49,Critical
2464,1,1,0.757,24.3,Poor
2465,1,1,0.9145,8.55,Critical
2466,1,1,0.8207,17.93,Critical
2467,1,1,0.9549,4.51,Critical
2468,1,1,0.9254,7.46,Critical
2469,1,1,0.6763,32.37,Poor
2470,0,0,0.3656,63.44,Good
2471,1,1,0.9766,2.34,Critical
2472,0,0,0.1917,80.83,Excellent
2473,0,0,0.3006,69.94,Good
2474,1,1,0.9467,5.33,Critical
2475,1,1,0.9362,6.38,Critical
2476,0,0,0.1915,80.85,Excellent
2477,1,1,0.8494,15.06,Critical
2478,0,0,0.0736,92.64,Excellent
2479,0,0,0.3186,68.14,Good
2480,1,1,0.8885,11.15,Critical
2481,0,0,0.1413,85.87,Excellent
2482,1,1,0.9329,6.71,Critical
2483,0,0,0.0601,93.99,Excellent
2484,0,0,0.2628,73.72,Good
2485,0,0,0.063,93.7,Excellent
2486,0,0,0.0845,91.55,Excellent
2487,0,0,0.2324,76.76,Good
2488,0,0,0.2315,76.85,Good
2489,0,0,0.2951,70.49,Good
2490,0,0,0.1596,84.04,Excellent
2491,0,0,0.1011,89.89,Excellent
2492,1,1,0.816,18.4,Critical
2493,0,0,0.2365,76.35,Good
2494,1,1,0.9796,2.04,Critical
2495,0,0,0.3144,68.56,Good
2496,0,0,0.0935,90.65,Excellent
2497,1,1,0.7625,23.75,Poor
2498,1,0,0.4533,54.67,Fair
2499,0,0,0.3404,65.96,Good
2500,1,1,0.9001,9.99,Critical
2501,0,0,0.1793,82.07,Excellent
2502,0,0,0.0711,92.89,Excellent
2503,0,0,0.1408,85.92,Excellent
2504,0,0,0.111,88.9,Excellent
2505,1,1,0.8898,11.02,Critical
2506,0,0,0.0998,90.02,Excellent
2507,0,0,0.0656,93.44,Excellent
2508,0,0,0.3913,60.87,Good
2509,1,1,0.9629,3.71,Critical
2510,1,1,0.9959,0.41,Critical
2511,0,0,0.1041,89.59,Excellent
2512,1,1,0.9716,2.84,Critical
2513,0,0,0.0481,95.19,Excellent
2514,0,0,0.1028,89.72,Excellent
2515,0,0,0.1023,89.77,Excellent
2516,0,0,0.0543,94.57,Excellent
2517,0,0,0.1179,88.21,Excellent
2518,0,0,0.105,89.5,Excellent
2519,1,1,0.9207,7.93,Critical
2520,1,1,0.9119,8.81,Critical
2521,0,0,0.1326,86.74,Excellent
2522,0,0,0.1271,87.29,Excellent
2523,1,1,0.931,6.9,Critical
2524,0,0,0.151,84.9,Excellent
2525,0,0,0.1212,87.88,Excellent
2526,1,1,0.8511,14.89,Critical
2527,1,1,0.8047,19.53,Critical
2528,0,0,0.0596,94.04,Excellent
2529,0,0,0.1175,88.25,Excellent
2530,1,1,0.55,45.0,Fair
2531,1,1,0.8818,11.82,Critical
2532,0,0,0.0781,92.19,Excellent
2533,0,0,0.3029,69.71,Good
2534,0,0,0.0968,90.32,Excellent
2535,1,1,0.9034,9.66,Critical
2536,0,0,0.1972,80.28,Excellent
2537,1,1,0.9259,7.41,Critical
2538,1,1,0.8556,14.44,Critical
2539,1,1,0.7266,27.34,Poor
2540,1,1,0.9496,5.04,Critical
2541,0,0,0.1059,89.41,Excellent
2542,0,0,0.1318,86.82,Excellent
2543,0,0,0.1567,84.33,Excellent
2544,1,1,0.5469,45.31,Fair
2545,0,0,0.1276,87.24,Excellent
2546,0,0,0.1671,83.29,Excellent
2547,0,0,0.33,67.0,Good
2548,1,1,0.583,41.7,Fair
2549,0,0,0.197,80.3,Excellent
2550,0,0,0.1202,87.98,Excellent
2551,1,1,0.9043,9.57,Critical
2552,1,1,0.9835,1.65,Critical
2553,1,1,0.8506,14.94,Critical
2554,1,1,0.662,33.8,Poor
2555,0,0,0.1088,89.12,Excellent
2556,0,0,0.3057,69.43,Good
2557,1,1,0.5966,40.34,Fair
2558,1,1,0.873,12.7,Critical
2559,0,0,0.1155,88.45,Excellent
2560,1,1,0.9976,0.24,Critical
2561,0,0,0.1327,86.73,Excellent
2562,1,1,0.667,33.3,Poor
2563,0,0,0.246,75.4,Good
2564,1,1,0.8404,15.96,Critical
2565,0,0,0.0819,91.81,Excellent
2566,1,1,0.9382,6.18,Critical
2567,0,0,0.1879,81.21,Excellent
2568,0,0,0.0591,94.09,Excellent
2569,0,0,0.1062,89.38,Excellent
2570,1,0,0.4134,58.66,Fair
2571,0,0,0.1835,81.65,Excellent
2572,1,1,0.7455,25.45,Poor
2573,1,1,0.5546,44.54,Fair
2574,1,1,0.8781,12.19,Critical
2575,0,0,0.0783,92.17,Excellent
2576,1,1,0.885,11.5,Critical
2577,0,0,0.0902,90.98,Excellent
2578,0,0,0.2696,73.04,Good
2579,1,1,0.8717,12.83,Critical
2580,0,0,0.0801,91.99,Excellent
2581,1,1,0.9326,6.74,Critical
2582,0,0,0.182,81.8,Excellent
2583,1,1,0.8747,12.53,Critical
2584,1,1,0.9845,1.55,Critical
2585,0,0,0.1495,85.05,Excellent
2586,0,0,0.1026,89.74,Excellent
2587,0,0,0.3897,61.03,Good
2588,0,0,0.4159,58.41,Fair
2589,0,0,0.1949,80.51,Excellent
2590,0,0,0.0466,95.34,Excellent
2591,1,1,0.8701,12.99,Critical
2592,0,0,0.1087,89.13,Excellent
2593,1,1,0.841,15.9,Critical
2594,1,1,0.9019,9.81,Critical
2595,0,0,0.0607,93.93,Excellent
2596,0,0,0.1224,87.76,Excellent
2597,1,1,0.8555,14.45,Critical
2598,0,0,0.1272,87.28,Excellent
2599,1,1,0.6617,33.83,Poor
2600,0,0,0.1425,85.75,Excellent
2601,1,1,0.8677,13.23,Critical
2602,0,0,0.1745,82.55,Excellent
2603,0,0,0.1344,86.56,Excellent
2604,1,1,0.6821,31.79,Poor
2605,0,0,0.165,83.5,Excellent
2606,0,0,0.0741,92.59,Excellent
2607,1,1,0.94,6.0,Critical
2608,0,0,0.2219,77.81,Good
2609,0,0,0.1378,86.22,Excellent
2610,0,0,0.326,67.4,Good
2611,0,0,0.1211,87.89,Excellent
2612,0,0,0.4025,59.75,Fair
2613,1,1,0.592,40.8,Fair
2614,0,0,0.1677,83.23,Excellent
2615,0,0,0.1794,82.06,Excellent
2616,1,1,0.9299,7.01,Critical
2617,0,0,0.1878,81.22,Excellent
2618,1,1,0.6077,39.23,Poor
2619,0,0,0.0826,91.74,Excellent
2620,1,1,0.9424,5.76,Critical
2621,1,1,0.6549,34.51,Poor
2622,1,1,0.9451,5.49,Critical
2623,0,0,0.2764,72.36,Good
2624,0,0,0.1021,89.79,Excellent
2625,0,0,0.1279,87.21,Excellent
2626,1,1,0.8214,17.86,Critical
2627,1,1,0.7006,29.94,Poor
2628,1,1,0.916,8.4,Critical
2629,0,0,0.1371,86.29,Excellent
2630,1,1,0.9821,1.79,Critical
2631,0,0,0.2378,76.22,Good
2632,0,0,0.252,74.8,Good
2633,1,1,0.8941,10.59,Critical
2634,1,1,0.8773,12.27,Critical
2635,1,1,0.6227,37.73,Poor
2636,0,0,0.0711,92.89,Excellent
2637,0,0,0.0515,94.85,Excellent
2638,1,1,0.9932,0.68,Critical
2639,0,0,0.0995,90.05,Excellent
2640,1,1,0.7098,29.02,Poor
2641,0,0,0.105,89.5,Excellent
2642,0,0,0.0779,92.21,Excellent
2643,0,0,0.0773,92.27,Excellent
2644,1,1,0.6139,38.61,Poor
2645,0,0,0.1228,87.72,Excellent
2646,0,0,0.1194,88.06,Excellent
2647,1,1,0.819,18.1,Critical
2648,0,0,0.2045,79.55,Good
2649,0,0,0.0571,94.29,Excellent
2650,0,0,0.0396,96.04,Excellent
2651,0,0,0.0743,92.57,Excellent
2652,0,0,0.1816,81.84,Excellent
2653,0,0,0.1937,80.63,Excellent
2654,0,0,0.0829,91.71,Excellent
2655,1,1,0.9319,6.81,Critical
2656,0,0,0.0357,96.43,Excellent
2657,0,0,0.1749,82.51,Excellent
2658,1,1,0.8659,13.41,Critical
2659,1,1,0.6286,37.14,Poor
2660,1,1,0.9165,8.35,Critical
2661,1,1,0.9731,2.69,Critical
2662,0,0,0.115,88.5,Excellent
2663,0,0,0.2753,72.47,Good
2664,0,0,0.152,84.8,Excellent
2665,0,0,0.0352,96.48,Excellent
2666,1,1,0.6582,34.18,Poor
2667,1,1,0.7933,20.67,Poor
2668,0,0,0.3729,62.71,Good
2669,1,1,0.8513,14.87,Critical
2670,1,1,0.725,27.5,Poor
2671,0,0,0.0845,91.55,Excellent
2672,1,1,0.5636,43.64,Fair
2673,0,0,0.3911,60.89,Good
2674,1,1,0.611,38.9,Poor
2675,1,1,0.7099,29.01,Poor
2676,0,0,0.2846,71.54,Good
2677,0,0,0.0894,91.06,Excellent
2678,1,1,0.674,32.6,Poor
2679,0,0,0.0971,90.29,Excellent
2680,0,0,0.1192,88.08,Excellent
2681,0,0,0.1075,89.25,Excellent
2682,0,0,0.3033,69.67,Good
2683,0,0,0.2826,71.74,Good
2684,1,1,0.8792,12.08,Critical
2685,1,1,0.9451,5.49,Critical
2686,1,1,0.559,44.1,Fair
2687,0,0,0.1445,85.55,Excellent
2688,1,1,0.9024,9.76,Critical
2689,0,0,0.0833,91.67,Excellent
2690,0,0,0.2304,76.96,Good
2691,0,0,0.1986,80.14,Excellent
2692,1,1,0.8687,13.13,Critical
2693,0,0,0.0609,93.91,Excellent
2694,0,0,0.1102,88.98,Excellent
2695,1,1,0.7797,22.03,Poor
2696,0,0,0.3217,67.83,Good
2697,0,0,0.0903,90.97,Excellent
2698,1,1,0.9216,7.84,Critical
2699,0,0,0.0553,94.47,Excellent
2700,1,1,0.9514,4.86,Critical
2701,1,0,0.4897,51.03,Fair
2702,0,0,0.0494,95.06,Excellent
2703,0,0,0.0737,92.63,Excellent
2704,1,1,0.9375,6.25,Critical
2705,1,1,0.9639,3.61,Critical
2706,0,0,0.079,92.1,Excellent
2707,0,0,0.0535,94.65,Excellent
2708,0,0,0.2647,73.53,Good
2709,0,0,0.0661,93.39,Excellent
2710,1,1,0.8785,12.15,Critical
2711,1,1,0.8959,10.41,Critical
2712,0,0,0.0935,90.65,Excellent
2713,1,1,0.8322,16.78,Critical
2714,0,0,0.1473,85.27,Excellent
2715,1,1,0.6159,38.41,Poor
2716,0,0,0.1124,88.76,Excellent
2717,0,0,0.2832,71.68,Good
2718,1,1,0.678,32.2,Poor
2719,0,0,0.177,82.3,Excellent
2720,1,1,0.9012,9.88,Critical
2721,1,1,0.8797,12.03,Critical
2722,1,1,0.8514,14.86,Critical
2723,0,0,0.1342,86.58,Excellent
2724,1,1,0.9189,8.11,Critical
2725,1,1,0.9837,1.63,Critical
2726,0,0,0.0832,91.68,Excellent
2727,1,1,0.6714,32.86,Poor
2728,0,0,0.2023,79.77,Good
2729,1,1,0.8676,13.24,Critical
2730,1,1,0.7279,27.21,Poor
2731,0,0,0.2063,79.37,Good
2732,0,0,0.1109,88.91,Excellent
2733,0,0,0.1352,86.48,Excellent
2734,0,0,0.0579,94.21,Excellent
2735,0,0,0.3753,62.47,Good
2736,0,0,0.1715,82.85,Excellent
2737,0,0,0.1015,89.85,Excellent
2738,1,1,0.6088,39.12,Poor
2739,1,1,0.943,5.7,Critical
2740,1,1,0.9162,8.38,Critical
2741,1,1,0.8095,19.05,Critical
2742,0,0,0.0607,93.93,Excellent
2743,0,0,0.089,91.1,Excellent
2744,1,1,0.9199,8.01,Critical
2745,0,0,0.2007,79.93,Good
2746,0,0,0.1977,80.23,Excellent
2747,0,0,0.2998,70.02,Good
2748,0,0,0.1038,89.62,Excellent
2749,0,0,0.207,79.3,Good
2750,0,0,0.0814,91.86,Excellent
2751,1,1,0.9894,1.06,Critical
2752,1,1,0.9085,9.15,Critical
2753,0,0,0.0533,94.67,Excellent
2754,1,1,0.8725,12.75,Critical
2755,1,1,0.9374,6.26,Critical
2756,0,0,0.0862,91.38,Excellent
2757,1,1,0.9277,7.23,Critical
2758,0,0,0.2877,71.23,Good
2759,1,1,0.8219,17.81,Critical
2760,0,0,0.069,93.1,Excellent
2761,1,1,0.95,5.0,Critical
2762,1,1,0.8546,14.54,Critical
2763,1,1,0.9701,2.99,Critical
2764,0,0,0.175,82.5,Excellent
2765,0,0,0.1588,84.12,Excellent
2766,1,1,0.7993,20.07,Poor
2767,0,0,0.1339,86.61,Excellent
2768,0,0,0.1392,86.08,Excellent
2769,1,1,0.9233,7.67,Critical
2770,1,1,0.8912,10.88,Critical
2771,1,1,0.9784,2.16,Critical
2772,1,1,0.916,8.4,Critical
2773,1,1,0.6957,30.43,Poor
2774,1,1,0.5487,45.13,Fair
2775,0,0,0.0727,92.73,Excellent
2776,0,0,0.1445,85.55,Excellent
2777,0,0,0.1977,80.23,Excellent
2778,1,1,0.603,39.7,Poor
2779,1,1,0.681,31.9,Poor
2780,1,1,0.8914,10.86,Critical
2781,1,1,0.7007,29.93,Poor
2782,1,1,0.9694,3.06,Critical
2783,0,0,0.0824,91.76,Excellent
2784,0,0,0.2505,74.95,Good
2785,1,1,0.9349,6.51,Critical
2786,1,1,0.8716,12.84,Critical
2787,1,1,0.7704,22.96,Poor
2788,0,0,0.1366,86.34,Excellent
2789,1,1,0.8714,12.86,Critical
2790,1,1,0.8205,17.95,Critical
2791,1,1,0.7841,21.59,Poor
2792,0,0,0.1259,87.41,Excellent
2793,1,1,0.7588,24.12,Poor
2794,0,0,0.0746,92.54,Excellent
2795,0,0,0.1803,81.97,Excellent
2796,0,0,0.0522,94.78,Excellent
2797,0,0,0.0918,90.82,Excellent
2798,0,0,0.2027,79.73,Good
2799,1,1,0.9044,9.56,Critical
2800,0,0,0.2834,71.66,Good
2801,1,1,0.8708,12.92,Critical
2802,0,0,0.3655,63.45,Good
2803,0,0,0.1043,89.57,Excellent
2804,1,1,0.9033,9.67,Critical
2805,0,0,0.2059,79.41,Good
2806,1,1,0.8876,11.24,Critical
2807,0,0,0.0903,90.97,Excellent
2808,0,0,0.1131,88.69,Excellent
2809,0,0,0.1932,80.68,Excellent
2810,0,0,0.1611,83.89,Excellent
2811,1,1,0.6216,37.84,Poor
2812,1,1,0.6951,30.49,Poor
2813,0,0,0.26,74.0,Good
2814,1,0,0.489,51.1,Fair
2815,1,0,0.4812,51.88,Fair
2816,1,1,0.658,34.2,Poor
2817,1,1,0.9053,9.47,Critical
2818,1,1,0.9682,3.18,Critical
2819,0,0,0.1898,81.02,Excellent
2820,1,1,0.8265,17.35,Critical
2821,0,0,0.0875,91.25,Excellent
2822,1,1,0.747,25.3,Poor
2823,0,0,0.2213,77.87,Good
2824,1,1,0.7507,24.93,Poor
2825,0,0,0.0375,96.25,Excellent
2826,0,0,0.2598,74.02,Good
2827,1,1,0.9048,9.52,Critical
2828,1,1,0.7818,21.82,Poor
2829,0,0,0.1754,82.46,Excellent
2830,1,1,0.7641,23.59,Poor
2831,1,1,0.8971,10.29,Critical
2832,1,1,0.7714,22.86,Poor
2833,1,1,0.8825,11.75,Critical
2834,1,1,0.6798,32.02,Poor
2835,0,0,0.1512,84.88,Excellent
2836,1,1,0.9564,4.36,Critical
2837,0,0,0.1708,82.92,Excellent
2838,0,0,0.1124,88.76,Excellent
2839,0,0,0.1999,80.01,Excellent
2840,0,0,0.0952,90.48,Excellent
2841,0,0,0.362,63.8,Good
2842,0,0,0.2923,70.77,Good
2843,0,0,0.3679,63.21,Good
2844,1,1,0.8189,18.11,Critical
2845,1,1,0.8858,11.42,Critical
2846,1,1,0.8554,14.46,Critical
2847,0,0,0.2551,74.49,Good
2848,0,0,0.1752,82.48,Excellent
2849,1,1,0.9282,7.18,Critical
2850,1,1,0.7314,26.86,Poor
2851,0,0,0.1692,83.08,Excellent
2852,1,1,0.9393,6.07,Critical
2853,1,1,0.7291,27.09,Poor
2854,0,0,0.1854,81.46,Excellent
2855,0,0,0.1266,87.34,Excellent
2856,1,1,0.5761,42.39,Fair
2857,0,0,0.1553,84.47,Excellent
2858,0,0,0.1214,87.86,Excellent
2859,1,1,0.9324,6.76,Critical
2860,0,0,0.1057,89.43,Excellent
2861,1,1,0.9825,1.75,Critical
2862,0,0,0.0929,90.71,Excellent
2863,1,1,0.8676,13.24,Critical
2864,0,0,0.2661,73.39,Good
2865,1,1,0.8895,11.05,Critical
2866,0,0,0.1392,86.08,Excellent
2867,1,1,0.8852,11.48,Critical
2868,0,0,0.0726,92.74,Excellent
2869,0,0,0.0702,92.98,Excellent
2870,1,1,0.7822,21.78,Poor
2871,0,0,0.2148,78.52,Good
2872,0,0,0.0629,93.71,Excellent
2873,0,0,0.297,70.3,Good
2874,0,0,0.0745,92.55,Excellent
2875,0,0,0.1045,89.55,Excellent
2876,1,1,0.9061,9.39,Critical
2877,0,0,0.2255,77.45,Good
2878,0,0,0.0919,90.81,Excellent
2879,1,1,0.8974,10.26,Critical
2880,0,0,0.0732,92.68,Excellent
2881,0,0,0.2888,71.12,Good
2882,0,0,0.101,89.9,Excellent
2883,1,1,0.9196,8.04,Critical
2884,0,0,0.3621,63.79,Good
2885,0,0,0.1476,85.24,Excellent
2886,0,0,0.2278,77.22,Good
2887,0,0,0.2511,74.89,Good
2888,1,1,0.8652,13.48,Critical
2889,1,1,0.7932,20.68,Poor
2890,0,0,0.171,82.9,Excellent
2891,0,0,0.2862,71.38,Good
2892,1,1,0.8778,12.22,Critical
2893,0,0,0.1042,89.58,Excellent
2894,0,0,0.344,65.6,Good
2895,0,0,0.0764,92.36,Excellent
2896,1,1,0.9339,6.61,Critical
2897,1,1,0.941,5.9,Critical
2898,0,0,0.1339,86.61,Excellent
2899,1,1,0.6556,34.44,Poor
2900,1,1,0.8337,16.63,Critical
2901,0,0,0.0473,95.27,Excellent
2902,1,1,0.6864,31.36,Poor
2903,0,0,0.1949,80.51,Excellent
2904,1,1,0.8611,13.89,Critical
2905,0,0,0.1452,85.48,Excellent
2906,0,0,0.2366,76.34,Good
2907,0,0,0.1665,83.35,Excellent
2908,1,1,0.8531,14.69,Critical
2909,1,1,0.8853,11.47,Critical
2910,0,0,0.2294,77.06,Good
2911,1,1,0.7866,21.34,Poor
2912,1,1,0.9068,9.32,Critical
2913,0,0,0.1261,87.39,Excellent
2914,1,1,0.7823,21.77,Poor
2915,1,1,0.8756,12.44,Critical
2916,1,1,0.9225,7.75,Critical
2917,0,0,0.0546,94.54,Excellent
2918,0,0,0.102,89.8,Excellent
2919,1,1,0.7231,27.69,Poor
2920,1,1,0.8684,13.16,Critical
2921,1,1,0.9246,7.54,Critical
2922,0,0,0.1459,85.41,Excellent
2923,0,0,0.1871,81.29,Excellent
2924,0,0,0.0519,94.81,Excellent
2925,1,1,0.5292,47.08,Fair
2926,1,1,0.6383,36.17,Poor
2927,0,0,0.1464,85.36,Excellent
2928,0,0,0.2852,71.48,Good
2929,1,1,0.5854,41.46,Fair
2930,0,0,0.0936,90.64,Excellent
2931,1,1,0.8086,19.14,Critical
2932,0,0,0.189,81.1,Excellent
2933,1,1,0.82,18.0,Critical
2934,1,1,0.7488,25.12,Poor
2935,0,0,0.1699,83.01,Excellent
2936,1,1,0.9328,6.72,Critical
2937,1,1,0.8701,12.99,Critical
2938,1,1,0.8613,13.87,Critical
2939,0,0,0.1444,85.56,Excellent
2940,1,1,0.9669,3.31,Critical
2941,1,1,0.8102,18.98,Critical
2942,1,1,0.8858,11.42,Critical
2943,1,1,0.7928,20.72,Poor
2944,1,1,0.6514,34.86,Poor
2945,1,1,0.8567,14.33,Critical
2946,1,1,0.5512,44.88,Fair
2947,0,0,0.0984,90.16,Excellent
2948,1,1,0.9441,5.59,Critical
2949,0,0,0.2388,76.12,Good
2950,0,0,0.2967,70.33,Good
2951,1,1,0.8865,11.35,Critical
2952,0,0,0.2524,74.76,Good
2953,0,0,0.2467,75.33,Good
2954,1,1,0.8053,19.47,Critical
2955,0,0,0.1265,87.35,Excellent
2956,1,1,0.5243,47.57,Fair
2957,1,1,0.7096,29.04,Poor
2958,1,1,0.9837,1.63,Critical
2959,1,1,0.9691,3.09,Critical
2960,0,0,0.4545,54.55,Fair
2961,1,1,0.9575,4.25,Critical
2962,1,1,0.7074,29.26,Poor
2963,1,0,0.4259,57.41,Fair
2964,1,1,0.9627,3.73,Critical
2965,1,1,0.8459,15.41,Critical
2966,0,0,0.1623,83.77,Excellent
2967,0,0,0.0613,93.87,Excellent
2968,1,1,0.7801,21.99,Poor
2969,0,0,0.3511,64.89,Good
2970,0,0,0.1691,83.09,Excellent
2971,0,0,0.0903,90.97,Excellent
2972,0,0,0.1976,80.24,Excellent
2973,1,1,0.6363,36.37,Poor
2974,1,1,0.9257,7.43,Critical
2975,1,1,0.9411,5.89,Critical
2976,0,0,0.163,83.7,Excellent
2977,1,1,0.8952,10.48,Critical
2978,1,1,0.92,8.0,Critical
2979,0,0,0.0707,92.93,Excellent
2980,1,1,0.9022,9.78,Critical
2981,0,0,0.1554,84.46,Excellent
2982,0,0,0.1328,86.72,Excellent
2983,0,0,0.0715,92.85,Excellent
2984,1,1,0.9784,2.16,Critical
2985,1,1,0.9537,4.63,Critical
2986,0,0,0.0997,90.03,Excellent
2987,1,1,0.881,11.9,Critical
2988,0,0,0.0668,93.32,Excellent
2989,1,1,0.8648,13.52,Critical
2990,1,1,0.9364,6.36,Critical
2991,1,1,0.6957,30.43,Poor
2992,0,0,0.2926,70.74,Good
2993,0,0,0.265,73.5,Good
2994,0,0,0.0754,92.46,Excellent
2995,1,1,0.9298,7.02,Critical
2996,1,1,0.6562,34.38,Poor
2997,1,1,0.7057,29.43,Poor
2998,0,0,0.2845,71.55,Good
2999,0,0,0.0823,91.77,Excellent
3000,0,0,0.2273,77.27,Good
3001,0,0,0.4724,52.76,Fair
3002,0,0,0.1096,89.04,Excellent
3003,1,1,0.7738,22.62,Poor
3004,0,0,0.1087,89.13,Excellent
3005,1,1,0.9279,7.21,Critical
3006,0,0,0.0564,94.36,Excellent
3007,0,0,0.0913,90.87,Excellent
3008,1,1,0.8836,11.64,Critical
3009,0,0,0.2087,79.13,Good
3010,0,0,0.2109,78.91,Good
3011,0,0,0.2548,74.52,Good
3012,0,0,0.1279,87.21,Excellent
3013,0,0,0.2351,76.49,Good
3014,0,0,0.2807,71.93,Good
3015,0,0,0.0581,94.19,Excellent
3016,0,0,0.1376,86.24,Excellent
3017,1,1,0.8123,18.77,Critical
3018,0,0,0.4425,55.75,Fair
3019,1,1,0.8969,10.31,Critical
3020,1,1,0.9093,9.07,Critical
3021,1,1,0.5923,40.77,Fair
3022,0,0,0.1967,80.33,Excellent
3023,1,1,0.6597,34.03,Poor
3024,0,0,0.2558,74.42,Good
3025,1,1,0.7112,28.88,Poor
3026,1,1,0.7282,27.18,Poor
3027,1,1,0.7916,20.84,Poor
3028,1,0,0.3735,62.65,Good
3029,1,1,0.6358,36.42,Poor
3030,0,0,0.1524,84.76,Excellent
3031,0,0,0.0666,93.34,Excellent
3032,1,1,0.5204,47.96,Fair
3033,1,1,0.8976,10.24,Critical
3034,0,0,0.0685,93.15,Excellent
3035,1,1,0.7131,28.69,Poor
3036,1,1,0.9221,7.79,Critical
3037,0,0,0.2081,79.19,Good
3038,1,1,0.6612,33.88,Poor
3039,0,0,0.1566,84.34,Excellent
3040,1,1,0.8611,13.89,Critical
3041,1,1,0.8113,18.87,Critical
3042,1,1,0.7437,25.63,Poor
3043,1,1,0.84,16.0,Critical
3044,0,0,0.0932,90.68,Excellent
3045,1,1,0.9213,7.87,Critical
3046,1,1,0.8923,10.77,Critical
3047,0,0,0.1301,86.99,Excellent
3048,1,1,0.8011,19.89,Critical
3049,1,1,0.947,5.3,Critical
3050,0,0,0.1235,87.65,Excellent
3051,1,1,0.9415,5.85,Critical
3052,1,1,0.9405,5.95,Critical
3053,1,1,0.8989,10.11,Critical
3054,0,0,0.3281,67.19,Good
3055,1,1,0.8342,16.58,Critical
3056,1,1,0.7906,20.94,Poor
3057,0,0,0.0951,90.49,Excellent
3058,1,1,0.5939,40.61,Fair
3059,0,0,0.117,88.3,Excellent
3060,1,1,0.9182,8.18,Critical
3061,1,1,0.9619,3.81,Critical
3062,1,1,0.8542,14.58,Critical
3063,0,0,0.165,83.5,Excellent
3064,1,1,0.8635,13.65,Critical
3065,1,1,0.926,7.4,Critical
3066,0,0,0.0921,90.79,Excellent
3067,0,0,0.0904,90.96,Excellent
3068,1,1,0.7476,25.24,Poor
3069,1,1,0.8199,18.01,Critical
3070,1,1,0.5877,41.23,Fair
3071,0,0,0.1069,89.31,Excellent
3072,1,1,0.9596,4.04,Critical
3073,0,0,0.1595,84.05,Excellent
3074,0,0,0.0893,91.07,Excellent
3075,1,1,0.8016,19.84,Critical
3076,0,0,0.0927,90.73,Excellent
3077,0,0,0.1752,82.48,Excellent
3078,0,0,0.0834,91.66,Excellent
3079,1,1,0.853,14.7,Critical
3080,0,0,0.2356,76.44,Good
3081,0,0,0.0922,90.78,Excellent
3082,0,0,0.1584,84.16,Excellent
3083,1,1,0.8418,15.82,Critical
3084,0,0,0.2818,71.82,Good
3085,1,1,0.9017,9.83,Critical
3086,1,1,0.9183,8.17,Critical
3087,0,0,0.181,81.9,Excellent
3088,0,0,0.3781,62.19,Good
3089,0,0,0.0953,90.47,Excellent
3090,0,0,0.1107,88.93,Excellent
3091,0,0,0.1893,81.07,Excellent
3092,1,1,0.8785,12.15,Critical
3093,0,0,0.2743,72.57,Good
3094,0,0,0.0808,91.92,Excellent
3095,1,1,0.6821,31.79,Poor
3096,1,1,0.8325,16.75,Critical
3097,0,0,0.2797,72.03,Good
3098,1,1,0.83,17.0,Critical
3099,1,1,0.7617,23.83,Poor
3100,1,1,0.8566,14.34,Critical
3101,0,0,0.1078,89.22,Excellent
3102,0,0,0.0538,94.62,Excellent
3103,0,0,0.1351,86.49,Excellent
3104,1,1,0.6741,32.59,Poor
3105,1,1,0.7121,28.79,Poor
3106,1,1,0.838,16.2,Critical
3107,0,0,0.3641,63.59,Good
3108,0,0,0.1594,84.06,Excellent
3109,1,1,0.7784,22.16,Poor
3110,1,1,0.9295,7.05,Critical
3111,1,1,0.9744,2.56,Critical
3112,1,1,0.9527,4.73,Critical
3113,0,0,0.1609,83.91,Excellent
3114,0,0,0.1765,82.35,Excellent
3115,0,0,0.301,69.9,Good
3116,0,0,0.1683,83.17,Excellent
3117,1,1,0.8187,18.13,Critical
3118,1,1,0.8645,13.55,Critical
3119,1,1,0.846,15.4,Critical
3120,1,1,0.9259,7.41,Critical
3121,1,1,0.7088,29.12,Poor
3122,1,1,0.7195,28.05,Poor
3123,1,1,0.8737,12.63,Critical
3124,0,0,0.0453,95.47,Excellent
3125,0,0,0.1549,84.51,Excellent
3126,1,1,0.9505,4.95,Critical
3127,0,0,0.1634,83.66,Excellent
3128,1,1,0.8767,12.33,Critical
3129,0,0,0.3078,69.22,Good
3130,1,1,0.9831,1.69,Critical
3131,1,1,0.6151,38.49,Poor
3132,1,1,0.7776,22.24,Poor
3133,0,0,0.1935,80.65,Excellent
3134,0,0,0.1628,83.72,Excellent
3135,0,0,0.0792,92.08,Excellent
3136,0,0,0.1982,80.18,Excellent
3137,1,0,0.3457,65.43,Good
3138,0,0,0.0465,95.35,Excellent
3139,1,1,0.847,15.3,Critical
3140,1,1,0.9788,2.12,Critical
3141,0,0,0.1495,85.05,Excellent
3142,0,0,0.3714,62.86,Good
3143,1,1,0.9223,7.77,Critical
3144,0,0,0.0612,93.88,Excellent
3145,0,0,0.2996,70.04,Good
3146,0,0,0.1053,89.47,Excellent
3147,1,1,0.9148,8.52,Critical
3148,0,0,0.3382,66.18,Good
3149,1,1,0.8561,14.39,Critical
3150,0,0,0.0973,90.27,Excellent
3151,1,1,0.5912,40.88,Fair
3152,0,0,0.1658,83.42,Excellent
3153,0,0,0.2132,78.68,Good
3154,1,1,0.9673,3.27,Critical
3155,1,1,0.8609,13.91,Critical
3156,0,0,0.0991,90.09,Excellent
3157,0,0,0.0937,90.63,Excellent
3158,0,0,0.0806,91.94,Excellent
3159,1,1,0.9663,3.37,Critical
3160,0,0,0.1763,82.37,Excellent
3161,1,1,0.794,20.6,Poor
3162,0,0,0.0882,91.18,Excellent
3163,0,0,0.1613,83.87,Excellent
3164,1,1,0.9007,9.93,Critical
3165,1,1,0.8262,17.38,Critical
3166,0,0,0.2158,78.42,Good
3167,0,0,0.081,91.9,Excellent
3168,1,1,0.9718,2.82,Critical
3169,0,0,0.3032,69.68,Good
3170,1,1,0.636,36.4,Poor
3171,0,0,0.1561,84.39,Excellent
3172,0,0,0.3107,68.93,Good
3173,0,0,0.227,77.3,Good
3174,1,1,0.9188,8.12,Critical
3175,1,1,0.8098,19.02,Critical
3176,1,1,0.915,8.5,Critical
3177,1,1,0.8969,10.31,Critical
3178,1,1,0.906,9.4,Critical
3179,0,0,0.0769,92.31,Excellent
3180,0,0,0.115,88.5,Excellent
3181,0,0,0.2819,71.81,Good
3182,1,1,0.6272,37.28,Poor
3183,1,1,0.9244,7.56,Critical
3184,1,1,0.7467,25.33,Poor
3185,1,1,0.8572,14.28,Critical
3186,1,1,0.9529,4.71,Critical
3187,0,0,0.1503,84.97,Excellent
3188,0,0,0.1494,85.06,Excellent
3189,0,0,0.1073,89.27,Excellent
3190,1,1,0.6621,33.79,Poor
3191,0,0,0.1173,88.27,Excellent
3192,1,1,0.8901,10.99,Critical
3193,1,1,0.9615,3.85,Critical
3194,1,1,0.6977,30.23,Poor
3195,0,0,0.0483,95.17,Excellent
3196,0,0,0.1386,86.14,Excellent
3197,1,1,0.8682,13.18,Critical
3198,0,0,0.1252,87.48,Excellent
3199,0,0,0.1956,80.44,Excellent
3200,0,0,0.3642,63.58,Good
3201,0,0,0.1573,84.27,Excellent
3202,1,1,0.9663,3.37,Critical
3203,1,1,0.7538,24.62,Poor
3204,1,1,0.9184,8.16,Critical
3205,0,0,0.2307,76.93,Good
3206,1,1,0.9476,5.24,Critical
3207,1,1,0.9327,6.73,Critical
3208,0,0,0.1363,86.37,Excellent
3209,0,0,0.1634,83.66,Excellent
3210,0,0,0.165,83.5,Excellent
3211,0,0,0.1218,87.82,Excellent
3212,1,1,0.8032,19.68,Critical
3213,1,1,0.9175,8.25,Critical
3214,0,0,0.0706,92.94,Excellent
3215,1,1,0.9809,1.91,Critical
3216,0,0,0.1263,87.37,Excellent
3217,0,0,0.083,91.7,Excellent
3218,0,0,0.0719,92.81,Excellent
3219,0,0,0.2317,76.83,Good
3220,1,1,0.9313,6.87,Critical
3221,0,0,0.1125,88.75,Excellent
3222,1,1,0.9471,5.29,Critical
3223,1,1,0.5556,44.44,Fair
3224,0,0,0.1673,83.27,Excellent
3225,0,0,0.0863,91.37,Excellent
3226,0,0,0.1072,89.28,Excellent
3227,0,0,0.1562,84.38,Excellent
3228,1,1,0.9917,0.83,Critical
3229,1,1,0.9401,5.99,Critical
3230,0,0,0.1779,82.21,Excellent
3231,1,0,0.4806,51.94,Fair
3232,1,1,0.9194,8.06,Critical
3233,0,0,0.3228,67.72,Good
3234,1,1,0.9346,6.54,Critical
3235,0,0,0.1814,81.86,Excellent
3236,1,1,0.8226,17.74,Critical
3237,0,0,0.036,96.4,Excellent
3238,0,0,0.1335,86.65,Excellent
3239,0,0,0.0752,92.48,Excellent
3240,0,0,0.1013,89.87,Excellent
3241,0,0,0.0805,91.95,Excellent
3242,0,0,0.054,94.6,Excellent
3243,0,0,0.1044,89.56,Excellent
3244,1,1,0.7419,25.81,Poor
3245,1,1,0.9134,8.66,Critical
3246,1,1,0.6148,38.52,Poor
3247,1,1,0.9124,8.76,Critical
3248,0,0,0.1357,86.43,Excellent
3249,1,1,0.6815,31.85,Poor
3250,1,1,0.8309,16.91,Critical
3251,0,0,0.1137,88.63,Excellent
3252,0,0,0.0928,90.72,Excellent
3253,1,1,0.7851,21.49,Poor
3254,0,0,0.146,85.4,Excellent
3255,0,0,0.1186,88.14,Excellent
3256,1,1,0.9101,8.99,Critical
3257,0,0,0.2275,77.25,Good
3258,1,1,0.9541,4.59,Critical
3259,0,0,0.1179,88.21,Excellent
3260,0,0,0.1379,86.21,Excellent
3261,0,0,0.1418,85.82,Excellent
3262,1,1,0.8476,15.24,Critical
3263,1,1,0.9213,7.87,Critical
3264,0,0,0.206,79.4,Good
3265,0,0,0.0853,91.47,Excellent
3266,0,0,0.2711,72.89,Good
3267,0,0,0.2509,74.91,Good
3268,1,1,0.8877,11.23,Critical
3269,0,0,0.22,78.0,Good
3270,1,1,0.9685,3.15,Critical
3271,0,0,0.0746,92.54,Excellent
3272,0,0,0.114,88.6,Excellent
3273,0,0,0.2786,72.14,Good
3274,1,1,0.8039,19.61,Critical
3275,0,0,0.1248,87.52,Excellent
3276,1,1,0.8389,16.11,Critical
3277,1,1,0.9156,8.44,Critical
3278,0,0,0.2593,74.07,Good
3279,1,1,0.9674,3.26,Critical
3280,1,1,0.8053,19.47,Critical
3281,1,1,0.9057,9.43,Critical
3282,0,1,0.5071,49.29,Fair
3283,1,1,0.8723,12.77,Critical
3284,1,1,0.7923,20.77,Poor
3285,0,0,0.1757,82.43,Excellent
3286,1,1,0.9108,8.92,Critical
3287,0,0,0.135,86.5,Excellent
3288,1,1,0.9159,8.41,Critical
3289,0,0,0.0719,92.81,Excellent
3290,1,1,0.9507,4.93,Critical
3291,1,1,0.9502,4.98,Critical
3292,0,0,0.1708,82.92,Excellent
3293,1,1,0.8933,10.67,Critical
3294,0,0,0.06,94.0,Excellent
3295,0,0,0.1927,80.73,Excellent
3296,0,0,0.1537,84.63,Excellent
3297,0,0,0.0845,91.55,Excellent
3298,0,0,0.0855,91.45,Excellent
3299,0,0,0.3129,68.71,Good
3300,0,0,0.2023,79.77,Good
3301,1,1,0.9363,6.37,Critical
3302,0,0,0.2606,73.94,Good
3303,0,0,0.1855,81.45,Excellent
3304,0,0,0.0806,91.94,Excellent
3305,1,1,0.9928,0.72,Critical
3306,0,0,0.1527,84.73,Excellent
3307,1,1,0.8345,16.55,Critical
3308,1,1,0.8699,13.01,Critical
3309,0,0,0.0976,90.24,Excellent
3310,0,0,0.1679,83.21,Excellent
3311,0,0,0.1088,89.12,Excellent
3312,0,0,0.1462,85.38,Excellent
3313,1,1,0.8632,13.68,Critical
3314,1,1,0.9614,3.86,Critical
3315,1,1,0.8981,10.19,Critical
3316,0,0,0.0824,91.76,Excellent
3317,0,0,0.2873,71.27,Good
3318,0,0,0.0509,94.91,Excellent
3319,0,0,0.0754,92.46,Excellent
3320,1,1,0.6714,32.86,Poor
3321,1,1,0.9765,2.35,Critical
3322,0,0,0.2642,73.58,Good
3323,1,1,0.8281,17.19,Critical
3324,1,1,0.707,29.3,Poor
3325,0,0,0.3382,66.18,Good
3326,1,1,0.8288,17.12,Critical
3327,0,0,0.2964,70.36,Good
3328,1,1,0.6814,31.86,Poor
3329,0,0,0.2587,74.13,Good
3330,0,0,0.1046,89.54,Excellent
3331,1,1,0.9185,8.15,Critical
3332,1,1,0.9517,4.83,Critical
3333,0,0,0.0797,92.03,Excellent
3334,0,0,0.0513,94.87,Excellent
3335,0,0,0.107,89.3,Excellent
3336,1,1,0.9281,7.19,Critical
3337,0,0,0.2927,70.73,Good
3338,1,1,0.887,11.3,Critical
3339,1,1,0.9327,6.73,Critical
3340,0,0,0.3344,66.56,Good
3341,0,0,0.1192,88.08,Excellent
3342,1,1,0.6284,37.16,Poor
3343,1,1,0.9668,3.32,Critical
3344,0,0,0.1767,82.33,Excellent
3345,1,1,0.9273,7.27,Critical
3346,0,0,0.064,93.6,Excellent
3347,0,0,0.0453,95.47,Excellent
3348,0,0,0.0691,93.09,Excellent
3349,0,0,0.2294,77.06,Good
3350,0,0,0.1712,82.88,Excellent
3351,1,1,0.6801,31.99,Poor
3352,0,0,0.193,80.7,Excellent
3353,1,1,0.7578,24.22,Poor
3354,1,1,0.8942,10.58,Critical
3355,0,0,0.1342,86.58,Excellent
3356,0,0,0.2232,77.68,Good
3357,0,0,0.1465,85.35,Excellent
3358,0,0,0.2203,77.97,Good
3359,1,1,0.7216,27.84,Poor
3360,1,1,0.5835,41.65,Fair
3361,0,0,0.102,89.8,Excellent
3362,0,0,0.0991,90.09,Excellent
3363,0,0,0.1696,83.04,Excellent
3364,1,1,0.876,12.4,Critical
3365,1,1,0.8838,11.62,Critical
3366,0,0,0.0511,94.89,Excellent
3367,0,0,0.0651,93.49,Excellent
3368,0,0,0.187,81.3,Excellent
3369,0,0,0.3647,63.53,Good
3370,1,1,0.9153,8.47,Critical
3371,1,1,0.9366,6.34,Critical
3372,1,1,0.9604,3.96,Critical
3373,0,0,0.0415,95.85,Excellent
3374,0,0,0.4683,53.17,Fair
3375,1,1,0.9941,0.59,Critical
3376,1,1,0.8893,11.07,Critical
3377,0,0,0.0985,90.15,Excellent
3378,1,1,0.9827,1.73,Critical
3379,0,1,0.5086,49.14,Fair
3380,1,1,0.8299,17.01,Critical
3381,0,0,0.12,88.0,Excellent
3382,1,1,0.9748,2.52,Critical
3383,1,1,0.8171,18.29,Critical
3384,1,1,0.8773,12.27,Critical
3385,1,1,0.738,26.2,Poor
3386,0,0,0.1664,83.36,Excellent
3387,0,0,0.1214,87.86,Excellent
3388,0,0,0.087,91.3,Excellent
3389,1,1,0.7262,27.38,Poor
3390,1,1,0.9834,1.66,Critical
3391,1,1,0.8425,15.75,Critical
3392,1,1,0.8402,15.98,Critical
3393,0,0,0.2539,74.61,Good
3394,1,1,0.9053,9.47,Critical
3395,0,0,0.0628,93.72,Excellent
3396,0,0,0.0581,94.19,Excellent
3397,0,0,0.4184,58.16,Fair
3398,0,0,0.1023,89.77,Excellent
3399,0,0,0.3302,66.98,Good
3400,1,1,0.9344,6.56,Critical
3401,1,1,0.974,2.6,Critical
3402,1,1,0.9802,1.98,Critical
3403,0,0,0.1657,83.43,Excellent
3404,1,1,0.9414,5.86,Critical
3405,1,1,0.9006,9.94,Critical
3406,1,1,0.9441,5.59,Critical
3407,1,1,0.9727,2.73,Critical
3408,0,0,0.0911,90.89,Excellent
3409,1,1,0.9355,6.45,Critical
3410,1,1,0.9531,4.69,Critical
3411,0,0,0.0949,90.51,Excellent
3412,0,0,0.1531,84.69,Excellent
3413,1,1,0.6984,30.16,Poor
3414,1,1,0.9187,8.13,Critical
3415,0,0,0.1588,84.12,Excellent
3416,1,1,0.7645,23.55,Poor
3417,0,0,0.0628,93.72,Excellent
3418,1,1,0.7347,26.53,Poor
3419,0,0,0.4731,52.69,Fair
3420,0,0,0.0629,93.71,Excellent
3421,1,1,0.9204,7.96,Critical
3422,0,0,0.0688,93.12,Excellent
3423,1,1,0.9227,7.73,Critical
3424,1,1,0.8976,10.24,Critical
3425,0,0,0.3386,66.14,Good
3426,0,0,0.0467,95.33,Excellent
3427,0,0,0.157,84.3,Excellent
3428,0,0,0.2819,71.81,Good
3429,0,0,0.0428,95.72,Excellent
3430,0,0,0.1271,87.29,Excellent
3431,1,1,0.8443,15.57,Critical
3432,1,1,0.5247,47.53,Fair
3433,1,1,0.888,11.2,Critical
3434,0,0,0.1612,83.88,Excellent
3435,1,1,0.9021,9.79,Critical
3436,1,1,0.8519,14.81,Critical
3437,1,1,0.9775,2.25,Critical
3438,1,1,0.6109,38.91,Poor
3439,1,1,0.591,40.9,Fair
3440,0,0,0.0567,94.33,Excellent
3441,0,0,0.1206,87.94,Excellent
3442,1,1,0.8282,17.18,Critical
3443,1,1,0.9599,4.01,Critical
3444,1,1,0.8885,11.15,Critical
3445,1,1,0.7886,21.14,Poor
3446,1,1,0.9295,7.05,Critical
3447,1,1,0.9613,3.87,Critical
3448,0,0,0.0966,90.34,Excellent
3449,1,1,0.9049,9.51,Critical
3450,0,0,0.1648,83.52,Excellent
3451,1,1,0.6812,31.88,Poor
3452,1,1,0.9271,7.29,Critical
3453,1,1,0.7408,25.92,Poor
3454,1,1,0.9307,6.93,Critical
3455,1,1,0.9742,2.58,Critical
3456,0,0,0.1399,86.01,Excellent
3457,1,0,0.3602,63.98,Good
3458,0,0,0.1767,82.33,Excellent
3459,0,0,0.2704,72.96,Good
3460,1,1,0.8871,11.29,Critical
3461,0,0,0.2276,77.24,Good
3462,1,1,0.8514,14.86,Critical
3463,1,1,0.7669,23.31,Poor
3464,1,1,0.8668,13.32,Critical
3465,1,1,0.8742,12.58,Critical
3466,1,1,0.8072,19.28,Critical
3467,1,1,0.9936,0.64,Critical
3468,0,0,0.1175,88.25,Excellent
3469,0,0,0.1122,88.78,Excellent
3470,1,1,0.9891,1.09,Critical
3471,1,1,0.568,43.2,Fair
3472,0,0,0.0711,92.89,Excellent
3473,0,0,0.2676,73.24,Good
3474,0,0,0.1879,81.21,Excellent
3475,0,0,0.2365,76.35,Good
3476,0,0,0.0701,92.99,Excellent
3477,1,1,0.8962,10.38,Critical
3478,1,1,0.8128,18.72,Critical
3479,1,1,0.7196,28.04,Poor
3480,1,1,0.946,5.4,Critical
3481,0,0,0.1857,81.43,Excellent
3482,0,0,0.0862,91.38,Excellent
3483,1,1,0.8686,13.14,Critical
3484,0,0,0.1602,83.98,Excellent
3485,1,1,0.9096,9.04,Critical
3486,0,0,0.0879,91.21,Excellent
3487,0,0,0.0707,92.93,Excellent
3488,1,1,0.8176,18.24,Critical
3489,1,1,0.9676,3.24,Critical
3490,0,0,0.2517,74.83,Good
3491,0,0,0.2613,73.87,Good
3492,1,1,0.9449,5.51,Critical
3493,1,1,0.9324,6.76,Critical
3494,0,1,0.5473,45.27,Fair
3495,0,0,0.0645,93.55,Excellent
3496,1,1,0.8038,19.62,Critical
3497,1,1,0.8581,14.19,Critical
3498,0,0,0.1035,89.65,Excellent
3499,0,0,0.1083,89.17,Excellent
3500,1,1,0.8416,15.84,Critical
3501,0,0,0.1158,88.42,Excellent
3502,0,0,0.1174,88.26,Excellent
3503,1,1,0.7502,24.98,Poor
3504,0,0,0.1592,84.08,Excellent
3505,1,1,0.9438,5.62,Critical
3506,0,1,0.7417,25.83,Poor
3507,1,1,0.7462,25.38,Poor
3508,0,0,0.0879,91.21,Excellent
3509,0,0,0.1404,85.96,Excellent
3510,1,1,0.8882,11.18,Critical
3511,1,1,0.941,5.9,Critical
3512,0,0,0.092,90.8,Excellent
3513,1,1,0.9253,7.47,Critical
3514,0,0,0.2328,76.72,Good
3515,1,1,0.6718,32.82,Poor
3516,0,0,0.0683,93.17,Excellent
3517,0,0,0.2419,75.81,Good
3518,1,1,0.9042,9.58,Critical
3519,1,1,0.5961,40.39,Fair
3520,0,0,0.0913,90.87,Excellent
3521,1,1,0.9077,9.23,Critical
3522,1,1,0.8691,13.09,Critical
3523,1,1,0.8965,10.35,Critical
3524,1,1,0.9213,7.87,Critical
3525,0,0,0.2362,76.38,Good
3526,1,1,0.8766,12.34,Critical
3527,1,1,0.8484,15.16,Critical
3528,1,1,0.9288,7.12,Critical
3529,0,0,0.2366,76.34,Good
3530,1,1,0.77,23.0,Poor
3531,0,0,0.1786,82.14,Excellent
3532,1,1,0.5751,42.49,Fair
3533,0,0,0.4704,52.96,Fair
3534,1,1,0.893,10.7,Critical
3535,0,0,0.0915,90.85,Excellent
3536,0,0,0.0877,91.23,Excellent
3537,1,1,0.9129,8.71,Critical
3538,1,1,0.7784,22.16,Poor
3539,1,1,0.893,10.7,Critical
3540,1,1,0.9407,5.93,Critical
3541,0,0,0.1784,82.16,Excellent
3542,1,1,0.9239,7.61,Critical
3543,0,0,0.3304,66.96,Good
3544,0,0,0.3126,68.74,Good
3545,1,1,0.8899,11.01,Critical
3546,0,0,0.1451,85.49,Excellent
3547,1,1,0.8106,18.94,Critical
3548,0,0,0.0981,90.19,Excellent
3549,1,1,0.8061,19.39,Critical
3550,0,0,0.1756,82.44,Excellent
3551,0,0,0.1009,89.91,Excellent
3552,0,0,0.1439,85.61,Excellent
3553,0,0,0.1927,80.73,Excellent
3554,1,1,0.5354,46.46,Fair
3555,1,1,0.7033,29.67,Poor
3556,0,0,0.1096,89.04,Excellent
3557,1,1,0.9653,3.47,Critical
3558,0,0,0.0908,90.92,Excellent
3559,0,0,0.216,78.4,Good
3560,0,0,0.1052,89.48,Excellent
3561,0,0,0.0635,93.65,Excellent
3562,1,1,0.9546,4.54,Critical
3563,0,0,0.1004,89.96,Excellent
3564,1,1,0.8662,13.38,Critical
3565,0,0,0.0899,91.01,Excellent
3566,1,1,0.9197,8.03,Critical
3567,1,1,0.8611,13.89,Critical
3568,1,1,0.5594,44.06,Fair
3569,0,0,0.0567,94.33,Excellent
3570,0,0,0.1102,88.98,Excellent
3571,1,1,0.7952,20.48,Poor
3572,1,1,0.8454,15.46,Critical
3573,0,0,0.072,92.8,Excellent
3574,1,1,0.8854,11.46,Critical
3575,1,1,0.9238,7.62,Critical
3576,0,0,0.1477,85.23,Excellent
3577,0,0,0.1005,89.95,Excellent
3578,0,0,0.1421,85.79,Excellent
3579,1,1,0.9637,3.63,Critical
3580,1,1,0.8269,17.31,Critical
3581,0,0,0.0857,91.43,Excellent
3582,1,1,0.7917,20.83,Poor
3583,1,1,0.7806,21.94,Poor
3584,1,1,0.9325,6.75,Critical
3585,1,1,0.912,8.8,Critical
3586,1,1,0.7407,25.93,Poor
3587,0,0,0.2336,76.64,Good
3588,0,0,0.3933,60.67,Good
3589,0,0,0.1191,88.09,Excellent
3590,0,0,0.1743,82.57,Excellent
3591,0,0,0.2069,79.31,Good
3592,0,0,0.2386,76.14,Good
3593,0,0,0.1064,89.36,Excellent
3594,0,0,0.1338,86.62,Excellent
3595,1,1,0.6012,39.88,Poor
3596,1,1,0.7917,20.83,Poor
3597,1,1,0.9401,5.99,Critical
3598,0,0,0.1218,87.82,Excellent
3599,1,1,0.8303,16.97,Critical
3600,1,1,0.7824,21.76,Poor
3601,1,1,0.5782,42.18,Fair
3602,1,1,0.9546,4.54,Critical
3603,0,0,0.2883,71.17,Good
3604,1,1,0.9327,6.73,Critical
3605,1,0,0.3322,66.78,Good
3606,1,1,0.7331,26.69,Poor
3607,0,0,0.2453,75.47,Good
3608,1,1,0.8912,10.88,Critical
3609,1,1,0.8805,11.95,Critical
3610,1,1,0.9483,5.17,Critical
3611,1,1,0.7815,21.85,Poor
3612,0,0,0.0702,92.98,Excellent
3613,1,1,0.5019,49.81,Fair
3614,1,0,0.4761,52.39,Fair
3615,0,0,0.1593,84.07,Excellent
3616,1,1,0.9014,9.86,Critical
3617,0,0,0.2042,79.58,Good
3618,0,0,0.1177,88.23,Excellent
3619,0,0,0.1631,83.69,Excellent
3620,1,1,0.8618,13.82,Critical
3621,1,1,0.8131,18.69,Critical
3622,1,1,0.8792,12.08,Critical
3623,0,0,0.3872,61.28,Good
3624,0,0,0.1134,88.66,Excellent
3625,0,0,0.0984,90.16,Excellent
3626,1,1,0.9271,7.29,Critical
3627,1,1,0.9578,4.22,Critical
3628,0,0,0.136,86.4,Excellent
3629,0,0,0.1936,80.64,Excellent
3630,0,0,0.1244,87.56,Excellent
3631,1,1,0.9254,7.46,Critical
3632,1,1,0.7093,29.07,Poor
3633,1,1,0.7868,21.32,Poor
3634,0,0,0.1877,81.23,Excellent
3635,0,0,0.1272,87.28,Excellent
3636,0,0,0.187,81.3,Excellent
3637,1,1,0.9327,6.73,Critical
3638,1,1,0.7594,24.06,Poor
3639,0,0,0.1015,89.85,Excellent
3640,0,0,0.1071,89.29,Excellent
3641,1,1,0.8885,11.15,Critical
3642,1,1,0.6808,31.92,Poor
3643,0,0,0.053,94.7,Excellent
3644,1,1,0.8349,16.51,Critical
3645,1,1,0.869,13.1,Critical
3646,1,1,0.9683,3.17,Critical
3647,0,0,0.2396,76.04,Good
3648,1,1,0.932,6.8,Critical
3649,1,1,0.893,10.7,Critical
3650,0,0,0.2614,73.86,Good
3651,1,1,0.9314,6.86,Critical
3652,0,0,0.1437,85.63,Excellent
3653,1,1,0.9839,1.61,Critical
3654,1,1,0.9358,6.42,Critical
3655,0,0,0.0982,90.18,Excellent
3656,1,1,0.9286,7.14,Critical
3657,0,0,0.1467,85.33,Excellent
3658,1,1,0.7549,24.51,Poor
3659,1,1,0.7972,20.28,Poor
3660,0,0,0.1428,85.72,Excellent
3661,0,0,0.0943,90.57,Excellent
3662,0,0,0.0814,91.86,Excellent
3663,1,1,0.9877,1.23,Critical
3664,0,0,0.1134,88.66,Excellent
3665,0,0,0.1002,89.98,Excellent
3666,0,0,0.073,92.7,Excellent
3667,1,1,0.9305,6.95,Critical
3668,1,1,0.8801,11.99,Critical
3669,0,0,0.1235,87.65,Excellent
3670,1,1,0.836,16.4,Critical
3671,0,0,0.4069,59.31,Fair
3672,0,0,0.0762,92.38,Excellent
3673,0,0,0.2453,75.47,Good
3674,0,0,0.1403,85.97,Excellent
3675,0,0,0.1128,88.72,Excellent
3676,1,1,0.7499,25.01,Poor
3677,1,1,0.9226,7.74,Critical
3678,1,1,0.9054,9.46,Critical
3679,1,1,0.8946,10.54,Critical
3680,1,1,0.8817,11.83,Critical
3681,0,0,0.2901,70.99,Good
3682,1,1,0.9333,6.67,Critical
3683,0,0,0.397,60.3,Good
3684,1,1,0.6637,33.63,Poor
3685,1,1,0.8324,16.76,Critical
3686,1,1,0.722,27.8,Poor
3687,1,1,0.834,16.6,Critical
3688,1,1,0.9194,8.06,Critical
3689,1,1,0.6283,37.17,Poor
3690,0,0,0.1905,80.95,Excellent
3691,0,0,0.1646,83.54,Excellent
3692,1,1,0.9603,3.97,Critical
3693,1,1,0.9469,5.31,Critical
3694,1,1,0.9373,6.27,Critical
3695,1,1,0.8457,15.43,Critical
3696,0,0,0.0786,92.14,Excellent
3697,0,0,0.4561,54.39,Fair
3698,1,1,0.9442,5.58,Critical
3699,1,1,0.7763,22.37,Poor
3700,1,1,0.7289,27.11,Poor
3701,0,0,0.1225,87.75,Excellent
3702,0,0,0.2735,72.65,Good
3703,0,0,0.4301,56.99,Fair
3704,1,1,0.915,8.5,Critical
3705,0,0,0.1564,84.36,Excellent
3706,1,1,0.8795,12.05,Critical
3707,1,1,0.8479,15.21,Critical
3708,0,0,0.2721,72.79,Good
3709,1,1,0.9176,8.24,Critical
3710,0,0,0.1446,85.54,Excellent
3711,0,0,0.0912,90.88,Excellent
3712,0,0,0.0779,92.21,Excellent
3713,0,0,0.4325,56.75,Fair
3714,0,0,0.245,75.5,Good
3715,1,1,0.9429,5.71,Critical
3716,1,0,0.2629,73.71,Good
3717,1,1,0.9529,4.71,Critical
3718,1,0,0.4671,53.29,Fair
3719,0,0,0.185,81.5,Excellent
3720,1,0,0.3506,64.94,Good
3721,0,0,0.093,90.7,Excellent
3722,1,1,0.8826,11.74,Critical
3723,1,1,0.9246,7.54,Critical
3724,1,0,0.3138,68.62,Good
3725,0,0,0.4533,54.67,Fair
3726,0,0,0.1032,89.68,Excellent
3727,1,1,0.6232,37.68,Poor
3728,1,1,0.8728,12.72,Critical
3729,0,0,0.0584,94.16,Excellent
3730,0,0,0.1555,84.45,Excellent
3731,1,1,0.9547,4.53,Critical
3732,1,1,0.525,47.5,Fair
3733,1,1,0.9037,9.63,Critical
3734,1,1,0.892,10.8,Critical
3735,0,0,0.1226,87.74,Excellent
3736,1,1,0.5794,42.06,Fair
3737,0,0,0.0959,90.41,Excellent
3738,1,1,0.8088,19.12,Critical
3739,1,1,0.5959,40.41,Fair
3740,0,0,0.1102,88.98,Excellent
3741,1,1,0.8861,11.39,Critical
3742,1,1,0.7893,21.07,Poor
3743,0,0,0.1647,83.53,Excellent
3744,1,1,0.5141,48.59,Fair
3745,1,1,0.7589,24.11,Poor
3746,1,1,0.8556,14.44,Critical
3747,0,0,0.2526,74.74,Good
3748,0,0,0.1142,88.58,Excellent
3749,1,1,0.6323,36.77,Poor
3750,1,1,0.754,24.6,Poor
3751,1,1,0.7579,24.21,Poor
3752,0,0,0.1106,88.94,Excellent
3753,0,0,0.1291,87.09,Excellent
3754,1,1,0.903,9.7,Critical
3755,0,0,0.1983,80.17,Excellent
3756,1,1,0.8333,16.67,Critical
3757,0,0,0.1534,84.66,Excellent
3758,0,0,0.2634,73.66,Good
3759,0,0,0.1815,81.85,Excellent
3760,0,0,0.1428,85.72,Excellent
3761,1,1,0.8972,10.28,Critical
3762,0,0,0.057,94.3,Excellent
3763,0,0,0.4849,51.51,Fair
3764,0,0,0.2084,79.16,Good
3765,1,1,0.6574,34.26,Poor
3766,0,0,0.3917,60.83,Good
3767,1,1,0.5938,40.62,Fair
3768,1,1,0.9423,5.77,Critical
3769,0,0,0.0874,91.26,Excellent
3770,0,0,0.129,87.1,Excellent
3771,0,0,0.2305,76.95,Good
3772,1,1,0.6504,34.96,Poor
3773,1,1,0.9179,8.21,Critical
3774,0,0,0.0855,91.45,Excellent
3775,0,0,0.0721,92.79,Excellent
3776,0,0,0.4129,58.71,Fair
3777,0,0,0.2991,70.09,Good
3778,0,0,0.0977,90.23,Excellent
3779,1,1,0.6391,36.09,Poor
3780,1,1,0.8577,14.23,Critical
3781,0,0,0.1056,89.44,Excellent
3782,1,1,0.5737,42.63,Fair
3783,1,1,0.9029,9.71,Critical
3784,0,0,0.0836,91.64,Excellent
3785,1,1,0.9076,9.24,Critical
3786,0,0,0.1008,89.92,Excellent
3787,0,0,0.1187,88.13,Excellent
3788,1,1,0.8691,13.09,Critical
3789,0,0,0.1869,81.31,Excellent
3790,1,1,0.618,38.2,Poor
3791,0,0,0.2002,79.98,Good
3792,1,1,0.7423,25.77,Poor
3793,0,0,0.0592,94.08,Excellent
3794,1,1,0.7311,26.89,Poor
3795,0,0,0.1499,85.01,Excellent
3796,1,1,0.9462,5.38,Critical
3797,0,0,0.1003,89.97,Excellent
3798,1,1,0.9315,6.85,Critical
3799,0,0,0.1759,82.41,Excellent
3800,1,1,0.8909,10.91,Critical
3801,1,1,0.8428,15.72,Critical
3802,1,1,0.8349,16.51,Critical
3803,0,0,0.2027,79.73,Good
3804,0,0,0.1625,83.75,Excellent
3805,0,0,0.3598,64.02,Good
3806,1,1,0.6573,34.27,Poor
3807,0,0,0.1601,83.99,Excellent
3808,0,0,0.0951,90.49,Excellent
3809,0,0,0.2302,76.98,Good
3810,1,1,0.9137,8.63,Critical
3811,0,0,0.1298,87.02,Excellent
3812,1,1,0.8548,14.52,Critical
3813,0,0,0.2258,77.42,Good
3814,0,1,0.5231,47.69,Fair
3815,1,1,0.574,42.6,Fair
3816,1,1,0.7812,21.88,Poor
3817,1,1,0.797,20.3,Poor
3818,0,0,0.0815,91.85,Excellent
3819,0,0,0.0939,90.61,Excellent
3820,0,0,0.1531,84.69,Excellent
3821,1,1,0.9536,4.64,Critical
3822,0,0,0.2436,75.64,Good
3823,1,1,0.8864,11.36,Critical
3824,0,0,0.094,90.6,Excellent
3825,0,0,0.0776,92.24,Excellent
3826,0,0,0.1017,89.83,Excellent
3827,0,0,0.1638,83.62,Excellent
3828,1,1,0.6611,33.89,Poor
3829,0,0,0.1819,81.81,Excellent
3830,0,0,0.1834,81.66,Excellent
3831,1,1,0.8775,12.25,Critical
3832,0,0,0.2394,76.06,Good
3833,1,1,0.7013,29.87,Poor
3834,1,1,0.8954,10.46,Critical
3835,0,0,0.2992,70.08,Good
3836,0,0,0.2017,79.83,Good
3837,0,0,0.1242,87.58,Excellent
3838,1,1,0.9092,9.08,Critical
3839,1,1,0.971,2.9,Critical
3840,1,1,0.9771,2.29,Critical
3841,0,0,0.2891,71.09,Good
3842,1,1,0.8498,15.02,Critical
3843,1,1,0.5092,49.08,Fair
3844,0,0,0.1981,80.19,Excellent
3845,0,0,0.0436,95.64,Excellent
3846,0,0,0.2678,73.22,Good
3847,1,1,0.9834,1.66,Critical
3848,0,0,0.1574,84.26,Excellent
3849,1,1,0.6667,33.33,Poor
3850,0,0,0.0893,91.07,Excellent
3851,1,1,0.9804,1.96,Critical
3852,1,1,0.9468,5.32,Critical
3853,1,1,0.5776,42.24,Fair
3854,0,0,0.3331,66.69,Good
3855,1,1,0.9497,5.03,Critical
3856,0,0,0.0925,90.75,Excellent
3857,0,0,0.0963,90.37,Excellent
3858,1,1,0.9433,5.67,Critical
3859,1,1,0.7301,26.99,Poor
3860,0,0,0.4405,55.95,Fair
3861,1,1,0.9037,9.63,Critical
3862,1,1,0.9677,3.23,Critical
3863,1,1,0.7646,23.54,Poor
3864,0,0,0.1101,88.99,Excellent
3865,1,1,0.8366,16.34,Critical
3866,1,1,0.768,23.2,Poor
3867,0,0,0.2157,78.43,Good
3868,1,1,0.6969,30.31,Poor
3869,1,1,0.7699,23.01,Poor
3870,0,0,0.085,91.5,Excellent
3871,0,0,0.3584,64.16,Good
3872,0,0,0.1113,88.87,Excellent
3873,0,0,0.0939,90.61,Excellent
3874,0,0,0.1212,87.88,Excellent
3875,1,1,0.9818,1.82,Critical
3876,1,1,0.8909,10.91,Critical
3877,1,1,0.9127,8.73,Critical
3878,0,0,0.2832,71.68,Good
3879,1,1,0.908,9.2,Critical
3880,0,0,0.0892,91.08,Excellent
3881,1,1,0.911,8.9,Critical
3882,0,0,0.0935,90.65,Excellent
3883,0,0,0.0552,94.48,Excellent
3884,0,0,0.0893,91.07,Excellent
3885,0,0,0.0878,91.22,Excellent
3886,0,0,0.062,93.8,Excellent
3887,0,0,0.3477,65.23,Good
3888,0,0,0.2599,74.01,Good
3889,1,1,0.9473,5.27,Critical
3890,1,1,0.9509,4.91,Critical
3891,0,0,0.1479,85.21,Excellent
3892,1,1,0.9309,6.91,Critical
3893,0,0,0.3,70.0,Good
3894,1,1,0.9326,6.74,Critical
3895,0,0,0.2457,75.43,Good
3896,1,1,0.9857,1.43,Critical
3897,0,0,0.0801,91.99,Excellent
3898,0,0,0.1784,82.16,Excellent
3899,1,1,0.8997,10.03,Critical
3900,0,0,0.2778,72.22,Good
3901,0,0,0.1107,88.93,Excellent
3902,1,1,0.8732,12.68,Critical
3903,1,1,0.7616,23.84,Poor
3904,1,1,0.8064,19.36,Critical
3905,0,0,0.0972,90.28,Excellent
3906,1,1,0.8996,10.04,Critical
3907,1,1,0.7774,22.26,Poor
3908,1,1,0.5954,40.46,Fair
3909,1,1,0.9719,2.81,Critical
3910,1,1,0.7274,27.26,Poor
3911,0,0,0.1851,81.49,Excellent
3912,1,1,0.9221,7.79,Critical
3913,1,1,0.8127,18.73,Critical
3914,0,0,0.1066,89.34,Excellent
3915,0,0,0.1393,86.07,Excellent
3916,0,0,0.3155,68.45,Good
3917,0,0,0.0975,90.25,Excellent
3918,0,0,0.1361,86.39,Excellent
3919,0,0,0.1644,83.56,Excellent
3920,0,0,0.0969,90.31,Excellent
3921,0,0,0.0963,90.37,Excellent
3922,0,0,0.1397,86.03,Excellent
3923,0,0,0.0832,91.68,Excellent
3924,1,1,0.8995,10.05,Critical
3925,0,0,0.0431,95.69,Excellent
3926,1,1,0.5408,45.92,Fair
3927,0,0,0.2249,77.51,Good
3928,0,0,0.098,90.2,Excellent
3929,1,1,0.9262,7.38,Critical
3930,0,0,0.142,85.8,Excellent
3931,1,1,0.761,23.9,Poor
3932,0,0,0.3015,69.85,Good
3933,0,0,0.3486,65.14,Good
3934,1,1,0.9516,4.84,Critical
3935,1,1,0.9498,5.02,Critical
3936,1,1,0.8921,10.79,Critical
3937,1,1,0.927,7.3,Critical
3938,1,1,0.9683,3.17,Critical
3939,1,1,0.9261,7.39,Critical
3940,1,1,0.9298,7.02,Critical
3941,0,0,0.1794,82.06,Excellent
3942,1,1,0.8695,13.05,Critical
3943,0,0,0.4975,50.25,Fair
3944,1,1,0.8858,11.42,Critical
3945,0,0,0.1835,81.65,Excellent
3946,0,0,0.1469,85.31,Excellent
3947,1,1,0.8434,15.66,Critical
3948,1,1,0.7398,26.02,Poor
3949,1,1,0.8923,10.77,Critical
3950,0,0,0.0883,91.17,Excellent
3951,1,1,0.8871,11.29,Critical
3952,1,1,0.8686,13.14,Critical
3953,0,0,0.1372,86.28,Excellent
3954,1,1,0.6347,36.53,Poor
3955,0,0,0.1149,88.51,Excellent
3956,1,1,0.9441,5.59,Critical
3957,0,0,0.0585,94.15,Excellent
3958,0,0,0.1304,86.96,Excellent
3959,1,1,0.9144,8.56,Critical
3960,1,1,0.9183,8.17,Critical
3961,0,0,0.1061,89.39,Excellent
3962,0,0,0.037,96.3,Excellent
3963,0,0,0.1012,89.88,Excellent
3964,1,0,0.4909,50.91,Fair
3965,0,0,0.1099,89.01,Excellent
3966,1,1,0.5659,43.41,Fair
3967,0,0,0.0763,92.37,Excellent
3968,0,0,0.1326,86.74,Excellent
3969,1,1,0.8333,16.67,Critical
3970,1,1,0.9388,6.12,Critical
3971,1,1,0.7492,25.08,Poor
3972,1,1,0.8513,14.87,Critical
3973,1,1,0.9455,5.45,Critical
3974,1,1,0.8857,11.43,Critical
3975,1,1,0.8395,16.05,Critical
3976,1,1,0.9098,9.02,Critical
3977,0,0,0.2278,77.22,Good
3978,1,1,0.8001,19.99,Critical
3979,0,0,0.1009,89.91,Excellent
3980,0,0,0.0868,91.32,Excellent
3981,0,0,0.1322,86.78,Excellent
3982,1,1,0.8773,12.27,Critical
3983,0,0,0.1288,87.12,Excellent
3984,1,1,0.807,19.3,Critical
3985,1,1,0.8596,14.04,Critical
3986,1,1,0.8365,16.35,Critical
3987,0,0,0.0798,92.02,Excellent
3988,0,0,0.2538,74.62,Good
3989,1,1,0.8738,12.62,Critical
3990,1,1,0.8273,17.27,Critical
3991,1,1,0.5661,43.39,Fair
3992,0,0,0.0587,94.13,Excellent
3993,0,0,0.4626,53.74,Fair
3994,1,1,0.9417,5.83,Critical
3995,1,1,0.9767,2.33,Critical
3996,0,0,0.0397,96.03,Excellent
3997,1,1,0.7167,28.33,Poor
3998,0,0,0.2149,78.51,Good
3999,0,0,0.0821,91.79,Excellent
4000,0,0,0.0973,90.27,Excellent
4001,1,1,0.9585,4.15,Critical
4002,1,1,0.955,4.5,Critical
4003,1,1,0.6266,37.34,Poor
4004,1,1,0.8376,16.24,Critical
4005,0,0,0.1324,86.76,Excellent
4006,0,0,0.1567,84.33,Excellent
4007,0,0,0.1549,84.51,Excellent
4008,0,0,0.1179,88.21,Excellent
4009,1,1,0.8783,12.17,Critical
4010,0,0,0.1111,88.89,Excellent
4011,0,0,0.1601,83.99,Excellent
4012,0,0,0.0681,93.19,Excellent
4013,0,0,0.2256,77.44,Good
4014,1,1,0.8917,10.83,Critical
4015,0,0,0.2777,72.23,Good
4016,0,0,0.0935,90.65,Excellent
4017,0,1,0.5393,46.07,Fair
4018,0,0,0.1454,85.46,Excellent
4019,0,0,0.3134,68.66,Good
4020,1,1,0.8505,14.95,Critical
4021,1,1,0.9562,4.38,Critical
4022,1,1,0.8535,14.65,Critical
4023,1,0,0.4154,58.46,Fair
4024,0,0,0.1429,85.71,Excellent
4025,0,0,0.1602,83.98,Excellent
4026,0,0,0.1604,83.96,Excellent
4027,0,0,0.0912,90.88,Excellent
4028,1,1,0.6576,34.24,Poor
4029,1,1,0.8192,18.08,Critical
4030,0,0,0.1132,88.68,Excellent
4031,0,0,0.1919,80.81,Excellent
4032,1,1,0.945,5.5,Critical
4033,0,0,0.0906,90.94,Excellent
4034,1,1,0.8792,12.08,Critical
4035,1,1,0.9282,7.18,Critical
4036,1,1,0.9067,9.33,Critical
4037,0,0,0.167,83.3,Excellent
4038,0,0,0.1466,85.34,Excellent
4039,0,0,0.2172,78.28,Good
4040,1,1,0.9253,7.47,Critical
4041,0,0,0.0755,92.45,Excellent
4042,0,0,0.4307,56.93,Fair
4043,0,0,0.2631,73.69,Good
4044,0,0,0.1537,84.63,Excellent
4045,1,1,0.7825,21.75,Poor
4046,1,1,0.8896,11.04,Critical
4047,1,1,0.9481,5.19,Critical
4048,0,0,0.0598,94.02,Excellent
4049,1,1,0.9045,9.55,Critical
4050,0,0,0.0691,93.09,Excellent
4051,0,0,0.4103,58.97,Fair
4052,1,1,0.8744,12.56,Critical
4053,0,0,0.4368,56.32,Fair
4054,0,0,0.0867,91.33,Excellent
4055,0,0,0.2543,74.57,Good
4056,0,0,0.1086,89.14,Excellent
4057,0,0,0.2138,78.62,Good
4058,1,1,0.8274,17.26,Critical
4059,0,0,0.1117,88.83,Excellent
4060,0,0,0.3456,65.44,Good
4061,1,1,0.9408,5.92,Critical
4062,0,0,0.1814,81.86,Excellent
4063,0,0,0.3018,69.82,Good
4064,0,0,0.1929,80.71,Excellent
4065,0,0,0.0938,90.62,Excellent
4066,1,1,0.9575,4.25,Critical
4067,1,1,0.745,25.5,Poor
4068,0,0,0.1094,89.06,Excellent
4069,0,0,0.1306,86.94,Excellent
4070,0,0,0.1798,82.02,Excellent
4071,1,1,0.929,7.1,Critical
4072,1,1,0.8745,12.55,Critical
4073,1,1,0.6478,35.22,Poor
4074,0,0,0.1042,89.58,Excellent
4075,1,1,0.8911,10.89,Critical
4076,1,1,0.8671,13.29,Critical
4077,1,1,0.7508,24.92,Poor
4078,1,1,0.8913,10.87,Critical
4079,1,1,0.9169,8.31,Critical
4080,0,0,0.0963,90.37,Excellent
4081,1,1,0.7677,23.23,Poor
4082,0,0,0.0681,93.19,Excellent
4083,0,0,0.0579,94.21,Excellent
4084,0,0,0.0784,92.16,Excellent
4085,0,0,0.0514,94.86,Excellent
4086,1,1,0.6937,30.63,Poor
4087,0,0,0.1702,82.98,Excellent
4088,0,0,0.1898,81.02,Excellent
4089,0,0,0.2932,70.68,Good
4090,0,0,0.127,87.3,Excellent
4091,1,1,0.9588,4.12,Critical
4092,1,1,0.7593,24.07,Poor
4093,1,1,0.8274,17.26,Critical
4094,1,1,0.945,5.5,Critical
4095,0,1,0.556,44.4,Fair
4096,0,0,0.1404,85.96,Excellent
4097,1,1,0.8506,14.94,Critical
4098,1,1,0.9389,6.11,Critical
4099,1,1,0.8378,16.22,Critical
4100,1,1,0.8286,17.14,Critical
4101,0,0,0.0803,91.97,Excellent
4102,0,0,0.132,86.8,Excellent
4103,0,0,0.2356,76.44,Good
4104,0,0,0.1453,85.47,Excellent
4105,0,0,0.1282,87.18,Excellent
4106,0,0,0.1203,87.97,Excellent
4107,0,0,0.0845,91.55,Excellent
4108,1,1,0.8889,11.11,Critical
4109,1,1,0.8832,11.68,Critical
4110,0,0,0.0629,93.71,Excellent
4111,0,0,0.1605,83.95,Excellent
4112,0,0,0.1376,86.24,Excellent
4113,1,1,0.9823,1.77,Critical
4114,0,0,0.0459,95.41,Excellent
4115,1,1,0.7435,25.65,Poor
4116,0,0,0.1359,86.41,Excellent
4117,0,0,0.1492,85.08,Excellent
4118,1,1,0.8428,15.72,Critical
4119,0,0,0.1527,84.73,Excellent
4120,1,1,0.6843,31.57,Poor
4121,1,1,0.705,29.5,Poor
4122,1,1,0.9235,7.65,Critical
4123,0,0,0.067,93.3,Excellent
4124,1,1,0.8778,12.22,Critical
4125,1,1,0.8452,15.48,Critical
4126,1,1,0.9053,9.47,Critical
4127,1,1,0.6699,33.01,Poor
4128,1,1,0.9755,2.45,Critical
4129,1,1,0.9642,3.58,Critical
4130,1,1,0.9469,5.31,Critical
4131,1,1,0.7743,22.57,Poor
4132,1,1,0.9269,7.31,Critical
4133,0,0,0.1551,84.49,Excellent
4134,1,1,0.6674,33.26,Poor
4135,0,0,0.1244,87.56,Excellent
4136,1,1,0.8499,15.01,Critical
4137,0,0,0.1421,85.79,Excellent
4138,0,0,0.3257,67.43,Good
4139,0,0,0.117,88.3,Excellent
4140,1,1,0.9756,2.44,Critical
4141,1,1,0.8731,12.69,Critical
4142,1,1,0.9519,4.81,Critical
4143,0,0,0.2034,79.66,Good
4144,0,0,0.222,77.8,Good
4145,0,0,0.1111,88.89,Excellent
4146,0,0,0.1609,83.91,Excellent
4147,0,0,0.0732,92.68,Excellent
4148,1,1,0.9456,5.44,Critical
4149,1,1,0.8539,14.61,Critical
4150,1,1,0.939,6.1,Critical
4151,0,0,0.1881,81.19,Excellent
4152,0,0,0.1146,88.54,Excellent
4153,0,0,0.2144,78.56,Good
4154,1,1,0.6949,30.51,Poor
4155,0,0,0.2332,76.68,Good
4156,1,1,0.774,22.6,Poor
4157,0,0,0.1273,87.27,Excellent
4158,0,0,0.1022,89.78,Excellent
4159,1,1,0.9641,3.59,Critical
4160,0,0,0.2171,78.29,Good
4161,0,0,0.2736,72.64,Good
4162,1,1,0.8537,14.63,Critical
4163,0,0,0.1674,83.26,Excellent
4164,1,1,0.8348,16.52,Critical
4165,0,1,0.5558,44.42,Fair
4166,1,1,0.8966,10.34,Critical
4167,1,1,0.895,10.5,Critical
4168,0,0,0.1748,82.52,Excellent
4169,0,0,0.071,92.9,Excellent
4170,0,0,0.0779,92.21,Excellent
4171,0,0,0.0842,91.58,Excellent
4172,0,0,0.0642,93.58,Excellent
4173,0,0,0.1986,80.14,Excellent
4174,0,0,0.141,85.9,Excellent
4175,0,0,0.0468,95.32,Excellent
4176,0,0,0.0763,92.37,Excellent
4177,1,1,0.71,29.0,Poor
4178,0,0,0.1519,84.81,Excellent
4179,0,0,0.0911,90.89,Excellent
4180,0,0,0.0635,93.65,Excellent
4181,0,0,0.0754,92.46,Excellent
4182,0,0,0.27,73.0,Good
4183,1,1,0.7587,24.13,Poor
4184,0,0,0.1169,88.31,Excellent
4185,0,0,0.0975,90.25,Excellent
4186,0,0,0.0964,90.36,Excellent
4187,0,0,0.1933,80.67,Excellent
4188,1,1,0.662,33.8,Poor
4189,1,1,0.9025,9.75,Critical
4190,1,1,0.8683,13.17,Critical
4191,1,1,0.9441,5.59,Critical
4192,0,0,0.1854,81.46,Excellent
4193,0,0,0.1217,87.83,Excellent
4194,1,1,0.7651,23.49,Poor
4195,0,0,0.1845,81.55,Excellent
4196,0,0,0.1196,88.04,Excellent
4197,1,1,0.9743,2.57,Critical
4198,1,1,0.9331,6.69,Critical
4199,0,0,0.1079,89.21,Excellent
4200,0,0,0.0878,91.22,Excellent
4201,0,0,0.1598,84.02,Excellent
4202,0,0,0.1866,81.34,Excellent
4203,1,1,0.8345,16.55,Critical
4204,1,1,0.6356,36.44,Poor
4205,0,0,0.054,94.6,Excellent
4206,1,1,0.8057,19.43,Critical
4207,0,0,0.0724,92.76,Excellent
4208,0,0,0.2247,77.53,Good
4209,1,1,0.8057,19.43,Critical
4210,0,0,0.2769,72.31,Good
4211,1,1,0.7995,20.05,Poor
4212,0,0,0.2994,70.06,Good
4213,0,0,0.1015,89.85,Excellent
4214,1,1,0.8448,15.52,Critical
4215,0,0,0.0952,90.48,Excellent
4216,0,0,0.4849,51.51,Fair
4217,0,0,0.1701,82.99,Excellent
4218,0,0,0.0648,93.52,Excellent
4219,1,1,0.6371,36.29,Poor
4220,0,0,0.1539,84.61,Excellent
4221,1,1,0.9195,8.05,Critical
4222,0,0,0.1002,89.98,Excellent
4223,1,1,0.9507,4.93,Critical
4224,1,1,0.752,24.8,Poor
4225,1,1,0.8195,18.05,Critical
4226,0,0,0.3075,69.25,Good
4227,0,1,0.5762,42.38,Fair
4228,1,1,0.9276,7.24,Critical
4229,1,1,0.8895,11.05,Critical
4230,0,0,0.1315,86.85,Excellent
4231,1,1,0.7332,26.68,Poor
4232,0,0,0.0976,90.24,Excellent
4233,1,1,0.8112,18.88,Critical
4234,0,0,0.1929,80.71,Excellent
4235,0,0,0.2162,78.38,Good
4236,1,1,0.9123,8.77,Critical
4237,1,1,0.6718,32.82,Poor
4238,1,1,0.8286,17.14,Critical
4239,1,1,0.9389,6.11,Critical
4240,0,0,0.1432,85.68,Excellent
4241,1,1,0.9163,8.37,Critical
4242,1,1,0.9164,8.36,Critical
4243,0,0,0.1232,87.68,Excellent
4244,0,0,0.1701,82.99,Excellent
4245,1,1,0.9244,7.56,Critical
4246,1,1,0.9665,3.35,Critical
4247,1,1,0.9387,6.13,Critical
4248,0,0,0.1525,84.75,Excellent
4249,1,1,0.5709,42.91,Fair
4250,0,0,0.0837,91.63,Excellent
4251,1,1,0.8484,15.16,Critical
4252,0,0,0.2094,79.06,Good
4253,0,0,0.0553,94.47,Excellent
4254,0,0,0.0528,94.72,Excellent
4255,1,1,0.9462,5.38,Critical
4256,0,0,0.1716,82.84,Excellent
4257,0,0,0.0689,93.11,Excellent
4258,0,0,0.0586,94.14,Excellent
4259,0,0,0.1427,85.73,Excellent
4260,0,0,0.1318,86.82,Excellent
4261,0,0,0.1449,85.51,Excellent
4262,0,0,0.1071,89.29,Excellent
4263,0,0,0.2855,71.45,Good
4264,0,0,0.1423,85.77,Excellent
4265,0,0,0.0821,91.79,Excellent
4266,0,0,0.1635,83.65,Excellent
4267,1,1,0.9708,2.92,Critical
4268,0,0,0.0495,95.05,Excellent
4269,0,0,0.1791,82.09,Excellent
4270,0,0,0.1016,89.84,Excellent
4271,1,1,0.5401,45.99,Fair
4272,1,1,0.6912,30.88,Poor
4273,1,1,0.9458,5.42,Critical
4274,1,1,0.9634,3.66,Critical
4275,0,0,0.3028,69.72,Good
4276,0,0,0.2915,70.85,Good
4277,0,0,0.2195,78.05,Good
4278,1,1,0.8362,16.38,Critical
4279,1,1,0.9777,2.23,Critical
4280,1,1,0.8969,10.31,Critical
4281,1,1,0.8291,17.09,Critical
4282,0,0,0.2457,75.43,Good
4283,0,0,0.0968,90.32,Excellent
4284,1,1,0.8104,18.96,Critical
4285,1,1,0.9552,4.48,Critical
4286,1,1,0.9247,7.53,Critical
4287,0,0,0.0559,94.41,Excellent
4288,1,1,0.6382,36.18,Poor
4289,0,0,0.1157,88.43,Excellent
4290,1,1,0.8108,18.92,Critical
4291,0,0,0.1169,88.31,Excellent
4292,0,0,0.0893,91.07,Excellent
4293,1,1,0.6171,38.29,Poor
4294,0,0,0.2086,79.14,Good
4295,1,1,0.8613,13.87,Critical
4296,0,0,0.2177,78.23,Good
4297,1,1,0.7928,20.72,Poor
4298,0,0,0.1548,84.52,Excellent
4299,1,1,0.781,21.9,Poor
4300,1,0,0.4842,51.58,Fair
4301,0,0,0.1578,84.22,Excellent
4302,0,0,0.193,80.7,Excellent
4303,0,0,0.0891,91.09,Excellent
4304,1,1,0.9648,3.52,Critical
4305,0,0,0.0635,93.65,Excellent
4306,0,0,0.1435,85.65,Excellent
4307,1,0,0.3543,64.57,Good
4308,1,1,0.8479,15.21,Critical
4309,1,1,0.9236,7.64,Critical
4310,0,0,0.1121,88.79,Excellent
4311,1,1,0.9681,3.19,Critical
4312,1,1,0.9305,6.95,Critical
4313,0,0,0.1357,86.43,Excellent
4314,1,1,0.7664,23.36,Poor
4315,1,0,0.4472,55.28,Fair
4316,0,0,0.1262,87.38,Excellent
4317,1,1,0.7511,24.89,Poor
4318,0,0,0.4206,57.94,Fair
4319,1,1,0.9174,8.26,Critical
4320,0,0,0.1367,86.33,Excellent
4321,1,1,0.7856,21.44,Poor
4322,1,1,0.7861,21.39,Poor
4323,0,0,0.2348,76.52,Good
4324,1,1,0.837,16.3,Critical
4325,1,1,0.9088,9.12,Critical
4326,1,1,0.9673,3.27,Critical
4327,0,0,0.052,94.8,Excellent
4328,0,0,0.4936,50.64,Fair
4329,0,0,0.1136,88.64,Excellent
4330,0,0,0.1322,86.78,Excellent
4331,0,0,0.1548,84.52,Excellent
4332,0,0,0.1312,86.88,Excellent
4333,1,1,0.8398,16.02,Critical
4334,0,0,0.0809,91.91,Excellent
4335,0,0,0.1732,82.68,Excellent
4336,0,0,0.2768,72.32,Good
4337,1,1,0.7899,21.01,Poor
4338,0,0,0.2499,75.01,Good
4339,0,0,0.0549,94.51,Excellent
4340,1,1,0.5152,48.48,Fair
4341,1,1,0.9046,9.54,Critical
4342,0,0,0.1474,85.26,Excellent
4343,0,0,0.1226,87.74,Excellent
4344,0,0,0.0844,91.56,Excellent
4345,1,1,0.9694,3.06,Critical
4346,0,0,0.1198,88.02,Excellent
4347,0,0,0.1717,82.83,Excellent
4348,0,0,0.1925,80.75,Excellent
4349,0,0,0.1909,80.91,Excellent
4350,0,0,0.0594,94.06,Excellent
4351,1,1,0.7449,25.51,Poor
4352,0,0,0.0668,93.32,Excellent
4353,0,0,0.1213,87.87,Excellent
4354,0,0,0.3537,64.63,Good
4355,1,1,0.8642,13.58,Critical
4356,0,0,0.1852,81.48,Excellent
4357,1,1,0.901,9.9,Critical
4358,0,0,0.1879,81.21,Excellent
4359,0,0,0.0703,92.97,Excellent
4360,0,0,0.1694,83.06,Excellent
4361,0,0,0.2027,79.73,Good
4362,0,0,0.4038,59.62,Fair
4363,0,0,0.1028,89.72,Excellent
4364,1,1,0.724,27.6,Poor
4365,1,1,0.8847,11.53,Critical
4366,1,0,0.4462,55.38,Fair
4367,1,1,0.7945,20.55,Poor
4368,1,1,0.9555,4.45,Critical
4369,0,0,0.3924,60.76,Good
4370,1,1,0.7912,20.88,Poor
4371,0,0,0.147,85.3,Excellent
4372,1,1,0.8544,14.56,Critical
4373,0,0,0.1067,89.33,Excellent
4374,0,0,0.1304,86.96,Excellent
4375,1,1,0.7816,21.84,Poor
4376,1,1,0.8286,17.14,Critical
4377,0,1,0.5011,49.89,Fair
4378,1,1,0.789,21.1,Poor
4379,0,0,0.1023,89.77,Excellent
4380,1,1,0.971,2.9,Critical
4381,0,0,0.0913,90.87,Excellent
4382,1,1,0.7522,24.78,Poor
4383,0,0,0.2103,78.97,Good
4384,0,0,0.0707,92.93,Excellent
4385,0,0,0.1671,83.29,Excellent
4386,1,1,0.8867,11.33,Critical
4387,1,1,0.8865,11.35,Critical
4388,0,0,0.1822,81.78,Excellent
4389,1,1,0.9252,7.48,Critical
4390,1,1,0.9272,7.28,Critical
4391,1,1,0.9165,8.35,Critical
4392,1,1,0.9763,2.37,Critical
4393,0,0,0.126,87.4,Excellent
4394,1,1,0.9895,1.05,Critical
4395,0,1,0.626,37.4,Poor
4396,0,0,0.1366,86.34,Excellent
4397,0,0,0.1775,82.25,Excellent
4398,0,0,0.1138,88.62,Excellent
4399,0,0,0.0621,93.79,Excellent
4400,0,0,0.0965,90.35,Excellent
4401,0,0,0.2114,78.86,Good
4402,1,1,0.8984,10.16,Critical
4403,0,0,0.245,75.5,Good
4404,1,1,0.8217,17.83,Critical
4405,1,1,0.9477,5.23,Critical
4406,1,1,0.7361,26.39,Poor
4407,1,1,0.9388,6.12,Critical
4408,0,0,0.1165,88.35,Excellent
4409,1,1,0.8929,10.71,Critical
4410,1,1,0.8044,19.56,Critical
4411,0,0,0.0964,90.36,Excellent
4412,1,1,0.8823,11.77,Critical
4413,1,1,0.9628,3.72,Critical
4414,1,1,0.8116,18.84,Critical
4415,0,0,0.1632,83.68,Excellent
4416,1,1,0.9481,5.19,Critical
4417,1,1,0.9027,9.73,Critical
4418,1,1,0.6421,35.79,Poor
4419,0,0,0.0876,91.24,Excellent
4420,1,1,0.9416,5.84,Critical
4421,1,1,0.8763,12.37,Critical
4422,1,1,0.6437,35.63,Poor
4423,0,0,0.2803,71.97,Good
4424,0,0,0.1217,87.83,Excellent
4425,0,0,0.0908,90.92,Excellent
4426,0,0,0.4554,54.46,Fair
4427,0,0,0.0723,92.77,Excellent
4428,1,1,0.83,17.0,Critical
4429,0,0,0.0957,90.43,Excellent
4430,0,0,0.1073,89.27,Excellent
4431,0,0,0.1089,89.11,Excellent
4432,0,0,0.0406,95.94,Excellent
4433,0,0,0.441,55.9,Fair
4434,0,1,0.567,43.3,Fair
4435,1,1,0.828,17.2,Critical
4436,1,1,0.6813,31.87,Poor
4437,0,0,0.0959,90.41,Excellent
4438,0,0,0.0634,93.66,Excellent
4439,1,1,0.841,15.9,Critical
4440,0,0,0.0743,92.57,Excellent
4441,1,0,0.4904,50.96,Fair
4442,1,1,0.8982,10.18,Critical
4443,0,0,0.208,79.2,Good
4444,0,0,0.1063,89.37,Excellent
4445,1,1,0.8719,12.81,Critical
4446,0,0,0.1824,81.76,Excellent
4447,1,1,0.9792,2.08,Critical
4448,1,1,0.9311,6.89,Critical
4449,1,1,0.8825,11.75,Critical
4450,0,0,0.1034,89.66,Excellent
4451,0,0,0.1883,81.17,Excellent
4452,0,0,0.2939,70.61,Good
4453,0,0,0.1937,80.63,Excellent
4454,1,1,0.9199,8.01,Critical
4455,0,0,0.1301,86.99,Excellent
4456,0,0,0.1433,85.67,Excellent
4457,0,0,0.2254,77.46,Good
4458,1,0,0.4712,52.88,Fair
4459,0,0,0.0692,93.08,Excellent
4460,0,0,0.086,91.4,Excellent
4461,1,1,0.8382,16.18,Critical
4462,1,1,0.9082,9.18,Critical
4463,0,0,0.1081,89.19,Excellent
4464,1,1,0.9618,3.82,Critical
4465,0,0,0.0521,94.79,Excellent
4466,1,1,0.8467,15.33,Critical
4467,0,0,0.1059,89.41,Excellent
4468,0,0,0.0666,93.34,Excellent
4469,0,0,0.3752,62.48,Good
4470,0,0,0.1447,85.53,Excellent
4471,1,1,0.971,2.9,Critical
4472,0,0,0.1145,88.55,Excellent
4473,1,1,0.8918,10.82,Critical
4474,1,1,0.8252,17.48,Critical
4475,0,0,0.0665,93.35,Excellent
4476,0,0,0.1281,87.19,Excellent
4477,1,1,0.8499,15.01,Critical
4478,1,1,0.8732,12.68,Critical
4479,0,0,0.143,85.7,Excellent
4480,0,0,0.0759,92.41,Excellent
4481,1,1,0.8849,11.51,Critical
4482,0,0,0.1808,81.92,Excellent
4483,0,0,0.0639,93.61,Excellent
4484,1,0,0.4783,52.17,Fair
4485,1,1,0.7661,23.39,Poor
4486,0,0,0.1983,80.17,Excellent
4487,0,0,0.2131,78.69,Good
4488,0,0,0.1219,87.81,Excellent
4489,0,0,0.1746,82.54,Excellent
4490,1,1,0.5113,48.87,Fair
4491,1,1,0.8955,10.45,Critical
4492,0,0,0.1183,88.17,Excellent
4493,0,0,0.1425,85.75,Excellent
4494,0,0,0.1279,87.21,Excellent
4495,1,1,0.9227,7.73,Critical
4496,1,1,0.657,34.3,Poor
4497,0,0,0.2732,72.68,Good
4498,0,0,0.0501,94.99,Excellent
4499,0,0,0.1583,84.17,Excellent
4500,0,0,0.1549,84.51,Excellent
4501,0,0,0.0888,91.12,Excellent
4502,0,0,0.0841,91.59,Excellent
4503,1,1,0.9262,7.38,Critical
4504,1,1,0.8054,19.46,Critical
4505,1,1,0.8656,13.44,Critical
4506,0,0,0.3094,69.06,Good
4507,0,0,0.1364,86.36,Excellent
4508,1,1,0.9341,6.59,Critical
4509,0,0,0.0629,93.71,Excellent
4510,1,1,0.8054,19.46,Critical
4511,0,0,0.0684,93.16,Excellent
4512,0,0,0.1114,88.86,Excellent
4513,0,0,0.2604,73.96,Good
4514,1,1,0.6324,36.76,Poor
4515,0,0,0.1292,87.08,Excellent
4516,0,0,0.0435,95.65,Excellent
4517,1,1,0.8913,10.87,Critical
4518,1,1,0.7943,20.57,Poor
4519,1,1,0.941,5.9,Critical
4520,1,1,0.8628,13.72,Critical
4521,1,1,0.9516,4.84,Critical
4522,1,1,0.6494,35.06,Poor
4523,1,1,0.5015,49.85,Fair
4524,0,0,0.2951,70.49,Good
4525,0,0,0.1195,88.05,Excellent
4526,0,0,0.1101,88.99,Excellent
4527,0,0,0.073,92.7,Excellent
4528,0,0,0.0857,91.43,Excellent
4529,1,1,0.8855,11.45,Critical
4530,0,0,0.1538,84.62,Excellent
4531,1,1,0.6841,31.59,Poor
4532,1,1,0.9189,8.11,Critical
4533,0,0,0.2703,72.97,Good
4534,0,0,0.0829,91.71,Excellent
4535,1,1,0.7446,25.54,Poor
4536,0,0,0.0417,95.83,Excellent
4537,1,1,0.8949,10.51,Critical
4538,1,1,0.882,11.8,Critical
4539,0,0,0.051,94.9,Excellent
4540,0,0,0.093,90.7,Excellent
4541,1,1,0.7803,21.97,Poor
4542,1,1,0.878,12.2,Critical
4543,0,0,0.0934,90.66,Excellent
4544,1,1,0.8636,13.64,Critical
4545,1,1,0.8666,13.34,Critical
4546,0,0,0.2519,74.81,Good
4547,1,1,0.7476,25.24,Poor
4548,0,0,0.3311,66.89,Good
4549,0,0,0.3297,67.03,Good
4550,1,1,0.6802,31.98,Poor
4551,1,1,0.7629,23.71,Poor
4552,1,1,0.8446,15.54,Critical
4553,1,0,0.4396,56.04,Fair
4554,0,0,0.1218,87.82,Excellent
4555,0,0,0.4543,54.57,Fair
4556,0,0,0.1441,85.59,Excellent
4557,0,0,0.1899,81.01,Excellent
4558,0,0,0.2827,71.73,Good
4559,0,0,0.2977,70.23,Good
4560,0,0,0.1021,89.79,Excellent
4561,1,1,0.9314,6.86,Critical
4562,1,1,0.7475,25.25,Poor
4563,0,0,0.0655,93.45,Excellent
4564,0,0,0.1001,89.99,Excellent
4565,1,1,0.9197,8.03,Critical
4566,1,1,0.7216,27.84,Poor
4567,0,0,0.284,71.6,Good
4568,1,1,0.8449,15.51,Critical
4569,0,0,0.2103,78.97,Good
4570,0,0,0.0963,90.37,Excellent
4571,0,0,0.2418,75.82,Good
4572,0,0,0.1273,87.27,Excellent
4573,1,1,0.7913,20.87,Poor
4574,1,1,0.919,8.1,Critical
4575,0,0,0.1048,89.52,Excellent
4576,1,1,0.9349,6.51,Critical
4577,0,0,0.1017,89.83,Excellent
4578,0,0,0.4409,55.91,Fair
4579,0,0,0.2109,78.91,Good
4580,1,1,0.9577,4.23,Critical
4581,1,1,0.8754,12.46,Critical
4582,0,1,0.5195,48.05,Fair
4583,1,1,0.7775,22.25,Poor
4584,0,0,0.1993,80.07,Excellent
4585,1,1,0.6641,33.59,Poor
4586,1,1,0.859,14.1,Critical
4587,1,1,0.8873,11.27,Critical
4588,0,0,0.1102,88.98,Excellent
4589,0,0,0.2119,78.81,Good
4590,0,0,0.1518,84.82,Excellent
4591,1,1,0.8267,17.33,Critical
4592,1,1,0.8886,11.14,Critical
4593,1,1,0.5573,44.27,Fair
4594,0,0,0.2326,76.74,Good
4595,1,1,0.6275,37.25,Poor
4596,0,0,0.2261,77.39,Good
4597,1,1,0.832,16.8,Critical
4598,1,1,0.5536,44.64,Fair
4599,0,0,0.2389,76.11,Good
4600,0,0,0.1956,80.44,Excellent
4601,1,1,0.9034,9.66,Critical
4602,1,1,0.8413,15.87,Critical
4603,1,1,0.6041,39.59,Poor
4604,1,1,0.5209,47.91,Fair
4605,1,0,0.4128,58.72,Fair
4606,1,1,0.9588,4.12,Critical
4607,1,1,0.883,11.7,Critical
4608,0,0,0.2804,71.96,Good
4609,0,0,0.2174,78.26,Good
4610,0,0,0.0707,92.93,Excellent
4611,1,1,0.51,49.0,Fair
4612,0,0,0.0537,94.63,Excellent
4613,1,1,0.8724,12.76,Critical
4614,1,1,0.9408,5.92,Critical
4615,1,1,0.965,3.5,Critical
4616,1,1,0.9043,9.57,Critical
4617,1,1,0.9149,8.51,Critical
4618,0,0,0.098,90.2,Excellent
4619,0,0,0.0998,90.02,Excellent
4620,1,1,0.9718,2.82,Critical
4621,1,1,0.882,11.8,Critical
4622,0,0,0.1365,86.35,Excellent
4623,1,1,0.945,5.5,Critical
4624,0,0,0.3704,62.96,Good
4625,0,0,0.1054,89.46,Excellent
4626,0,0,0.1245,87.55,Excellent
4627,0,0,0.1019,89.81,Excellent
4628,1,1,0.7937,20.63,Poor
4629,1,1,0.9638,3.62,Critical
4630,1,1,0.9639,3.61,Critical
4631,0,0,0.3445,65.55,Good
4632,1,1,0.9106,8.94,Critical
4633,1,1,0.8585,14.15,Critical
4634,1,1,0.8558,14.42,Critical
4635,0,0,0.0891,91.09,Excellent
4636,1,1,0.7038,29.62,Poor
4637,0,0,0.131,86.9,Excellent
4638,1,1,0.814,18.6,Critical
4639,0,0,0.1167,88.33,Excellent
4640,0,0,0.1086,89.14,Excellent
4641,1,1,0.9526,4.74,Critical
4642,1,1,0.7973,20.27,Poor
4643,1,1,0.8077,19.23,Critical
4644,0,0,0.1341,86.59,Excellent
4645,0,0,0.2476,75.24,Good
4646,0,0,0.1347,86.53,Excellent
4647,0,0,0.0912,90.88,Excellent
4648,1,1,0.6625,33.75,Poor
4649,1,1,0.7749,22.51,Poor
4650,0,0,0.1498,85.02,Excellent
4651,0,0,0.1397,86.03,Excellent
4652,1,1,0.9887,1.13,Critical
4653,1,1,0.8444,15.56,Critical
4654,1,1,0.911,8.9,Critical
4655,0,0,0.3035,69.65,Good
4656,0,0,0.3003,69.97,Good
4657,1,1,0.7966,20.34,Poor
4658,0,0,0.096,90.4,Excellent
4659,0,0,0.1075,89.25,Excellent
4660,0,0,0.1916,80.84,Excellent
4661,1,1,0.7731,22.69,Poor
4662,1,1,0.8279,17.21,Critical
4663,0,0,0.1882,81.18,Excellent
4664,1,1,0.8289,17.11,Critical
4665,0,0,0.058,94.2,Excellent
4666,0,0,0.1652,83.48,Excellent
4667,1,1,0.8888,11.12,Critical
4668,1,1,0.9958,0.42,Critical
4669,0,0,0.1064,89.36,Excellent
4670,1,1,0.9517,4.83,Critical
4671,1,1,0.902,9.8,Critical
4672,1,1,0.9174,8.26,Critical
4673,0,0,0.0557,94.43,Excellent
4674,0,0,0.1393,86.07,Excellent
4675,1,1,0.9055,9.45,Critical
4676,0,0,0.1515,84.85,Excellent
4677,0,0,0.1406,85.94,Excellent
4678,1,1,0.7779,22.21,Poor
4679,1,1,0.811,18.9,Critical
4680,1,1,0.8864,11.36,Critical
4681,0,0,0.0807,91.93,Excellent
4682,1,1,0.9317,6.83,Critical
4683,1,1,0.9816,1.84,Critical
4684,0,0,0.1478,85.22,Excellent
4685,1,1,0.9296,7.04,Critical
4686,1,0,0.4756,52.44,Fair
4687,0,0,0.2588,74.12,Good
4688,0,0,0.0914,90.86,Excellent
4689,0,0,0.0956,90.44,Excellent
4690,0,0,0.1193,88.07,Excellent
4691,0,0,0.121,87.9,Excellent
4692,0,0,0.2123,78.77,Good
4693,0,0,0.1661,83.39,Excellent
4694,0,0,0.0945,90.55,Excellent
4695,0,0,0.0964,90.36,Excellent
4696,0,0,0.0735,92.65,Excellent
4697,0,0,0.1691,83.09,Excellent
4698,1,1,0.8813,11.87,Critical
4699,1,1,0.9385,6.15,Critical
4700,0,0,0.0778,92.22,Excellent
4701,0,0,0.0829,91.71,Excellent
4702,0,0,0.0601,93.99,Excellent
4703,0,0,0.2588,74.12,Good
4704,1,1,0.8518,14.82,Critical
4705,1,1,0.938,6.2,Critical
4706,1,1,0.9514,4.86,Critical
4707,1,1,0.8986,10.14,Critical
4708,1,1,0.9127,8.73,Critical
4709,0,0,0.0633,93.67,Excellent
4710,0,0,0.166,83.4,Excellent
4711,1,1,0.7907,20.93,Poor
4712,1,1,0.6368,36.32,Poor
4713,0,0,0.0391,96.09,Excellent
4714,0,0,0.0956,90.44,Excellent
4715,1,1,0.8701,12.99,Critical
4716,0,0,0.305,69.5,Good
4717,0,0,0.1192,88.08,Excellent
4718,1,1,0.9037,9.63,Critical
4719,0,0,0.3872,61.28,Good
4720,1,1,0.8359,16.41,Critical
4721,1,1,0.889,11.1,Critical
4722,1,1,0.836,16.4,Critical
4723,0,0,0.1026,89.74,Excellent
4724,0,0,0.0443,95.57,Excellent
4725,0,0,0.1384,86.16,Excellent
4726,1,0,0.3648,63.52,Good
4727,1,1,0.9771,2.29,Critical
4728,0,0,0.0557,94.43,Excellent
4729,0,0,0.1133,88.67,Excellent
4730,0,0,0.0379,96.21,Excellent
4731,0,0,0.0891,91.09,Excellent
4732,1,0,0.3597,64.03,Good
4733,1,1,0.8313,16.87,Critical
4734,0,0,0.1636,83.64,Excellent
4735,1,1,0.9582,4.18,Critical
4736,1,1,0.9576,4.24,Critical
4737,0,0,0.1007,89.93,Excellent
4738,0,0,0.101,89.9,Excellent
4739,1,1,0.7822,21.78,Poor
4740,1,1,0.9487,5.13,Critical
4741,1,1,0.895,10.5,Critical
4742,1,1,0.7866,21.34,Poor
4743,0,0,0.0644,93.56,Excellent
4744,1,1,0.814,18.6,Critical
4745,0,0,0.1574,84.26,Excellent
4746,1,1,0.9231,7.69,Critical
4747,0,0,0.1631,83.69,Excellent
4748,0,0,0.1656,83.44,Excellent
4749,0,0,0.3693,63.07,Good
4750,0,0,0.1068,89.32,Excellent
4751,0,0,0.1822,81.78,Excellent
4752,1,1,0.737,26.3,Poor
4753,0,0,0.127,87.3,Excellent
4754,1,1,0.8603,13.97,Critical
4755,1,1,0.8911,10.89,Critical
4756,1,1,0.6843,31.57,Poor
4757,1,1,0.6345,36.55,Poor
4758,1,1,0.7196,28.04,Poor
4759,0,0,0.3172,68.28,Good
4760,1,1,0.7265,27.35,Poor
4761,1,1,0.9499,5.01,Critical
4762,0,0,0.1241,87.59,Excellent
4763,0,0,0.0856,91.44,Excellent
4764,0,0,0.0631,93.69,Excellent
4765,0,0,0.0944,90.56,Excellent
4766,1,0,0.3653,63.47,Good
4767,0,0,0.2412,75.88,Good
4768,1,1,0.9257,7.43,Critical
4769,0,0,0.1626,83.74,Excellent
4770,0,0,0.106,89.4,Excellent
4771,1,1,0.9798,2.02,Critical
4772,1,1,0.804,19.6,Critical
4773,1,1,0.9013,9.87,Critical
4774,1,1,0.6192,38.08,Poor
4775,1,1,0.9381,6.19,Critical
4776,1,1,0.709,29.1,Poor
4777,0,0,0.1121,88.79,Excellent
4778,0,0,0.4435,55.65,Fair
4779,0,0,0.2099,79.01,Good
4780,0,0,0.14,86.0,Excellent
4781,0,0,0.1065,89.35,Excellent
4782,1,1,0.889,11.1,Critical
4783,1,1,0.9076,9.24,Critical
4784,0,0,0.1462,85.38,Excellent
4785,1,1,0.7928,20.72,Poor
4786,1,1,0.5033,49.67,Fair
4787,0,0,0.2606,73.94,Good
4788,1,1,0.9352,6.48,Critical
4789,0,0,0.0613,93.87,Excellent
4790,1,1,0.7123,28.77,Poor
4791,0,0,0.0486,95.14,Excellent
4792,0,0,0.167,83.3,Excellent
4793,0,0,0.1018,89.82,Excellent
4794,1,1,0.8587,14.13,Critical
4795,1,1,0.9185,8.15,Critical
4796,1,1,0.6556,34.44,Poor
4797,1,1,0.5785,42.15,Fair
4798,0,0,0.1632,83.68,Excellent
4799,1,1,0.7243,27.57,Poor
4800,0,0,0.0786,92.14,Excellent
4801,1,1,0.9491,5.09,Critical
4802,1,1,0.9358,6.42,Critical
4803,1,1,0.7892,21.08,Poor
4804,1,1,0.8635,13.65,Critical
4805,0,0,0.1438,85.62,Excellent
4806,1,1,0.8864,11.36,Critical
4807,0,0,0.1999,80.01,Excellent
4808,0,0,0.1012,89.88,Excellent
4809,1,1,0.8734,12.66,Critical
4810,1,1,0.9474,5.26,Critical
4811,1,1,0.7506,24.94,Poor
4812,1,1,0.7763,22.37,Poor
4813,0,0,0.1719,82.81,Excellent
4814,0,0,0.062,93.8,Excellent
4815,1,1,0.9243,7.57,Critical
4816,1,1,0.8251,17.49,Critical
4817,1,1,0.9438,5.62,Critical
4818,1,1,0.9421,5.79,Critical
4819,0,0,0.0689,93.11,Excellent
4820,1,1,0.6994,30.06,Poor
4821,1,1,0.7942,20.58,Poor
4822,1,1,0.7554,24.46,Poor
4823,1,1,0.6457,35.43,Poor
4824,0,0,0.1758,82.42,Excellent
4825,1,1,0.8934,10.66,Critical
4826,0,0,0.0554,94.46,Excellent
4827,1,1,0.7949,20.51,Poor
4828,0,0,0.0966,90.34,Excellent
4829,0,0,0.3337,66.63,Good
4830,0,0,0.1105,88.95,Excellent
4831,0,0,0.1407,85.93,Excellent
4832,1,1,0.6793,32.07,Poor
4833,0,0,0.1203,87.97,Excellent
4834,0,0,0.1524,84.76,Excellent
4835,1,1,0.9016,9.84,Critical
4836,1,1,0.9549,4.51,Critical
4837,1,1,0.7706,22.94,Poor
4838,1,1,0.8161,18.39,Critical
4839,0,0,0.0931,90.69,Excellent
4840,1,1,0.969,3.1,Critical
4841,0,1,0.5035,49.65,Fair
4842,1,1,0.9378,6.22,Critical
4843,0,0,0.102,89.8,Excellent
4844,1,1,0.9411,5.89,Critical
4845,0,0,0.1068,89.32,Excellent
4846,1,1,0.9375,6.25,Critical
4847,1,1,0.9247,7.53,Critical
4848,0,0,0.0837,91.63,Excellent
4849,0,0,0.2665,73.35,Good
4850,1,1,0.9141,8.59,Critical
4851,0,0,0.1073,89.27,Excellent
4852,1,1,0.8641,13.59,Critical
4853,1,1,0.8931,10.69,Critical
4854,1,1,0.8279,17.21,Critical
4855,1,1,0.8839,11.61,Critical
4856,1,1,0.9929,0.71,Critical
4857,0,0,0.1065,89.35,Excellent
4858,0,0,0.0483,95.17,Excellent
4859,0,0,0.0558,94.42,Excellent
4860,0,0,0.2717,72.83,Good
4861,1,1,0.9245,7.55,Critical
4862,1,1,0.8893,11.07,Critical
4863,0,0,0.2091,79.09,Good
4864,0,0,0.1702,82.98,Excellent
4865,0,0,0.1761,82.39,Excellent
4866,1,1,0.804,19.6,Critical
4867,0,0,0.1484,85.16,Excellent
4868,1,1,0.9578,4.22,Critical
4869,0,0,0.0983,90.17,Excellent
4870,1,1,0.9523,4.77,Critical
4871,1,1,0.7351,26.49,Poor
4872,1,1,0.8378,16.22,Critical
4873,0,0,0.1684,83.16,Excellent
4874,1,1,0.772,22.8,Poor
4875,0,0,0.1954,80.46,Excellent
4876,1,1,0.9855,1.45,Critical
4877,0,0,0.1126,88.74,Excellent
4878,0,0,0.4838,51.62,Fair
4879,0,0,0.1351,86.49,Excellent
4880,1,0,0.467,53.3,Fair
4881,0,0,0.2625,73.75,Good
4882,0,0,0.2963,70.37,Good
4883,1,1,0.7222,27.78,Poor
4884,1,1,0.9238,7.62,Critical
4885,1,0,0.4504,54.96,Fair
4886,0,0,0.0888,91.12,Excellent
4887,1,1,0.9363,6.37,Critical
4888,1,1,0.7761,22.39,Poor
4889,1,1,0.927,7.3,Critical
4890,1,1,0.9678,3.22,Critical
4891,0,0,0.1563,84.37,Excellent
4892,1,1,0.72,28.0,Poor
4893,0,0,0.1004,89.96,Excellent
4894,0,0,0.0739,92.61,Excellent
4895,0,0,0.0623,93.77,Excellent
4896,0,0,0.23,77.0,Good
4897,0,0,0.165,83.5,Excellent
4898,0,0,0.0142,98.58,Excellent
4899,1,0,0.4074,59.26,Fair
4900,0,0,0.2327,76.73,Good
4901,1,1,0.8222,17.78,Critical
4902,1,1,0.9303,6.97,Critical
4903,0,0,0.1165,88.35,Excellent
4904,1,1,0.7341,26.59,Poor
4905,0,0,0.155,84.5,Excellent
4906,0,0,0.1411,85.89,Excellent
4907,0,0,0.1269,87.31,Excellent
4908,1,1,0.8278,17.22,Critical
4909,1,1,0.8687,13.13,Critical
4910,0,0,0.1454,85.46,Excellent
4911,0,0,0.0698,93.02,Excellent
4912,0,0,0.1852,81.48,Excellent
4913,1,1,0.9234,7.66,Critical
4914,0,0,0.1419,85.81,Excellent
4915,0,0,0.2271,77.29,Good
4916,1,1,0.9076,9.24,Critical
4917,0,0,0.082,91.8,Excellent
4918,0,0,0.1204,87.96,Excellent
4919,1,0,0.1515,84.85,Excellent
4920,1,1,0.9038,9.62,Critical
4921,0,0,0.1478,85.22,Excellent
4922,0,0,0.0688,93.12,Excellent
4923,1,1,0.842,15.8,Critical
4924,0,0,0.11,89.0,Excellent
4925,0,0,0.0541,94.59,Excellent
4926,0,0,0.1031,89.69,Excellent
4927,0,0,0.2899,71.01,Good
4928,1,1,0.8798,12.02,Critical
4929,0,0,0.22,78.0,Good
4930,0,0,0.1432,85.68,Excellent
4931,0,0,0.1002,89.98,Excellent
4932,1,1,0.6205,37.95,Poor
4933,0,0,0.1515,84.85,Excellent
4934,1,1,0.8298,17.02,Critical
4935,0,0,0.3892,61.08,Good
4936,1,1,0.8414,15.86,Critical
4937,1,1,0.8524,14.76,Critical
4938,0,0,0.1565,84.35,Excellent
4939,1,1,0.8287,17.13,Critical
4940,1,1,0.7346,26.54,Poor
4941,1,1,0.8367,16.33,Critical
4942,0,0,0.1333,86.67,Excellent
4943,0,0,0.1747,82.53,Excellent
4944,1,1,0.8682,13.18,Critical
4945,0,0,0.0865,91.35,Excellent
4946,0,0,0.0659,93.41,Excellent
4947,1,1,0.9836,1.64,Critical
4948,0,0,0.1715,82.85,Excellent
4949,1,1,0.5786,42.14,Fair
4950,1,1,0.9721,2.79,Critical
4951,0,0,0.2388,76.12,Good
4952,0,0,0.1274,87.26,Excellent
4953,0,0,0.1298,87.02,Excellent
4954,1,1,0.7484,25.16,Poor
4955,0,0,0.1928,80.72,Excellent
4956,1,1,0.699,30.1,Poor
4957,1,1,0.8075,19.25,Critical
4958,0,0,0.4076,59.24,Fair
4959,1,1,0.9064,9.36,Critical
4960,0,0,0.3224,67.76,Good
4961,1,1,0.7401,25.99,Poor
4962,0,0,0.116,88.4,Excellent
4963,0,0,0.0669,93.31,Excellent
4964,1,1,0.8879,11.21,Critical
4965,0,0,0.2344,76.56,Good
4966,1,1,0.7563,24.37,Poor
4967,1,1,0.7758,22.42,Poor
4968,0,0,0.0719,92.81,Excellent
4969,1,1,0.9581,4.19,Critical
4970,1,1,0.7968,20.32,Poor
4971,0,0,0.0802,91.98,Excellent
4972,1,1,0.9354,6.46,Critical
4973,1,1,0.5431,45.69,Fair
4974,1,1,0.8734,12.66,Critical
4975,0,0,0.0702,92.98,Excellent
4976,1,1,0.9854,1.46,Critical
4977,0,0,0.2122,78.78,Good
4978,0,0,0.1222,87.78,Excellent
4979,0,0,0.0984,90.16,Excellent
4980,1,1,0.5365,46.35,Fair
4981,1,1,0.9261,7.39,Critical
4982,1,1,0.775,22.5,Poor
4983,1,1,0.9458,5.42,Critical
4984,0,0,0.157,84.3,Excellent
4985,1,1,0.7687,23.13,Poor
4986,1,1,0.5426,45.74,Fair
4987,1,1,0.8474,15.26,Critical
4988,0,0,0.076,92.4,Excellent
4989,1,1,0.7256,27.44,Poor
4990,0,0,0.0774,92.26,Excellent
4991,1,1,0.6887,31.13,Poor
4992,1,1,0.9427,5.73,Critical
4993,0,0,0.2419,75.81,Good
4994,0,0,0.1911,80.89,Excellent
4995,1,1,0.6777,32.23,Poor
4996,0,0,0.2115,78.85,Good
4997,0,0,0.4261,57.39,Fair
4998,0,0,0.0782,92.18,Excellent
4999,0,0,0.1595,84.05,Excellent
5000,1,1,0.8883,11.17,Critical
5001,0,0,0.4993,50.07,Fair
5002,0,0,0.0913,90.87,Excellent
5003,0,0,0.1651,83.49,Excellent
5004,0,0,0.1787,82.13,Excellent
5005,0,0,0.1722,82.78,Excellent
5006,0,0,0.1505,84.95,Excellent
5007,0,0,0.1939,80.61,Excellent
5008,1,1,0.9753,2.47,Critical
5009,1,1,0.8275,17.25,Critical
5010,1,1,0.8522,14.78,Critical
5011,1,1,0.8942,10.58,Critical
5012,1,0,0.3316,66.84,Good
5013,1,1,0.6198,38.02,Poor
5014,0,0,0.2776,72.24,Good
5015,1,1,0.7908,20.92,Poor
5016,0,0,0.2144,78.56,Good
5017,0,0,0.2722,72.78,Good
5018,0,0,0.075,92.5,Excellent
5019,1,1,0.7838,21.62,Poor
5020,1,1,0.9236,7.64,Critical
5021,1,1,0.7279,27.21,Poor
5022,0,0,0.2903,70.97,Good
5023,0,0,0.2734,72.66,Good
5024,0,0,0.2383,76.17,Good
5025,1,1,0.898,10.2,Critical
5026,0,1,0.6866,31.34,Poor
5027,0,0,0.109,89.1,Excellent
5028,1,1,0.8218,17.82,Critical
5029,1,1,0.8321,16.79,Critical
5030,1,1,0.5506,44.94,Fair
5031,1,1,0.5787,42.13,Fair
5032,1,1,0.8018,19.82,Critical
5033,0,0,0.0765,92.35,Excellent
5034,1,1,0.8337,16.63,Critical
5035,0,0,0.2029,79.71,Good
5036,0,0,0.2456,75.44,Good
5037,0,0,0.1985,80.15,Excellent
5038,1,1,0.7745,22.55,Poor
5039,0,0,0.094,90.6,Excellent
5040,1,1,0.7815,21.85,Poor
5041,1,1,0.8573,14.27,Critical
5042,0,0,0.0766,92.34,Excellent
5043,1,1,0.909,9.1,Critical
5044,0,0,0.2543,74.57,Good
5045,1,1,0.976,2.4,Critical
5046,1,1,0.7969,20.31,Poor
5047,1,1,0.6935,30.65,Poor
5048,1,1,0.6914,30.86,Poor
5049,1,1,0.879,12.1,Critical
5050,1,1,0.8769,12.31,Critical
5051,0,0,0.1016,89.84,Excellent
5052,0,0,0.0705,92.95,Excellent
5053,1,1,0.9991,0.09,Critical
5054,0,0,0.0869,91.31,Excellent
5055,0,0,0.1982,80.18,Excellent
5056,0,0,0.2684,73.16,Good
5057,1,1,0.714,28.6,Poor
5058,1,1,0.9068,9.32,Critical
5059,0,0,0.1597,84.03,Excellent
5060,0,0,0.2349,76.51,Good
5061,0,0,0.0878,91.22,Excellent
5062,1,1,0.9018,9.82,Critical
5063,0,0,0.1729,82.71,Excellent
5064,0,0,0.1184,88.16,Excellent
5065,0,0,0.3038,69.62,Good
5066,1,0,0.3855,61.45,Good
5067,1,1,0.8274,17.26,Critical
5068,1,1,0.8374,16.26,Critical
5069,1,1,0.7706,22.94,Poor
5070,1,1,0.6898,31.02,Poor
5071,1,1,0.5743,42.57,Fair
5072,1,1,0.6925,30.75,Poor
5073,1,1,0.77,23.0,Poor
5074,0,0,0.1153,88.47,Excellent
5075,1,1,0.7109,28.91,Poor
5076,0,0,0.1232,87.68,Excellent
5077,1,1,0.9917,0.83,Critical
5078,0,0,0.0909,90.91,Excellent
5079,0,0,0.1945,80.55,Excellent
5080,1,1,0.8033,19.67,Critical
5081,0,0,0.0609,93.91,Excellent
5082,0,0,0.149,85.1,Excellent
5083,1,1,0.6078,39.22,Poor
5084,1,1,0.7397,26.03,Poor
5085,0,0,0.0846,91.54,Excellent
5086,0,0,0.2036,79.64,Good
5087,1,1,0.7274,27.26,Poor
5088,1,1,0.8837,11.63,Critical
5089,0,0,0.3843,61.57,Good
5090,1,1,0.9285,7.15,Critical
5091,1,1,0.8739,12.61,Critical
5092,0,0,0.0628,93.72,Excellent
5093,1,1,0.8799,12.01,Critical
5094,1,1,0.948,5.2,Critical
5095,1,1,0.9214,7.86,Critical
5096,1,0,0.4991,50.09,Fair
5097,0,0,0.0895,91.05,Excellent
5098,0,0,0.056,94.4,Excellent
5099,0,0,0.1492,85.08,Excellent
5100,0,0,0.1284,87.16,Excellent
5101,0,0,0.131,86.9,Excellent
5102,0,0,0.2449,75.51,Good
5103,0,0,0.1489,85.11,Excellent
5104,1,1,0.9441,5.59,Critical
5105,1,0,0.3379,66.21,Good
5106,0,0,0.0783,92.17,Excellent
5107,0,0,0.1314,86.86,Excellent
5108,0,0,0.1912,80.88,Excellent
5109,1,1,0.8952,10.48,Critical
5110,1,1,0.974,2.6,Critical
5111,1,1,0.8475,15.25,Critical
5112,0,0,0.0975,90.25,Excellent
5113,0,0,0.1002,89.98,Excellent
5114,0,0,0.0927,90.73,Excellent
5115,0,0,0.1514,84.86,Excellent
5116,0,0,0.391,60.9,Good
5117,1,1,0.9568,4.32,Critical
5118,0,0,0.1246,87.54,Excellent
5119,1,1,0.912,8.8,Critical
5120,0,0,0.0285,97.15,Excellent
5121,0,0,0.1084,89.16,Excellent
5122,1,1,0.7643,23.57,Poor
5123,0,0,0.1261,87.39,Excellent
5124,0,0,0.1853,81.47,Excellent
5125,0,0,0.1371,86.29,Excellent
5126,1,1,0.9183,8.17,Critical
5127,0,0,0.048,95.2,Excellent
5128,0,0,0.123,87.7,Excellent
5129,0,0,0.0792,92.08,Excellent
5130,0,0,0.1718,82.82,Excellent
5131,1,1,0.8327,16.73,Critical
5132,0,0,0.1531,84.69,Excellent
5133,0,0,0.4165,58.35,Fair
5134,1,1,0.8919,10.81,Critical
5135,1,1,0.9291,7.09,Critical
5136,0,0,0.1771,82.29,Excellent
5137,0,0,0.0806,91.94,Excellent
5138,1,1,0.7345,26.55,Poor
5139,0,0,0.0502,94.98,Excellent
5140,0,0,0.1192,88.08,Excellent
5141,0,0,0.105,89.5,Excellent
5142,0,0,0.1292,87.08,Excellent
5143,0,0,0.2149,78.51,Good
5144,0,0,0.1636,83.64,Excellent
5145,0,0,0.2926,70.74,Good
5146,1,1,0.8581,14.19,Critical
5147,1,1,0.9423,5.77,Critical
5148,1,1,0.8899,11.01,Critical
5149,1,1,0.9143,8.57,Critical
5150,1,1,0.7335,26.65,Poor
5151,0,0,0.0836,91.64,Excellent
5152,0,0,0.1372,86.28,Excellent
5153,1,1,0.9297,7.03,Critical
5154,0,0,0.2289,77.11,Good
5155,0,0,0.4163,58.37,Fair
5156,0,0,0.09,91.0,Excellent
5157,0,0,0.0493,95.07,Excellent
5158,1,1,0.9141,8.59,Critical
5159,0,0,0.1648,83.52,Excellent
5160,1,1,0.7433,25.67,Poor
5161,0,0,0.0625,93.75,Excellent
5162,0,0,0.056,94.4,Excellent
5163,0,0,0.1671,83.29,Excellent
5164,1,1,0.9266,7.34,Critical
5165,1,1,0.7781,22.19,Poor
5166,1,1,0.9915,0.85,Critical
5167,0,0,0.0668,93.32,Excellent
5168,0,0,0.1068,89.32,Excellent
5169,0,0,0.3287,67.13,Good
5170,1,1,0.9023,9.77,Critical
5171,0,0,0.3917,60.83,Good
5172,1,1,0.7902,20.98,Poor
5173,0,0,0.1978,80.22,Excellent
5174,0,0,0.1412,85.88,Excellent
5175,0,0,0.2352,76.48,Good
5176,1,1,0.8065,19.35,Critical
5177,0,0,0.0946,90.54,Excellent
5178,0,0,0.3449,65.51,Good
5179,0,0,0.0814,91.86,Excellent
5180,1,1,0.8369,16.31,Critical
5181,0,0,0.0902,90.98,Excellent
5182,1,1,0.9801,1.99,Critical
5183,0,0,0.1139,88.61,Excellent
5184,0,0,0.2616,73.84,Good
5185,1,1,0.9213,7.87,Critical
5186,1,1,0.8453,15.47,Critical
5187,0,0,0.1292,87.08,Excellent
5188,0,0,0.1268,87.32,Excellent
5189,1,1,0.9597,4.03,Critical
5190,1,1,0.9586,4.14,Critical
5191,1,1,0.8851,11.49,Critical
5192,1,1,0.8973,10.27,Critical
5193,1,1,0.7989,20.11,Poor
5194,1,1,0.9279,7.21,Critical
5195,1,1,0.8693,13.07,Critical
5196,1,1,0.7442,25.58,Poor
5197,1,1,0.61,39.0,Poor
5198,1,1,0.9202,7.98,Critical
5199,0,0,0.1083,89.17,Excellent
5200,1,1,0.5896,41.04,Fair
5201,0,0,0.2564,74.36,Good
5202,1,1,0.8686,13.14,Critical
5203,0,0,0.1791,82.09,Excellent
5204,0,0,0.16,84.0,Excellent
5205,0,0,0.2964,70.36,Good
5206,1,1,0.9054,9.46,Critical
5207,1,1,0.9485,5.15,Critical
5208,0,0,0.0978,90.22,Excellent
5209,1,1,0.9333,6.67,Critical
5210,0,0,0.0861,91.39,Excellent
5211,0,0,0.1312,86.88,Excellent
5212,0,0,0.1289,87.11,Excellent
5213,0,0,0.0854,91.46,Excellent
5214,0,0,0.0775,92.25,Excellent
5215,1,1,0.8904,10.96,Critical
5216,0,0,0.0831,91.69,Excellent
5217,1,1,0.9007,9.93,Critical
5218,1,1,0.8588,14.12,Critical
5219,0,0,0.1662,83.38,Excellent
5220,0,0,0.0502,94.98,Excellent
5221,1,1,0.9014,9.86,Critical
5222,1,1,0.8645,13.55,Critical
5223,0,0,0.0838,91.62,Excellent
5224,1,1,0.7909,20.91,Poor
5225,0,0,0.1844,81.56,Excellent
5226,1,1,0.9396,6.04,Critical
5227,1,1,0.7505,24.95,Poor
5228,1,1,0.7979,20.21,Poor
5229,0,0,0.2557,74.43,Good
5230,1,1,0.835,16.5,Critical
5231,1,1,0.8763,12.37,Critical
5232,1,1,0.8975,10.25,Critical
5233,1,1,0.7726,22.74,Poor
5234,1,1,0.9115,8.85,Critical
5235,1,1,0.8801,11.99,Critical
5236,1,1,0.7083,29.17,Poor
5237,0,0,0.2618,73.82,Good
5238,1,1,0.8585,14.15,Critical
5239,1,1,0.8553,14.47,Critical
5240,1,0,0.4182,58.18,Fair
5241,0,0,0.2919,70.81,Good
5242,1,1,0.8238,17.62,Critical
5243,1,1,0.7063,29.37,Poor
5244,1,1,0.8925,10.75,Critical
5245,1,1,0.9339,6.61,Critical
5246,1,0,0.4165,58.35,Fair
5247,1,1,0.8822,11.78,Critical
5248,0,0,0.0902,90.98,Excellent
5249,1,1,0.6544,34.56,Poor
5250,0,0,0.0748,92.52,Excellent
5251,0,0,0.0794,92.06,Excellent
5252,0,0,0.2013,79.87,Good
5253,1,1,0.947,5.3,Critical
5254,1,1,0.964,3.6,Critical
5255,1,1,0.8747,12.53,Critical
5256,1,1,0.8843,11.57,Critical
5257,0,0,0.0393,96.07,Excellent
5258,1,1,0.5619,43.81,Fair
5259,1,1,0.9592,4.08,Critical
5260,1,1,0.926,7.4,Critical
5261,0,0,0.0896,91.04,Excellent
5262,0,0,0.3275,67.25,Good
5263,1,1,0.9389,6.11,Critical
5264,0,0,0.0488,95.12,Excellent
5265,0,0,0.1041,89.59,Excellent
5266,1,1,0.885,11.5,Critical
5267,1,1,0.8072,19.28,Critical
5268,0,0,0.1076,89.24,Excellent
5269,1,1,0.928,7.2,Critical
5270,1,1,0.8823,11.77,Critical
5271,0,0,0.3094,69.06,Good
5272,0,0,0.4696,53.04,Fair
5273,0,0,0.0952,90.48,Excellent
5274,1,1,0.945,5.5,Critical
5275,0,0,0.1809,81.91,Excellent
5276,0,0,0.2024,79.76,Good
5277,1,1,0.6555,34.45,Poor
5278,0,0,0.3743,62.57,Good
5279,1,1,0.9767,2.33,Critical
5280,1,1,0.9359,6.41,Critical
5281,1,1,0.894,10.6,Critical
5282,1,1,0.7923,20.77,Poor
5283,1,1,0.8991,10.09,Critical
5284,1,1,0.9025,9.75,Critical
5285,1,1,0.9335,6.65,Critical
5286,1,1,0.9371,6.29,Critical
5287,0,0,0.113,88.7,Excellent
5288,1,0,0.477,52.3,Fair
5289,0,0,0.2384,76.16,Good
5290,1,1,0.8304,16.96,Critical
5291,1,1,0.7923,20.77,Poor
5292,1,1,0.8009,19.91,Critical
5293,0,0,0.1336,86.64,Excellent
5294,0,0,0.2734,72.66,Good
5295,1,1,0.9371,6.29,Critical
5296,1,1,0.9045,9.55,Critical
5297,1,1,0.9398,6.02,Critical
5298,0,0,0.0476,95.24,Excellent
5299,0,0,0.1373,86.27,Excellent
5300,0,0,0.2828,71.72,Good
5301,1,1,0.9053,9.47,Critical
5302,1,1,0.5437,45.63,Fair
5303,1,1,0.8911,10.89,Critical
5304,0,0,0.242,75.8,Good
5305,1,1,0.9537,4.63,Critical
5306,1,1,0.8615,13.85,Critical
5307,0,0,0.1162,88.38,Excellent
5308,1,1,0.8365,16.35,Critical
5309,0,0,0.1831,81.69,Excellent
5310,1,0,0.2793,72.07,Good
5311,0,0,0.3375,66.25,Good
5312,1,1,0.6131,38.69,Poor
5313,0,0,0.0611,93.89,Excellent
5314,1,1,0.8937,10.63,Critical
5315,1,1,0.7379,26.21,Poor
5316,0,0,0.1941,80.59,Excellent
5317,0,0,0.1847,81.53,Excellent
5318,1,1,0.8845,11.55,Critical
5319,0,0,0.1334,86.66,Excellent
5320,1,1,0.9381,6.19,Critical
5321,1,1,0.6084,39.16,Poor
5322,0,0,0.1146,88.54,Excellent
5323,0,0,0.1865,81.35,Excellent
5324,1,1,0.6573,34.27,Poor
5325,0,0,0.132,86.8,Excellent
5326,1,0,0.4186,58.14,Fair
5327,1,1,0.7186,28.14,Poor
5328,1,1,0.8331,16.69,Critical
5329,1,1,0.9226,7.74,Critical
5330,1,1,0.8899,11.01,Critical
5331,0,0,0.0769,92.31,Excellent
5332,0,0,0.1786,82.14,Excellent
5333,1,1,0.9253,7.47,Critical
5334,1,1,0.9488,5.12,Critical
5335,1,1,0.909,9.1,Critical
5336,0,0,0.1313,86.87,Excellent
5337,0,0,0.153,84.7,Excellent
5338,0,0,0.0827,91.73,Excellent
5339,1,1,0.7587,24.13,Poor
5340,1,1,0.7252,27.48,Poor
5341,1,1,0.7213,27.87,Poor
5342,1,1,0.8202,17.98,Critical
5343,0,0,0.0954,90.46,Excellent
5344,1,1,0.9205,7.95,Critical
5345,1,1,0.6548,34.52,Poor
5346,1,1,0.8921,10.79,Critical
5347,1,1,0.841,15.9,Critical
5348,1,1,0.5938,40.62,Fair
5349,1,1,0.8082,19.18,Critical
5350,1,1,0.867,13.3,Critical
5351,0,0,0.1013,89.87,Excellent
5352,1,1,0.8906,10.94,Critical
5353,0,0,0.1993,80.07,Excellent
5354,1,1,0.9253,7.47,Critical
5355,0,0,0.2537,74.63,Good
5356,0,0,0.147,85.3,Excellent
5357,0,0,0.1432,85.68,Excellent
5358,0,0,0.154,84.6,Excellent
5359,0,0,0.3369,66.31,Good
5360,0,0,0.1199,88.01,Excellent
5361,0,0,0.1542,84.58,Excellent
5362,1,1,0.8674,13.26,Critical
5363,0,0,0.1004,89.96,Excellent
5364,0,0,0.2156,78.44,Good
5365,1,1,0.9113,8.87,Critical
5366,1,1,0.9048,9.52,Critical
5367,0,0,0.0926,90.74,Excellent
5368,1,1,0.9006,9.94,Critical
5369,0,0,0.3492,65.08,Good
5370,1,1,0.8804,11.96,Critical
5371,1,1,0.8644,13.56,Critical
5372,0,0,0.0756,92.44,Excellent
5373,1,1,0.8013,19.87,Critical
5374,0,0,0.1147,88.53,Excellent
5375,1,1,0.896,10.4,Critical
5376,1,1,0.9103,8.97,Critical
5377,0,0,0.1358,86.42,Excellent
5378,1,1,0.7696,23.04,Poor
5379,1,1,0.8633,13.67,Critical
5380,0,0,0.0584,94.16,Excellent
5381,0,0,0.3041,69.59,Good
5382,1,1,0.8775,12.25,Critical
5383,1,1,0.9148,8.52,Critical
5384,0,0,0.2089,79.11,Good
5385,0,0,0.0813,91.87,Excellent
5386,0,0,0.048,95.2,Excellent
5387,1,1,0.641,35.9,Poor
5388,1,1,0.7835,21.65,Poor
5389,1,1,0.9093,9.07,Critical
5390,1,1,0.7608,23.92,Poor
5391,0,0,0.0568,94.32,Excellent
5392,0,0,0.0539,94.61,Excellent
5393,1,1,0.9856,1.44,Critical
5394,0,0,0.1042,89.58,Excellent
5395,1,1,0.8473,15.27,Critical
5396,1,1,0.9259,7.41,Critical
5397,0,0,0.0668,93.32,Excellent
5398,0,0,0.0794,92.06,Excellent
5399,1,1,0.6356,36.44,Poor
5400,0,0,0.0876,91.24,Excellent
5401,1,1,0.634,36.6,Poor
5402,1,1,0.9678,3.22,Critical
5403,1,1,0.8708,12.92,Critical
5404,0,0,0.0667,93.33,Excellent
5405,1,1,0.9668,3.32,Critical
5406,1,1,0.8923,10.77,Critical
5407,1,1,0.9822,1.78,Critical
5408,0,0,0.2402,75.98,Good
5409,0,0,0.0544,94.56,Excellent
5410,1,1,0.6372,36.28,Poor
5411,1,1,0.7526,24.74,Poor
5412,1,1,0.7091,29.09,Poor
5413,0,0,0.0963,90.37,Excellent
5414,1,1,0.863,13.7,Critical
5415,1,1,0.6424,35.76,Poor
5416,1,1,0.9307,6.93,Critical
5417,0,0,0.0928,90.72,Excellent
5418,1,1,0.9289,7.11,Critical
5419,0,0,0.1012,89.88,Excellent
5420,0,0,0.1095,89.05,Excellent
5421,0,0,0.4905,50.95,Fair
5422,1,1,0.9084,9.16,Critical
5423,0,0,0.2027,79.73,Good
5424,0,0,0.0806,91.94,Excellent
5425,1,1,0.7466,25.34,Poor
5426,0,0,0.2075,79.25,Good
5427,1,1,0.9313,6.87,Critical
5428,1,1,0.8004,19.96,Critical
5429,1,1,0.927,7.3,Critical
5430,1,1,0.9077,9.23,Critical
5431,1,1,0.6158,38.42,Poor
5432,0,0,0.0836,91.64,Excellent
5433,1,1,0.6089,39.11,Poor
5434,0,0,0.1994,80.06,Excellent
5435,1,1,0.9757,2.43,Critical
5436,1,1,0.7469,25.31,Poor
5437,0,0,0.1551,84.49,Excellent
5438,1,1,0.9491,5.09,Critical
5439,1,1,0.7699,23.01,Poor
5440,0,0,0.1138,88.62,Excellent
5441,1,1,0.6476,35.24,Poor
5442,1,1,0.949,5.1,Critical
5443,0,0,0.1159,88.41,Excellent
5444,0,0,0.1384,86.16,Excellent
5445,1,1,0.6593,34.07,Poor
5446,0,0,0.0561,94.39,Excellent
5447,1,1,0.9502,4.98,Critical
5448,0,0,0.0317,96.83,Excellent
5449,0,0,0.1283,87.17,Excellent
5450,0,0,0.1981,80.19,Excellent
5451,0,0,0.1515,84.85,Excellent
5452,1,1,0.931,6.9,Critical
5453,1,1,0.6249,37.51,Poor
5454,1,1,0.791,20.9,Poor
5455,1,1,0.82,18.0,Critical
5456,1,1,0.9099,9.01,Critical
5457,0,0,0.118,88.2,Excellent
5458,0,0,0.12,88.0,Excellent
5459,1,1,0.8787,12.13,Critical
5460,1,1,0.9531,4.69,Critical
5461,1,1,0.6604,33.96,Poor
5462,0,0,0.1601,83.99,Excellent
5463,0,0,0.0798,92.02,Excellent
5464,0,0,0.2388,76.12,Good
5465,1,1,0.8641,13.59,Critical
5466,0,0,0.209,79.1,Good
5467,0,0,0.1032,89.68,Excellent
5468,1,1,0.8785,12.15,Critical
5469,0,0,0.0996,90.04,Excellent
5470,1,1,0.9876,1.24,Critical
5471,0,0,0.0971,90.29,Excellent
5472,1,1,0.9611,3.89,Critical
5473,1,1,0.8087,19.13,Critical
5474,1,1,0.7153,28.47,Poor
5475,1,1,0.9639,3.61,Critical
5476,0,0,0.1785,82.15,Excellent
5477,0,0,0.1133,88.67,Excellent
5478,1,1,0.9662,3.38,Critical
5479,1,1,0.628,37.2,Poor
5480,1,1,0.8935,10.65,Critical
5481,0,0,0.1929,80.71,Excellent
5482,1,1,0.9661,3.39,Critical
5483,1,1,0.8338,16.62,Critical
5484,0,0,0.3183,68.17,Good
5485,0,0,0.467,53.3,Fair
5486,0,0,0.1197,88.03,Excellent
5487,1,1,0.9151,8.49,Critical
5488,0,0,0.0489,95.11,Excellent
5489,0,0,0.1997,80.03,Excellent
5490,1,1,0.7808,21.92,Poor
5491,0,0,0.2059,79.41,Good
5492,1,1,0.6232,37.68,Poor
5493,0,0,0.0997,90.03,Excellent
5494,0,0,0.3475,65.25,Good
5495,0,0,0.4193,58.07,Fair
5496,0,0,0.161,83.9,Excellent
5497,0,0,0.2998,70.02,Good
5498,0,0,0.1097,89.03,Excellent
5499,1,1,0.5564,44.36,Fair
5500,0,0,0.1246,87.54,Excellent
5501,1,1,0.8286,17.14,Critical
5502,0,0,0.1363,86.37,Excellent
5503,0,0,0.0672,93.28,Excellent
5504,1,1,0.8295,17.05,Critical
5505,0,0,0.114,88.6,Excellent
5506,1,1,0.5221,47.79,Fair
5507,1,1,0.982,1.8,Critical
5508,0,0,0.0641,93.59,Excellent
5509,1,1,0.8857,11.43,Critical
5510,1,1,0.6854,31.46,Poor
5511,1,1,0.8793,12.07,Critical
5512,1,1,0.9459,5.41,Critical
5513,0,0,0.1937,80.63,Excellent
5514,0,0,0.155,84.5,Excellent
5515,1,1,0.825,17.5,Critical
5516,1,1,0.8378,16.22,Critical
5517,0,0,0.3703,62.97,Good
5518,0,0,0.0393,96.07,Excellent
5519,0,0,0.2943,70.57,Good
5520,0,0,0.0439,95.61,Excellent
5521,1,1,0.8894,11.06,Critical
5522,0,0,0.0793,92.07,Excellent
5523,0,0,0.1015,89.85,Excellent
5524,1,1,0.6248,37.52,Poor
5525,1,1,0.8257,17.43,Critical
5526,0,0,0.1409,85.91,Excellent
5527,1,1,0.7713,22.87,Poor
5528,1,1,0.8305,16.95,Critical
5529,0,0,0.1259,87.41,Excellent
5530,0,0,0.0751,92.49,Excellent
5531,1,1,0.9047,9.53,Critical
5532,0,1,0.5467,45.33,Fair
5533,1,1,0.7734,22.66,Poor
5534,0,0,0.4841,51.59,Fair
5535,0,0,0.143,85.7,Excellent
5536,1,1,0.9456,5.44,Critical
5537,0,0,0.1512,84.88,Excellent
5538,0,0,0.1217,87.83,Excellent
5539,0,0,0.0942,90.58,Excellent
5540,0,0,0.1338,86.62,Excellent
5541,0,0,0.3049,69.51,Good
5542,0,0,0.1263,87.37,Excellent
5543,1,1,0.89,11.0,Critical
5544,1,1,0.9332,6.68,Critical
5545,0,0,0.0775,92.25,Excellent
5546,0,0,0.101,89.9,Excellent
5547,1,1,0.9409,5.91,Critical
5548,0,0,0.0493,95.07,Excellent
5549,1,1,0.856,14.4,Critical
5550,0,0,0.128,87.2,Excellent
5551,1,1,0.8476,15.24,Critical
5552,0,0,0.0543,94.57,Excellent
5553,0,0,0.2524,74.76,Good
5554,1,1,0.8632,13.68,Critical
5555,1,1,0.9331,6.69,Critical
5556,1,1,0.8691,13.09,Critical
5557,0,0,0.1026,89.74,Excellent
5558,0,0,0.116,88.4,Excellent
5559,0,0,0.2492,75.08,Good
5560,1,1,0.9742,2.58,Critical
5561,0,0,0.0706,92.94,Excellent
5562,0,0,0.1551,84.49,Excellent
5563,0,0,0.1387,86.13,Excellent
5564,0,0,0.0923,90.77,Excellent
5565,1,1,0.7965,20.35,Poor
5566,0,0,0.0695,93.05,Excellent
5567,0,0,0.1285,87.15,Excellent
5568,0,0,0.081,91.9,Excellent
5569,1,1,0.5926,40.74,Fair
5570,1,1,0.8804,11.96,Critical
5571,0,0,0.3151,68.49,Good
5572,0,0,0.1211,87.89,Excellent
5573,0,0,0.0884,91.16,Excellent
5574,0,0,0.1347,86.53,Excellent
5575,1,1,0.5958,40.42,Fair
5576,0,0,0.1925,80.75,Excellent
5577,0,0,0.0581,94.19,Excellent
5578,1,1,0.9443,5.57,Critical
5579,1,1,0.8618,13.82,Critical
5580,0,0,0.1347,86.53,Excellent
5581,0,0,0.1743,82.57,Excellent
5582,0,1,0.5895,41.05,Fair
5583,0,0,0.271,72.9,Good
5584,0,0,0.1482,85.18,Excellent
5585,1,1,0.9279,7.21,Critical
5586,1,1,0.9025,9.75,Critical
5587,0,0,0.0451,95.49,Excellent
5588,0,0,0.1949,80.51,Excellent
5589,1,1,0.7321,26.79,Poor
5590,1,1,0.8206,17.94,Critical
5591,1,1,0.6281,37.19,Poor
5592,1,1,0.8775,12.25,Critical
5593,1,1,0.8731,12.69,Critical
5594,1,1,0.9778,2.22,Critical
5595,0,0,0.1379,86.21,Excellent
5596,1,1,0.9298,7.02,Critical
5597,1,1,0.8703,12.97,Critical
5598,1,1,0.9524,4.76,Critical
5599,0,0,0.1507,84.93,Excellent
5600,1,1,0.5373,46.27,Fair
5601,1,1,0.928,7.2,Critical
5602,0,0,0.1399,86.01,Excellent
5603,0,0,0.3361,66.39,Good
5604,1,1,0.6504,34.96,Poor
5605,0,0,0.0923,90.77,Excellent
5606,1,1,0.7951,20.49,Poor
5607,0,0,0.4027,59.73,Fair
5608,0,0,0.0635,93.65,Excellent
5609,1,1,0.7548,24.52,Poor
5610,0,0,0.1194,88.06,Excellent
5611,0,0,0.1832,81.68,Excellent
5612,0,0,0.3395,66.05,Good
5613,0,0,0.1001,89.99,Excellent
5614,0,0,0.101,89.9,Excellent
5615,0,0,0.2681,73.19,Good
5616,0,0,0.187,81.3,Excellent
5617,0,0,0.0962,90.38,Excellent
5618,0,0,0.1172,88.28,Excellent
5619,0,0,0.1367,86.33,Excellent
5620,0,0,0.1694,83.06,Excellent
5621,0,0,0.1247,87.53,Excellent
5622,1,1,0.7736,22.64,Poor
5623,0,0,0.1289,87.11,Excellent
5624,0,0,0.0806,91.94,Excellent
5625,1,1,0.8549,14.51,Critical
5626,1,1,0.9261,7.39,Critical
5627,1,1,0.8244,17.56,Critical
5628,0,0,0.1972,80.28,Excellent
5629,1,0,0.3212,67.88,Good
5630,0,0,0.0964,90.36,Excellent
5631,0,0,0.1329,86.71,Excellent
5632,1,1,0.923,7.7,Critical
5633,0,0,0.1466,85.34,Excellent
5634,1,1,0.7374,26.26,Poor
5635,0,0,0.096,90.4,Excellent
5636,0,0,0.0995,90.05,Excellent
5637,1,1,0.7254,27.46,Poor
5638,0,0,0.0616,93.84,Excellent
5639,1,1,0.6146,38.54,Poor
5640,0,0,0.1064,89.36,Excellent
5641,0,0,0.1874,81.26,Excellent
5642,1,1,0.962,3.8,Critical
5643,1,1,0.8734,12.66,Critical
5644,1,1,0.8894,11.06,Critical
5645,1,1,0.795,20.5,Poor
5646,1,1,0.89,11.0,Critical
5647,1,1,0.814,18.6,Critical
5648,1,1,0.8114,18.86,Critical
5649,1,1,0.974,2.6,Critical
5650,0,0,0.2975,70.25,Good
5651,1,1,0.907,9.3,Critical
5652,0,0,0.1452,85.48,Excellent
5653,1,1,0.8637,13.63,Critical
5654,1,0,0.4677,53.23,Fair
5655,0,0,0.1778,82.22,Excellent
5656,1,1,0.9355,6.45,Critical
5657,0,0,0.305,69.5,Good
5658,1,1,0.9172,8.28,Critical
5659,1,1,0.8197,18.03,Critical
5660,1,1,0.9627,3.73,Critical
5661,0,0,0.1836,81.64,Excellent
5662,0,0,0.1397,86.03,Excellent
5663,1,1,0.7376,26.24,Poor
5664,1,1,0.883,11.7,Critical
5665,1,1,0.9001,9.99,Critical
5666,1,1,0.9353,6.47,Critical
5667,1,1,0.7861,21.39,Poor
5668,0,0,0.3031,69.69,Good
5669,1,1,0.6335,36.65,Poor
5670,0,0,0.1923,80.77,Excellent
5671,1,1,0.9118,8.82,Critical
5672,1,1,0.8175,18.25,Critical
5673,1,1,0.8999,10.01,Critical
5674,0,0,0.4065,59.35,Fair
5675,1,1,0.802,19.8,Critical
5676,1,1,0.9074,9.26,Critical
5677,0,0,0.0618,93.82,Excellent
5678,0,0,0.2102,78.98,Good
5679,0,0,0.1777,82.23,Excellent
5680,1,1,0.8295,17.05,Critical
5681,1,0,0.4486,55.14,Fair
5682,1,1,0.9378,6.22,Critical
5683,0,0,0.089,91.1,Excellent
5684,1,0,0.4332,56.68,Fair
5685,0,0,0.1325,86.75,Excellent
5686,1,1,0.5864,41.36,Fair
5687,0,0,0.1123,88.77,Excellent
5688,1,0,0.4884,51.16,Fair
5689,0,0,0.0905,90.95,Excellent
5690,0,0,0.1997,80.03,Excellent
5691,1,1,0.8239,17.61,Critical
5692,0,0,0.1057,89.43,Excellent
5693,0,0,0.0824,91.76,Excellent
5694,1,1,0.7699,23.01,Poor
5695,1,1,0.7585,24.15,Poor
5696,0,0,0.2845,71.55,Good
5697,1,1,0.8058,19.42,Critical
5698,1,1,0.8796,12.04,Critical
5699,1,1,0.8428,15.72,Critical
5700,1,1,0.8215,17.85,Critical
5701,0,0,0.15,85.0,Excellent
5702,1,1,0.9896,1.04,Critical
5703,0,0,0.0906,90.94,Excellent
5704,1,0,0.4898,51.02,Fair
5705,1,1,0.8986,10.14,Critical
5706,1,1,0.9455,5.45,Critical
5707,0,0,0.2884,71.16,Good
5708,0,0,0.0855,91.45,Excellent
5709,1,1,0.8917,10.83,Critical
5710,1,1,0.9409,5.91,Critical
5711,1,1,0.868,13.2,Critical
5712,0,0,0.1039,89.61,Excellent
5713,1,1,0.8102,18.98,Critical
5714,0,0,0.2295,77.05,Good
5715,1,1,0.8238,17.62,Critical
5716,1,1,0.9981,0.19,Critical
5717,0,0,0.2361,76.39,Good
5718,0,0,0.3712,62.88,Good
5719,1,1,0.9316,6.84,Critical
5720,1,1,0.9444,5.56,Critical
5721,1,1,0.9338,6.62,Critical
5722,0,0,0.2977,70.23,Good
5723,1,1,0.8358,16.42,Critical
5724,1,1,0.7329,26.71,Poor
5725,1,1,0.8756,12.44,Critical
5726,1,1,0.9335,6.65,Critical
5727,0,0,0.0777,92.23,Excellent
5728,0,0,0.179,82.1,Excellent
5729,1,1,0.9205,7.95,Critical
5730,1,1,0.9842,1.58,Critical
5731,0,0,0.1117,88.83,Excellent
5732,1,1,0.8367,16.33,Critical
5733,1,1,0.8083,19.17,Critical
5734,1,1,0.8803,11.97,Critical
5735,1,1,0.6542,34.58,Poor
5736,0,0,0.2084,79.16,Good
5737,1,1,0.8362,16.38,Critical
5738,0,0,0.2617,73.83,Good
5739,1,0,0.4242,57.58,Fair
5740,0,0,0.0872,91.28,Excellent
5741,1,1,0.7582,24.18,Poor
5742,1,1,0.9722,2.78,Critical
5743,1,1,0.9223,7.77,Critical
5744,1,1,0.9139,8.61,Critical
5745,0,0,0.1168,88.32,Excellent
5746,0,0,0.3055,69.45,Good
5747,0,0,0.0349,96.51,Excellent
5748,0,0,0.1603,83.97,Excellent
5749,0,0,0.0632,93.68,Excellent
5750,0,0,0.2288,77.12,Good
5751,1,1,0.8971,10.29,Critical
5752,1,1,0.9641,3.59,Critical
5753,0,0,0.2244,77.56,Good
5754,1,1,0.7864,21.36,Poor
5755,0,0,0.2249,77.51,Good
5756,1,1,0.8741,12.59,Critical
5757,0,0,0.3023,69.77,Good
5758,0,0,0.4187,58.13,Fair
5759,0,0,0.0845,91.55,Excellent
5760,1,1,0.7209,27.91,Poor
5761,0,0,0.1555,84.45,Excellent
5762,1,1,0.6711,32.89,Poor
5763,0,0,0.0614,93.86,Excellent
5764,0,0,0.0756,92.44,Excellent
5765,1,1,0.9179,8.21,Critical
5766,1,1,0.9387,6.13,Critical
5767,0,0,0.0402,95.98,Excellent
5768,1,1,0.8838,11.62,Critical
5769,1,1,0.8966,10.34,Critical
5770,0,0,0.0678,93.22,Excellent
5771,0,0,0.0949,90.51,Excellent
5772,1,1,0.9453,5.47,Critical
5773,0,1,0.6222,37.78,Poor
5774,0,0,0.1363,86.37,Excellent
5775,0,0,0.1879,81.21,Excellent
5776,0,0,0.0711,92.89,Excellent
5777,1,1,0.6682,33.18,Poor
5778,1,1,0.796,20.4,Poor
5779,0,0,0.1536,84.64,Excellent
5780,1,1,0.7046,29.54,Poor
5781,1,1,0.6658,33.42,Poor
5782,0,0,0.0844,91.56,Excellent
5783,0,0,0.0701,92.99,Excellent
5784,0,0,0.3402,65.98,Good
5785,1,1,0.761,23.9,Poor
5786,0,0,0.068,93.2,Excellent
5787,1,1,0.8494,15.06,Critical
5788,0,0,0.1036,89.64,Excellent
5789,1,1,0.7094,29.06,Poor
5790,0,0,0.1411,85.89,Excellent
5791,1,1,0.8868,11.32,Critical
5792,0,0,0.0911,90.89,Excellent
5793,1,1,0.983,1.7,Critical
5794,1,1,0.8866,11.34,Critical
5795,0,0,0.2133,78.67,Good
5796,0,0,0.132,86.8,Excellent
5797,1,1,0.8871,11.29,Critical
5798,1,1,0.9185,8.15,Critical
5799,0,0,0.107,89.3,Excellent
5800,1,1,0.8873,11.27,Critical
5801,1,1,0.8315,16.85,Critical
5802,0,0,0.1442,85.58,Excellent
5803,0,0,0.1193,88.07,Excellent
5804,0,0,0.0877,91.23,Excellent
5805,0,0,0.1172,88.28,Excellent
5806,1,1,0.9193,8.07,Critical
5807,1,1,0.9658,3.42,Critical
5808,0,0,0.1261,87.39,Excellent
5809,1,1,0.6716,32.84,Poor
5810,1,1,0.8995,10.05,Critical
5811,1,1,0.7324,26.76,Poor
5812,1,1,0.8442,15.58,Critical
5813,0,0,0.2149,78.51,Good
5814,0,0,0.3406,65.94,Good
5815,1,1,0.9452,5.48,Critical
5816,1,1,0.94,6.0,Critical
5817,1,1,0.8062,19.38,Critical
5818,1,1,0.911,8.9,Critical
5819,0,0,0.2104,78.96,Good
5820,1,1,0.5583,44.17,Fair
5821,1,1,0.9422,5.78,Critical
5822,1,1,0.8016,19.84,Critical
5823,0,0,0.3385,66.15,Good
5824,1,1,0.8134,18.66,Critical
5825,1,1,0.872,12.8,Critical
5826,1,1,0.925,7.5,Critical
5827,1,1,0.6372,36.28,Poor
5828,1,1,0.9285,7.15,Critical
5829,0,0,0.0654,93.46,Excellent
5830,0,0,0.2549,74.51,Good
5831,1,1,0.6707,32.93,Poor
5832,1,1,0.868,13.2,Critical
5833,1,1,0.9197,8.03,Critical
5834,1,1,0.5083,49.17,Fair
5835,1,1,0.8935,10.65,Critical
5836,0,0,0.1225,87.75,Excellent
5837,0,0,0.0878,91.22,Excellent
5838,1,1,0.9418,5.82,Critical
5839,0,0,0.1192,88.08,Excellent
5840,0,0,0.0559,94.41,Excellent
5841,0,0,0.1608,83.92,Excellent
5842,1,1,0.9083,9.17,Critical
5843,0,0,0.1631,83.69,Excellent
5844,0,0,0.1184,88.16,Excellent
5845,0,0,0.1214,87.86,Excellent
5846,1,1,0.9726,2.74,Critical
5847,0,0,0.0198,98.02,Excellent
5848,0,0,0.2086,79.14,Good
5849,1,1,0.8022,19.78,Critical
5850,1,1,0.7721,22.79,Poor
5851,1,1,0.7963,20.37,Poor
5852,1,1,0.6393,36.07,Poor
5853,1,1,0.8885,11.15,Critical
5854,0,0,0.217,78.3,Good
5855,0,0,0.1744,82.56,Excellent
5856,1,1,0.8697,13.03,Critical
5857,0,0,0.1173,88.27,Excellent
5858,1,1,0.9156,8.44,Critical
5859,0,0,0.1075,89.25,Excellent
5860,1,1,0.8102,18.98,Critical
5861,0,0,0.2895,71.05,Good
5862,0,0,0.1392,86.08,Excellent
5863,0,0,0.2655,73.45,Good
5864,1,1,0.9398,6.02,Critical
5865,0,0,0.3948,60.52,Good
5866,1,1,0.9519,4.81,Critical
5867,0,0,0.1304,86.96,Excellent
5868,1,1,0.8056,19.44,Critical
5869,1,0,0.4717,52.83,Fair
5870,0,0,0.1672,83.28,Excellent
5871,1,1,0.9222,7.78,Critical
5872,1,1,0.9036,9.64,Critical
5873,0,0,0.1035,89.65,Excellent
5874,1,1,0.8987,10.13,Critical
5875,1,1,0.8279,17.21,Critical
5876,0,0,0.1183,88.17,Excellent
5877,1,1,0.9831,1.69,Critical
5878,1,1,0.8222,17.78,Critical
5879,0,0,0.1568,84.32,Excellent
5880,1,1,0.9482,5.18,Critical
5881,0,0,0.2145,78.55,Good
5882,0,0,0.1043,89.57,Excellent
5883,0,0,0.1973,80.27,Excellent
5884,0,0,0.148,85.2,Excellent
5885,1,1,0.8592,14.08,Critical
5886,1,1,0.6047,39.53,Poor
5887,0,0,0.3977,60.23,Good
5888,0,0,0.1154,88.46,Excellent
5889,0,0,0.0633,93.67,Excellent
5890,1,1,0.9647,3.53,Critical
5891,0,0,0.2353,76.47,Good
5892,0,0,0.174,82.6,Excellent
5893,1,1,0.6429,35.71,Poor
5894,0,0,0.1004,89.96,Excellent
5895,0,0,0.1877,81.23,Excellent
5896,1,1,0.9796,2.04,Critical
5897,1,1,0.7706,22.94,Poor
5898,0,0,0.1485,85.15,Excellent
5899,1,1,0.741,25.9,Poor
5900,1,1,0.9304,6.96,Critical
5901,0,0,0.1354,86.46,Excellent
5902,0,0,0.2423,75.77,Good
5903,0,0,0.3321,66.79,Good
5904,1,1,0.8296,17.04,Critical
5905,0,0,0.0558,94.42,Excellent
5906,1,1,0.8684,13.16,Critical
5907,0,0,0.2155,78.45,Good
5908,0,0,0.075,92.5,Excellent
5909,0,0,0.2111,78.89,Good
5910,1,1,0.76,24.0,Poor
5911,1,1,0.7987,20.13,Poor
5912,0,0,0.0549,94.51,Excellent
5913,0,0,0.1594,84.06,Excellent
5914,1,1,0.8238,17.62,Critical
5915,0,0,0.1478,85.22,Excellent
5916,0,0,0.0844,91.56,Excellent
5917,0,0,0.125,87.5,Excellent
5918,1,1,0.7557,24.43,Poor
5919,0,0,0.0659,93.41,Excellent
5920,1,1,0.9571,4.29,Critical
5921,0,0,0.1701,82.99,Excellent
5922,1,1,0.8977,10.23,Critical
5923,1,1,0.8603,13.97,Critical
5924,1,1,0.855,14.5,Critical
5925,1,1,0.8827,11.73,Critical
5926,1,1,0.8733,12.67,Critical
5927,0,0,0.1397,86.03,Excellent
5928,0,1,0.5405,45.95,Fair
5929,1,1,0.8979,10.21,Critical
5930,0,0,0.0692,93.08,Excellent
5931,1,1,0.5446,45.54,Fair
5932,1,1,0.7312,26.88,Poor
5933,1,1,0.9489,5.11,Critical
5934,1,1,0.9463,5.37,Critical
5935,1,1,0.9124,8.76,Critical
5936,0,0,0.1341,86.59,Excellent
5937,0,0,0.1188,88.12,Excellent
5938,1,1,0.9239,7.61,Critical
5939,1,1,0.8689,13.11,Critical
5940,1,1,0.9341,6.59,Critical
5941,0,0,0.165,83.5,Excellent
5942,0,0,0.2486,75.14,Good
5943,0,0,0.176,82.4,Excellent
5944,1,1,0.8375,16.25,Critical
5945,0,0,0.2843,71.57,Good
5946,0,0,0.1381,86.19,Excellent
5947,0,0,0.1501,84.99,Excellent
5948,0,0,0.0705,92.95,Excellent
5949,0,0,0.0997,90.03,Excellent
5950,1,1,0.9165,8.35,Critical
5951,1,1,0.842,15.8,Critical
5952,0,0,0.1847,81.53,Excellent
5953,0,0,0.0938,90.62,Excellent
5954,1,1,0.8895,11.05,Critical
5955,0,0,0.078,92.2,Excellent
5956,0,0,0.1719,82.81,Excellent
5957,1,0,0.3597,64.03,Good
5958,1,1,0.8775,12.25,Critical
5959,0,0,0.3599,64.01,Good
5960,1,1,0.9584,4.16,Critical
5961,1,1,0.6915,30.85,Poor
5962,0,0,0.2133,78.67,Good
5963,1,1,0.7403,25.97,Poor
5964,0,0,0.4976,50.24,Fair
5965,0,0,0.1985,80.15,Excellent
5966,1,1,0.649,35.1,Poor
5967,1,1,0.9162,8.38,Critical
5968,0,0,0.1625,83.75,Excellent
5969,1,1,0.7416,25.84,Poor
5970,1,1,0.8765,12.35,Critical
5971,0,0,0.0932,90.68,Excellent
5972,1,1,0.8992,10.08,Critical
5973,1,1,0.6831,31.69,Poor
5974,0,0,0.1404,85.96,Excellent
5975,0,0,0.1326,86.74,Excellent
5976,0,0,0.0969,90.31,Excellent
5977,0,0,0.1215,87.85,Excellent
5978,0,0,0.0684,93.16,Excellent
5979,0,0,0.2981,70.19,Good
5980,0,0,0.1508,84.92,Excellent
5981,1,1,0.9785,2.15,Critical
5982,1,1,0.9449,5.51,Critical
5983,0,0,0.0867,91.33,Excellent
5984,1,1,0.7432,25.68,Poor
5985,1,1,0.881,11.9,Critical
5986,1,1,0.8935,10.65,Critical
5987,0,0,0.271,72.9,Good
5988,0,0,0.1126,88.74,Excellent
5989,1,1,0.7391,26.09,Poor
5990,1,1,0.5912,40.88,Fair
5991,1,1,0.7357,26.43,Poor
5992,0,0,0.2908,70.92,Good
5993,0,0,0.2228,77.72,Good
5994,0,0,0.1167,88.33,Excellent
5995,1,1,0.9845,1.55,Critical
5996,1,1,0.9515,4.85,Critical
5997,0,0,0.1366,86.34,Excellent
5998,0,0,0.1077,89.23,Excellent
5999,1,1,0.7922,20.78,Poor
6000,0,0,0.0788,92.12,Excellent
6001,0,0,0.0474,95.26,Excellent
6002,1,1,0.8012,19.88,Critical
6003,1,1,0.8435,15.65,Critical
6004,0,0,0.1352,86.48,Excellent
6005,1,1,0.8714,12.86,Critical
6006,1,1,0.8692,13.08,Critical
6007,0,0,0.1307,86.93,Excellent
6008,0,0,0.057,94.3,Excellent
6009,0,0,0.0733,92.67,Excellent
6010,1,1,0.8408,15.92,Critical
6011,0,0,0.2881,71.19,Good
6012,0,0,0.1919,80.81,Excellent
6013,1,1,0.8145,18.55,Critical
6014,0,0,0.1225,87.75,Excellent
6015,0,0,0.0766,92.34,Excellent
6016,0,0,0.2788,72.12,Good
6017,0,0,0.2234,77.66,Good
6018,0,0,0.0395,96.05,Excellent
6019,1,1,0.8688,13.12,Critical
6020,0,0,0.1212,87.88,Excellent
6021,0,0,0.1418,85.82,Excellent
6022,0,0,0.1523,84.77,Excellent
6023,0,0,0.1002,89.98,Excellent
6024,1,1,0.8569,14.31,Critical
6025,0,0,0.1607,83.93,Excellent
6026,0,0,0.2695,73.05,Good
6027,1,1,0.9325,6.75,Critical
6028,0,0,0.0752,92.48,Excellent
6029,1,1,0.8048,19.52,Critical
6030,1,1,0.7894,21.06,Poor
6031,1,1,0.9071,9.29,Critical
6032,0,0,0.1625,83.75,Excellent
6033,1,1,0.8415,15.85,Critical
6034,0,0,0.1602,83.98,Excellent
6035,0,0,0.2698,73.02,Good
6036,1,1,0.9161,8.39,Critical
6037,1,1,0.8726,12.74,Critical
6038,1,1,0.8356,16.44,Critical
6039,1,1,0.6307,36.93,Poor
6040,1,1,0.9679,3.21,Critical
6041,1,1,0.9832,1.68,Critical
6042,0,0,0.0721,92.79,Excellent
6043,0,0,0.1364,86.36,Excellent
6044,0,0,0.1196,88.04,Excellent
6045,1,1,0.9703,2.97,Critical
6046,1,1,0.9438,5.62,Critical
6047,1,1,0.9151,8.49,Critical
6048,1,1,0.7938,20.62,Poor
6049,0,0,0.1007,89.93,Excellent
6050,0,0,0.1197,88.03,Excellent
6051,1,1,0.6208,37.92,Poor
6052,0,0,0.377,62.3,Good
6053,1,1,0.8649,13.51,Critical
6054,1,1,0.8382,16.18,Critical
6055,0,0,0.1225,87.75,Excellent
6056,0,0,0.0878,91.22,Excellent
6057,0,0,0.0998,90.02,Excellent
6058,1,1,0.9461,5.39,Critical
6059,0,0,0.2626,73.74,Good
6060,1,1,0.9524,4.76,Critical
6061,1,1,0.583,41.7,Fair
6062,0,0,0.1106,88.94,Excellent
6063,0,0,0.2255,77.45,Good
6064,1,1,0.8484,15.16,Critical
6065,1,1,0.9757,2.43,Critical
6066,1,1,0.9279,7.21,Critical
6067,0,0,0.0891,91.09,Excellent
6068,0,0,0.2762,72.38,Good
6069,0,0,0.1425,85.75,Excellent
6070,0,0,0.2039,79.61,Good
6071,0,0,0.1717,82.83,Excellent
6072,0,0,0.2006,79.94,Good
6073,1,1,0.9571,4.29,Critical
6074,1,1,0.7422,25.78,Poor
6075,0,0,0.1369,86.31,Excellent
6076,1,1,0.954,4.6,Critical
6077,0,0,0.3243,67.57,Good
6078,1,1,0.7164,28.36,Poor
6079,1,1,0.888,11.2,Critical
6080,1,1,0.911,8.9,Critical
6081,0,0,0.101,89.9,Excellent
6082,1,1,0.6723,32.77,Poor
6083,0,0,0.1654,83.46,Excellent
6084,1,1,0.8779,12.21,Critical
6085,0,0,0.0794,92.06,Excellent
6086,0,0,0.1712,82.88,Excellent
6087,1,1,0.9168,8.32,Critical
6088,0,0,0.0996,90.04,Excellent
6089,0,0,0.0559,94.41,Excellent
6090,0,0,0.2077,79.23,Good
6091,1,1,0.9217,7.83,Critical
6092,1,1,0.699,30.1,Poor
6093,1,1,0.961,3.9,Critical
6094,0,0,0.1042,89.58,Excellent
6095,1,1,0.7509,24.91,Poor
6096,0,0,0.1035,89.65,Excellent
6097,1,1,0.5968,40.32,Fair
6098,0,0,0.2173,78.27,Good
6099,1,1,0.8868,11.32,Critical
6100,0,0,0.1041,89.59,Excellent
6101,1,1,0.923,7.7,Critical
6102,1,1,0.8895,11.05,Critical
6103,0,0,0.3767,62.33,Good
6104,1,1,0.8673,13.27,Critical
6105,0,0,0.1566,84.34,Excellent
6106,1,1,0.8144,18.56,Critical
6107,1,1,0.8745,12.55,Critical
6108,0,0,0.1138,88.62,Excellent
6109,1,1,0.8729,12.71,Critical
6110,1,1,0.7268,27.32,Poor
6111,1,1,0.5423,45.77,Fair
6112,1,1,0.7644,23.56,Poor
6113,1,1,0.9451,5.49,Critical
6114,0,0,0.1968,80.32,Excellent
6115,1,1,0.8901,10.99,Critical
6116,1,1,0.9771,2.29,Critical
6117,0,0,0.0959,90.41,Excellent
6118,0,0,0.3913,60.87,Good
6119,0,0,0.1857,81.43,Excellent
6120,1,1,0.8007,19.93,Critical
6121,0,0,0.1556,84.44,Excellent
6122,1,1,0.936,6.4,Critical
6123,1,1,0.9799,2.01,Critical
6124,0,0,0.1228,87.72,Excellent
6125,0,0,0.1353,86.47,Excellent
6126,1,1,0.9126,8.74,Critical
6127,1,1,0.9285,7.15,Critical
6128,0,0,0.1848,81.52,Excellent
6129,1,1,0.9874,1.26,Critical
6130,0,0,0.1413,85.87,Excellent
6131,1,1,0.7921,20.79,Poor
6132,1,1,0.9425,5.75,Critical
6133,1,1,0.9711,2.89,Critical
6134,1,1,0.882,11.8,Critical
6135,1,1,0.9634,3.66,Critical
6136,1,1,0.6217,37.83,Poor
6137,0,0,0.1579,84.21,Excellent
6138,1,1,0.8095,19.05,Critical
6139,0,0,0.1285,87.15,Excellent
6140,1,1,0.8621,13.79,Critical
6141,0,0,0.1312,86.88,Excellent
6142,0,0,0.1439,85.61,Excellent
6143,1,1,0.8099,19.01,Critical
6144,0,0,0.1518,84.82,Excellent
6145,0,0,0.0718,92.82,Excellent
6146,1,1,0.9459,5.41,Critical
6147,0,0,0.0821,91.79,Excellent
6148,0,0,0.0994,90.06,Excellent
6149,0,0,0.2026,79.74,Good
6150,0,0,0.0931,90.69,Excellent
6151,1,1,0.9,10.0,Critical
6152,1,1,0.916,8.4,Critical
6153,0,0,0.1492,85.08,Excellent
6154,0,0,0.2034,79.66,Good
6155,0,0,0.1245,87.55,Excellent
6156,0,0,0.1317,86.83,Excellent
6157,0,0,0.1259,87.41,Excellent
6158,1,1,0.8465,15.35,Critical
6159,0,0,0.0603,93.97,Excellent
6160,0,0,0.2657,73.43,Good
6161,1,1,0.8729,12.71,Critical
6162,1,1,0.8557,14.43,Critical
6163,1,1,0.8396,16.04,Critical
6164,0,0,0.1802,81.98,Excellent
6165,0,0,0.2974,70.26,Good
6166,0,0,0.1918,80.82,Excellent
6167,0,0,0.2934,70.66,Good
6168,1,1,0.9502,4.98,Critical
6169,1,1,0.9631,3.69,Critical
6170,1,1,0.7862,21.38,Poor
6171,1,1,0.9612,3.88,Critical
6172,0,0,0.0551,94.49,Excellent
6173,1,1,0.8337,16.63,Critical
6174,1,1,0.7395,26.05,Poor
6175,0,0,0.1065,89.35,Excellent
6176,1,1,0.8533,14.67,Critical
6177,0,0,0.1561,84.39,Excellent
6178,0,0,0.4116,58.84,Fair
6179,1,1,0.8454,15.46,Critical
6180,0,0,0.0549,94.51,Excellent
6181,0,0,0.0547,94.53,Excellent
6182,0,0,0.1922,80.78,Excellent
6183,1,1,0.9022,9.78,Critical
6184,0,0,0.2099,79.01,Good
6185,0,0,0.0962,90.38,Excellent
6186,0,0,0.2165,78.35,Good
6187,1,1,0.8121,18.79,Critical
6188,1,1,0.9136,8.64,Critical
6189,0,0,0.0293,97.07,Excellent
6190,0,0,0.2349,76.51,Good
6191,1,1,0.8064,19.36,Critical
6192,0,0,0.1414,85.86,Excellent
6193,1,1,0.885,11.5,Critical
6194,1,1,0.8403,15.97,Critical
6195,1,1,0.8853,11.47,Critical
6196,0,0,0.1406,85.94,Excellent
6197,0,0,0.0648,93.52,Excellent
6198,1,1,0.8761,12.39,Critical
6199,0,0,0.0849,91.51,Excellent
6200,0,0,0.1573,84.27,Excellent
6201,0,0,0.0636,93.64,Excellent
6202,0,0,0.1527,84.73,Excellent
6203,0,0,0.1462,85.38,Excellent
6204,1,1,0.7694,23.06,Poor
6205,0,0,0.0738,92.62,Excellent
6206,1,1,0.8538,14.62,Critical
6207,0,0,0.178,82.2,Excellent
6208,1,1,0.9307,6.93,Critical
6209,0,0,0.1711,82.89,Excellent
6210,0,0,0.1443,85.57,Excellent
6211,0,0,0.2641,73.59,Good
6212,1,1,0.9886,1.14,Critical
6213,1,1,0.7746,22.54,Poor
6214,1,1,0.8173,18.27,Critical
6215,0,0,0.1438,85.62,Excellent
6216,0,0,0.1156,88.44,Excellent
6217,0,0,0.156,84.4,Excellent
6218,1,1,0.9879,1.21,Critical
6219,0,0,0.1096,89.04,Excellent
6220,0,1,0.5573,44.27,Fair
6221,1,1,0.637,36.3,Poor
6222,1,1,0.9117,8.83,Critical
6223,0,0,0.0821,91.79,Excellent
6224,0,0,0.1282,87.18,Excellent
6225,1,1,0.8959,10.41,Critical
6226,1,1,0.5123,48.77,Fair
6227,1,1,0.8383,16.17,Critical
6228,1,1,0.9444,5.56,Critical
6229,0,0,0.4647,53.53,Fair
6230,0,0,0.131,86.9,Excellent
6231,1,1,0.9516,4.84,Critical
6232,0,0,0.1212,87.88,Excellent
6233,1,1,0.6784,32.16,Poor
6234,0,0,0.1232,87.68,Excellent
6235,0,0,0.2118,78.82,Good
6236,1,1,0.8632,13.68,Critical
6237,1,1,0.955,4.5,Critical
6238,1,1,0.8912,10.88,Critical
6239,1,1,0.8661,13.39,Critical
6240,1,1,0.9332,6.68,Critical
6241,0,0,0.3346,66.54,Good
6242,0,0,0.1116,88.84,Excellent
6243,0,0,0.1626,83.74,Excellent
6244,0,0,0.4572,54.28,Fair
6245,1,1,0.8759,12.41,Critical
6246,0,0,0.2306,76.94,Good
6247,1,1,0.9185,8.15,Critical
6248,0,0,0.1415,85.85,Excellent
6249,1,1,0.909,9.1,Critical
6250,0,0,0.2295,77.05,Good
6251,0,0,0.1343,86.57,Excellent
6252,0,0,0.1525,84.75,Excellent
6253,1,1,0.8846,11.54,Critical
6254,1,1,0.864,13.6,Critical
6255,0,0,0.2716,72.84,Good
6256,0,0,0.0593,94.07,Excellent
6257,0,0,0.0891,91.09,Excellent
6258,1,1,0.794,20.6,Poor
6259,1,1,0.8605,13.95,Critical
6260,1,1,0.9711,2.89,Critical
6261,0,0,0.0586,94.14,Excellent
6262,1,1,0.9445,5.55,Critical
6263,0,0,0.3358,66.42,Good
6264,1,1,0.7153,28.47,Poor
6265,0,0,0.2249,77.51,Good
6266,1,1,0.93,7.0,Critical
6267,1,1,0.7861,21.39,Poor
6268,0,0,0.4733,52.67,Fair
6269,0,1,0.5123,48.77,Fair
6270,1,0,0.4975,50.25,Fair
6271,1,1,0.6977,30.23,Poor
6272,1,1,0.9519,4.81,Critical
6273,1,1,0.7625,23.75,Poor
6274,0,0,0.18,82.0,Excellent
6275,0,0,0.1787,82.13,Excellent
6276,0,0,0.2109,78.91,Good
6277,0,0,0.1476,85.24,Excellent
6278,1,1,0.9521,4.79,Critical
6279,1,1,0.8476,15.24,Critical
6280,0,0,0.1119,88.81,Excellent
6281,0,0,0.0947,90.53,Excellent
6282,0,0,0.0817,91.83,Excellent
6283,1,1,0.8939,10.61,Critical
6284,0,0,0.1766,82.34,Excellent
6285,0,0,0.0408,95.92,Excellent
6286,1,1,0.8259,17.41,Critical
6287,1,1,0.7577,24.23,Poor
6288,0,0,0.1014,89.86,Excellent
6289,0,0,0.1896,81.04,Excellent
6290,1,1,0.7573,24.27,Poor
6291,0,0,0.0981,90.19,Excellent
6292,1,1,0.6283,37.17,Poor
6293,0,0,0.3232,67.68,Good
6294,1,1,0.9068,9.32,Critical
6295,1,1,0.877,12.3,Critical
6296,0,0,0.1166,88.34,Excellent
6297,1,1,0.8223,17.77,Critical
6298,0,0,0.0922,90.78,Excellent
6299,0,0,0.1011,89.89,Excellent
6300,0,0,0.0904,90.96,Excellent
6301,0,0,0.2755,72.45,Good
6302,0,0,0.4346,56.54,Fair
6303,0,0,0.2869,71.31,Good
6304,0,0,0.1157,88.43,Excellent
6305,0,0,0.1247,87.53,Excellent
6306,1,1,0.7651,23.49,Poor
6307,1,0,0.4695,53.05,Fair
6308,0,0,0.0634,93.66,Excellent
6309,0,0,0.198,80.2,Excellent
6310,0,0,0.0508,94.92,Excellent
6311,0,0,0.0894,91.06,Excellent
6312,0,0,0.1163,88.37,Excellent
6313,1,1,0.8297,17.03,Critical
6314,0,0,0.1766,82.34,Excellent
6315,1,1,0.9169,8.31,Critical
6316,0,0,0.1256,87.44,Excellent
6317,1,1,0.8804,11.96,Critical
6318,1,1,0.9324,6.76,Critical
6319,0,0,0.0652,93.48,Excellent
6320,0,0,0.2153,78.47,Good
6321,0,0,0.1725,82.75,Excellent
6322,1,1,0.9112,8.88,Critical
6323,1,1,0.6414,35.86,Poor
6324,0,0,0.1079,89.21,Excellent
6325,0,0,0.0968,90.32,Excellent
6326,0,0,0.1696,83.04,Excellent
6327,0,0,0.4753,52.47,Fair
6328,1,1,0.7551,24.49,Poor
6329,1,1,0.7022,29.78,Poor
6330,1,0,0.4683,53.17,Fair
6331,0,0,0.1606,83.94,Excellent
6332,1,1,0.9375,6.25,Critical
6333,1,1,0.6587,34.13,Poor
6334,0,0,0.274,72.6,Good
6335,1,1,0.9615,3.85,Critical
6336,0,0,0.21,79.0,Good
6337,0,0,0.1858,81.42,Excellent
6338,1,1,0.9514,4.86,Critical
6339,1,1,0.9398,6.02,Critical
6340,1,1,0.7795,22.05,Poor
6341,1,1,0.9188,8.12,Critical
6342,1,1,0.9758,2.42,Critical
6343,0,0,0.0561,94.39,Excellent
6344,0,0,0.0967,90.33,Excellent
6345,1,1,0.8675,13.25,Critical
6346,0,0,0.4329,56.71,Fair
6347,0,0,0.1795,82.05,Excellent
6348,1,1,0.8324,16.76,Critical
6349,0,0,0.1207,87.93,Excellent
6350,1,1,0.98,2.0,Critical
6351,0,0,0.1033,89.67,Excellent
6352,0,0,0.1737,82.63,Excellent
6353,0,0,0.0521,94.79,Excellent
6354,1,1,0.7891,21.09,Poor
6355,0,0,0.3315,66.85,Good
6356,0,0,0.0766,92.34,Excellent
6357,0,0,0.0844,91.56,Excellent
6358,0,0,0.0834,91.66,Excellent
6359,1,1,0.8941,10.59,Critical
6360,1,1,0.7795,22.05,Poor
6361,1,1,0.926,7.4,Critical
6362,1,1,0.8399,16.01,Critical
6363,1,1,0.7921,20.79,Poor
6364,0,0,0.1815,81.85,Excellent
6365,0,0,0.2222,77.78,Good
6366,1,1,0.902,9.8,Critical
6367,0,0,0.0865,91.35,Excellent
6368,0,0,0.187,81.3,Excellent
6369,1,1,0.9177,8.23,Critical
6370,0,0,0.1214,87.86,Excellent
6371,0,0,0.2514,74.86,Good
6372,0,0,0.0927,90.73,Excellent
6373,1,1,0.8334,16.66,Critical
6374,0,0,0.1698,83.02,Excellent
6375,0,0,0.1368,86.32,Excellent
6376,1,1,0.6392,36.08,Poor
6377,1,1,0.7557,24.43,Poor
6378,0,0,0.1134,88.66,Excellent
6379,1,0,0.3705,62.95,Good
6380,1,1,0.9752,2.48,Critical
6381,0,0,0.4221,57.79,Fair
6382,0,0,0.1256,87.44,Excellent
6383,1,1,0.7861,21.39,Poor
6384,0,0,0.1415,85.85,Excellent
6385,1,1,0.9678,3.22,Critical
6386,0,0,0.123,87.7,Excellent
6387,1,1,0.8038,19.62,Critical
6388,1,1,0.9867,1.33,Critical
6389,1,1,0.9408,5.92,Critical
6390,1,1,0.9431,5.69,Critical
6391,0,0,0.2408,75.92,Good
6392,0,0,0.2867,71.33,Good
6393,1,1,0.7843,21.57,Poor
6394,0,0,0.1565,84.35,Excellent
6395,1,1,0.6503,34.97,Poor
6396,0,0,0.2052,79.48,Good
6397,1,1,0.9076,9.24,Critical
6398,0,0,0.0758,92.42,Excellent
6399,0,0,0.1185,88.15,Excellent
6400,0,0,0.184,81.6,Excellent
6401,1,0,0.4578,54.22,Fair
6402,1,1,0.8967,10.33,Critical
6403,0,0,0.0891,91.09,Excellent
6404,0,0,0.109,89.1,Excellent
6405,0,0,0.3154,68.46,Good
6406,0,0,0.0774,92.26,Excellent
6407,1,1,0.8454,15.46,Critical
6408,1,1,0.9229,7.71,Critical
6409,0,0,0.1614,83.86,Excellent
6410,1,1,0.5766,42.34,Fair
6411,1,1,0.9186,8.14,Critical
6412,1,1,0.7531,24.69,Poor
6413,0,0,0.0802,91.98,Excellent
6414,1,1,0.7636,23.64,Poor
6415,0,0,0.1053,89.47,Excellent
6416,1,1,0.7674,23.26,Poor
6417,0,0,0.1292,87.08,Excellent
6418,0,0,0.1048,89.52,Excellent
6419,1,1,0.7761,22.39,Poor
6420,0,0,0.2188,78.12,Good
6421,1,1,0.9728,2.72,Critical
6422,0,0,0.2266,77.34,Good
6423,0,0,0.1542,84.58,Excellent
6424,0,0,0.1235,87.65,Excellent
6425,1,1,0.7482,25.18,Poor
6426,0,0,0.1862,81.38,Excellent
6427,0,0,0.2144,78.56,Good
6428,1,1,0.9348,6.52,Critical
6429,0,0,0.1086,89.14,Excellent
6430,0,0,0.1793,82.07,Excellent
6431,0,0,0.1839,81.61,Excellent
6432,0,0,0.106,89.4,Excellent
6433,1,1,0.773,22.7,Poor
6434,0,0,0.117,88.3,Excellent
6435,0,0,0.0942,90.58,Excellent
6436,1,1,0.9576,4.24,Critical
6437,1,1,0.9272,7.28,Critical
6438,0,0,0.1141,88.59,Excellent
6439,0,0,0.0609,93.91,Excellent
6440,0,0,0.2612,73.88,Good
6441,1,1,0.5738,42.62,Fair
6442,0,0,0.1563,84.37,Excellent
6443,0,0,0.1829,81.71,Excellent
6444,0,0,0.0969,90.31,Excellent
6445,1,0,0.3137,68.63,Good
6446,1,1,0.8762,12.38,Critical
6447,1,1,0.7143,28.57,Poor
6448,1,0,0.4456,55.44,Fair
6449,1,1,0.794,20.6,Poor
6450,1,1,0.6111,38.89,Poor
6451,1,1,0.7904,20.96,Poor
6452,1,1,0.8951,10.49,Critical
6453,0,0,0.1958,80.42,Excellent
6454,0,0,0.0963,90.37,Excellent
6455,0,0,0.2985,70.15,Good
6456,0,0,0.3924,60.76,Good
6457,1,1,0.8055,19.45,Critical
6458,0,0,0.2583,74.17,Good
6459,0,0,0.2053,79.47,Good
6460,0,0,0.1577,84.23,Excellent
6461,0,0,0.1709,82.91,Excellent
6462,1,1,0.6554,34.46,Poor
6463,0,0,0.0563,94.37,Excellent
6464,1,1,0.8421,15.79,Critical
6465,0,0,0.1112,88.88,Excellent
6466,1,1,0.8247,17.53,Critical
6467,0,0,0.0626,93.74,Excellent
6468,0,0,0.027,97.3,Excellent
6469,0,0,0.0948,90.52,Excellent
6470,0,0,0.1219,87.81,Excellent
6471,1,1,0.7176,28.24,Poor
6472,0,0,0.09,91.0,Excellent
6473,1,1,0.7504,24.96,Poor
6474,1,1,0.8102,18.98,Critical
6475,0,0,0.1276,87.24,Excellent
6476,0,0,0.0526,94.74,Excellent
6477,1,1,0.8745,12.55,Critical
6478,0,0,0.038,96.2,Excellent
6479,0,0,0.13,87.0,Excellent
6480,0,0,0.2897,71.03,Good
6481,0,0,0.3505,64.95,Good
6482,1,1,0.7997,20.03,Poor
6483,0,0,0.2397,76.03,Good
6484,1,1,0.6983,30.17,Poor
6485,0,0,0.0869,91.31,Excellent
6486,0,0,0.2444,75.56,Good
6487,0,0,0.1359,86.41,Excellent
6488,0,0,0.3529,64.71,Good
6489,0,0,0.3364,66.36,Good
6490,1,1,0.8969,10.31,Critical
6491,1,1,0.8756,12.44,Critical
6492,1,0,0.4776,52.24,Fair
6493,0,0,0.0768,92.32,Excellent
6494,0,0,0.0996,90.04,Excellent
6495,0,0,0.2599,74.01,Good
6496,0,0,0.1347,86.53,Excellent
6497,1,1,0.8982,10.18,Critical
6498,1,1,0.889,11.1,Critical
6499,1,1,0.8053,19.47,Critical
6500,1,1,0.9154,8.46,Critical
6501,0,0,0.2017,79.83,Good
6502,1,1,0.7732,22.68,Poor
6503,0,0,0.2167,78.33,Good
6504,0,0,0.0833,91.67,Excellent
6505,1,1,0.9298,7.02,Critical
6506,0,0,0.114,88.6,Excellent
6507,1,1,0.9561,4.39,Critical
6508,0,0,0.0807,91.93,Excellent
6509,1,1,0.9019,9.81,Critical
6510,0,0,0.0754,92.46,Excellent
6511,0,0,0.0965,90.35,Excellent
6512,0,0,0.2938,70.62,Good
6513,0,0,0.1592,84.08,Excellent
6514,0,0,0.1227,87.73,Excellent
6515,0,0,0.1092,89.08,Excellent
6516,0,0,0.2092,79.08,Good
6517,0,0,0.1276,87.24,Excellent
6518,0,0,0.0613,93.87,Excellent
6519,0,0,0.274,72.6,Good
6520,0,1,0.5436,45.64,Fair
6521,0,0,0.1261,87.39,Excellent
6522,0,1,0.5783,42.17,Fair
6523,0,0,0.2326,76.74,Good
6524,1,1,0.9093,9.07,Critical
6525,0,0,0.2512,74.88,Good
6526,0,0,0.2358,76.42,Good
6527,1,1,0.8998,10.02,Critical
6528,0,0,0.1535,84.65,Excellent
6529,0,0,0.0642,93.58,Excellent
6530,1,1,0.8454,15.46,Critical
6531,0,0,0.2028,79.72,Good
6532,1,1,0.8206,17.94,Critical
6533,1,1,0.9559,4.41,Critical
6534,0,0,0.4977,50.23,Fair
6535,1,1,0.8974,10.26,Critical
6536,1,1,0.7243,27.57,Poor
6537,0,0,0.2947,70.53,Good
6538,1,1,0.8555,14.45,Critical
6539,1,1,0.8897,11.03,Critical
6540,0,0,0.2017,79.83,Good
6541,0,0,0.1055,89.45,Excellent
6542,0,0,0.1288,87.12,Excellent
6543,1,1,0.6717,32.83,Poor
6544,0,0,0.2354,76.46,Good
6545,0,0,0.0882,91.18,Excellent
6546,0,0,0.1397,86.03,Excellent
6547,0,0,0.3992,60.08,Good
6548,1,1,0.84,16.0,Critical
6549,0,0,0.1278,87.22,Excellent
6550,1,1,0.9257,7.43,Critical
6551,0,0,0.0909,90.91,Excellent
6552,1,1,0.7333,26.67,Poor
6553,0,0,0.3059,69.41,Good
6554,1,1,0.8916,10.84,Critical
6555,1,1,0.9055,9.45,Critical
6556,1,1,0.9293,7.07,Critical
6557,0,0,0.1051,89.49,Excellent
6558,1,1,0.8459,15.41,Critical
6559,1,1,0.8936,10.64,Critical
6560,1,1,0.9173,8.27,Critical
6561,0,0,0.0848,91.52,Excellent
6562,1,1,0.6666,33.34,Poor
6563,0,0,0.1218,87.82,Excellent
6564,0,0,0.1332,86.68,Excellent
6565,0,0,0.0961,90.39,Excellent
6566,1,1,0.8361,16.39,Critical
6567,0,0,0.1103,88.97,Excellent
6568,1,1,0.8021,19.79,Critical
6569,0,0,0.0961,90.39,Excellent
6570,1,1,0.724,27.6,Poor
6571,0,0,0.071,92.9,Excellent
6572,0,0,0.0953,90.47,Excellent
6573,1,1,0.8137,18.63,Critical
6574,0,0,0.1217,87.83,Excellent
6575,0,0,0.1486,85.14,Excellent
6576,0,0,0.3237,67.63,Good
6577,0,0,0.2303,76.97,Good
6578,0,0,0.1175,88.25,Excellent
6579,1,1,0.9011,9.89,Critical
6580,1,1,0.8857,11.43,Critical
6581,0,0,0.4253,57.47,Fair
6582,1,1,0.8047,19.53,Critical
6583,1,1,0.7255,27.45,Poor
6584,1,1,0.9677,3.23,Critical
6585,1,1,0.9217,7.83,Critical
6586,1,1,0.9723,2.77,Critical
6587,1,1,0.954,4.6,Critical
6588,0,0,0.099,90.1,Excellent
6589,0,0,0.1432,85.68,Excellent
6590,0,0,0.1084,89.16,Excellent
6591,0,0,0.1632,83.68,Excellent
6592,1,1,0.8536,14.64,Critical
6593,1,1,0.9795,2.05,Critical
6594,1,1,0.9773,2.27,Critical
6595,0,0,0.2002,79.98,Good
6596,0,0,0.1021,89.79,Excellent
6597,0,0,0.0965,90.35,Excellent
6598,1,1,0.9702,2.98,Critical
6599,0,0,0.0569,94.31,Excellent
6600,0,0,0.192,80.8,Excellent
6601,0,0,0.0687,93.13,Excellent
6602,1,0,0.4079,59.21,Fair
6603,1,1,0.6575,34.25,Poor
6604,0,0,0.0593,94.07,Excellent
6605,0,0,0.0633,93.67,Excellent
6606,0,0,0.0391,96.09,Excellent
6607,1,1,0.7441,25.59,Poor
6608,1,1,0.8109,18.91,Critical
6609,1,1,0.7721,22.79,Poor
6610,1,1,0.9211,7.89,Critical
6611,0,0,0.0824,91.76,Excellent
6612,0,0,0.1339,86.61,Excellent
6613,1,1,0.8622,13.78,Critical
6614,0,0,0.1225,87.75,Excellent
6615,0,0,0.1072,89.28,Excellent
6616,0,0,0.1048,89.52,Excellent
6617,0,0,0.1619,83.81,Excellent
6618,0,0,0.1106,88.94,Excellent
6619,0,0,0.3446,65.54,Good
6620,0,0,0.331,66.9,Good
6621,1,1,0.7869,21.31,Poor
6622,0,0,0.3925,60.75,Good
6623,0,0,0.397,60.3,Good
6624,1,1,0.843,15.7,Critical
6625,0,0,0.2639,73.61,Good
6626,1,1,0.925,7.5,Critical
6627,1,1,0.9629,3.71,Critical
6628,0,0,0.2477,75.23,Good
6629,0,0,0.0843,91.57,Excellent
6630,1,1,0.7583,24.17,Poor
6631,0,0,0.1955,80.45,Excellent
6632,1,1,0.8946,10.54,Critical
6633,0,0,0.1312,86.88,Excellent
6634,1,1,0.9388,6.12,Critical
6635,1,1,0.9118,8.82,Critical
6636,0,0,0.3774,62.26,Good
6637,1,1,0.9171,8.29,Critical
6638,0,0,0.0935,90.65,Excellent
6639,1,1,0.859,14.1,Critical
6640,0,0,0.1147,88.53,Excellent
6641,1,1,0.802,19.8,Critical
6642,1,1,0.8044,19.56,Critical
6643,1,1,0.8973,10.27,Critical
6644,1,1,0.9077,9.23,Critical
6645,0,0,0.0755,92.45,Excellent
6646,0,0,0.283,71.7,Good
6647,0,0,0.1378,86.22,Excellent
6648,0,0,0.0965,90.35,Excellent
6649,1,1,0.6105,38.95,Poor
6650,0,0,0.1269,87.31,Excellent
6651,0,0,0.0632,93.68,Excellent
6652,0,0,0.1861,81.39,Excellent
6653,1,1,0.902,9.8,Critical
6654,0,1,0.5354,46.46,Fair
6655,0,0,0.1477,85.23,Excellent
6656,1,1,0.8921,10.79,Critical
6657,0,0,0.1761,82.39,Excellent
6658,0,0,0.0894,91.06,Excellent
6659,1,1,0.8024,19.76,Critical
6660,0,0,0.1696,83.04,Excellent
6661,1,1,0.7727,22.73,Poor
6662,1,1,0.8536,14.64,Critical
6663,0,0,0.2044,79.56,Good
6664,1,1,0.9264,7.36,Critical
6665,1,1,0.7935,20.65,Poor
6666,0,0,0.1739,82.61,Excellent
6667,1,1,0.9057,9.43,Critical
6668,0,0,0.1722,82.78,Excellent
6669,1,1,0.763,23.7,Poor
6670,0,0,0.0785,92.15,Excellent
6671,1,1,0.8722,12.78,Critical
6672,0,0,0.3062,69.38,Good
6673,1,1,0.7897,21.03,Poor
6674,0,0,0.4214,57.86,Fair
6675,1,1,0.6827,31.73,Poor
6676,1,1,0.9083,9.17,Critical
6677,0,0,0.218,78.2,Good
6678,0,0,0.0583,94.17,Excellent
6679,1,1,0.8024,19.76,Critical
6680,0,0,0.0783,92.17,Excellent
6681,0,0,0.1129,88.71,Excellent
6682,1,1,0.8205,17.95,Critical
6683,1,1,0.9677,3.23,Critical
6684,1,1,0.9381,6.19,Critical
6685,0,0,0.251,74.9,Good
6686,1,1,0.9394,6.06,Critical
6687,0,0,0.3494,65.06,Good
6688,1,1,0.8678,13.22,Critical
6689,1,1,0.597,40.3,Fair
6690,0,0,0.1098,89.02,Excellent
6691,1,1,0.991,0.9,Critical
6692,0,0,0.0585,94.15,Excellent
6693,0,0,0.0993,90.07,Excellent
6694,1,1,0.924,7.6,Critical
6695,0,0,0.1305,86.95,Excellent
6696,1,1,0.9271,7.29,Critical
6697,1,1,0.9898,1.02,Critical
6698,0,0,0.1778,82.22,Excellent
6699,1,1,0.9756,2.44,Critical
6700,0,0,0.1219,87.81,Excellent
6701,0,0,0.0704,92.96,Excellent
6702,1,1,0.8562,14.38,Critical
6703,1,1,0.6124,38.76,Poor
6704,0,0,0.2123,78.77,Good
6705,0,0,0.0484,95.16,Excellent
6706,0,0,0.0854,91.46,Excellent
6707,0,0,0.1773,82.27,Excellent
6708,1,1,0.929,7.1,Critical
6709,0,0,0.2198,78.02,Good
6710,0,0,0.1198,88.02,Excellent
6711,1,1,0.7255,27.45,Poor
6712,0,0,0.1662,83.38,Excellent
6713,0,0,0.2946,70.54,Good
6714,0,0,0.0924,90.76,Excellent
6715,1,1,0.7906,20.94,Poor
6716,1,1,0.8394,16.06,Critical
6717,0,0,0.1528,84.72,Excellent
6718,0,0,0.0367,96.33,Excellent
6719,0,0,0.0341,96.59,Excellent
6720,1,1,0.7342,26.58,Poor
6721,0,0,0.0761,92.39,Excellent
6722,1,1,0.6269,37.31,Poor
6723,0,0,0.1782,82.18,Excellent
6724,1,1,0.8169,18.31,Critical
6725,0,0,0.0613,93.87,Excellent
6726,1,1,0.9278,7.22,Critical
6727,1,1,0.9574,4.26,Critical
6728,0,0,0.0704,92.96,Excellent
6729,1,1,0.9298,7.02,Critical
6730,0,0,0.1008,89.92,Excellent
6731,1,1,0.9305,6.95,Critical
6732,1,1,0.9501,4.99,Critical
6733,0,0,0.1127,88.73,Excellent
6734,1,1,0.887,11.3,Critical
6735,1,1,0.8655,13.45,Critical
6736,0,0,0.122,87.8,Excellent
6737,1,1,0.9059,9.41,Critical
6738,0,0,0.3832,61.68,Good
6739,0,0,0.1378,86.22,Excellent
6740,1,1,0.9254,7.46,Critical
6741,1,1,0.7932,20.68,Poor
6742,1,1,0.9785,2.15,Critical
6743,1,1,0.8138,18.62,Critical
6744,0,0,0.1605,83.95,Excellent
6745,1,1,0.7788,22.12,Poor
6746,1,1,0.782,21.8,Poor
6747,0,0,0.0552,94.48,Excellent
6748,1,1,0.9077,9.23,Critical
6749,1,1,0.8787,12.13,Critical
6750,0,0,0.2923,70.77,Good
6751,0,0,0.118,88.2,Excellent
6752,1,1,0.962,3.8,Critical
6753,1,1,0.8957,10.43,Critical
6754,1,1,0.9257,7.43,Critical
6755,0,0,0.1055,89.45,Excellent
6756,1,1,0.8844,11.56,Critical
6757,1,1,0.8249,17.51,Critical
6758,0,0,0.2583,74.17,Good
6759,1,1,0.8677,13.23,Critical
6760,0,0,0.2379,76.21,Good
6761,1,1,0.932,6.8,Critical
6762,0,0,0.3749,62.51,Good
6763,1,1,0.8986,10.14,Critical
6764,1,1,0.9143,8.57,Critical
6765,0,0,0.1293,87.07,Excellent
6766,0,0,0.0549,94.51,Excellent
6767,1,1,0.9466,5.34,Critical
6768,0,0,0.1368,86.32,Excellent
6769,1,1,0.9058,9.42,Critical
6770,0,0,0.1247,87.53,Excellent
6771,0,0,0.0965,90.35,Excellent
6772,0,0,0.2221,77.79,Good
6773,0,0,0.2552,74.48,Good
6774,0,0,0.1425,85.75,Excellent
6775,1,1,0.7866,21.34,Poor
6776,1,1,0.8803,11.97,Critical
6777,0,0,0.0626,93.74,Excellent
6778,0,0,0.0985,90.15,Excellent
6779,0,0,0.098,90.2,Excellent
6780,0,0,0.0452,95.48,Excellent
6781,1,1,0.9644,3.56,Critical
6782,1,1,0.6736,32.64,Poor
6783,0,0,0.3303,66.97,Good
6784,0,0,0.0691,93.09,Excellent
6785,1,1,0.5178,48.22,Fair
6786,0,0,0.1006,89.94,Excellent
6787,0,0,0.1208,87.92,Excellent
6788,0,0,0.0803,91.97,Excellent
6789,1,1,0.8042,19.58,Critical
6790,1,1,0.7775,22.25,Poor
6791,1,1,0.9555,4.45,Critical
6792,0,0,0.0992,90.08,Excellent
6793,1,1,0.8706,12.94,Critical
6794,1,1,0.5993,40.07,Fair
6795,0,0,0.1025,89.75,Excellent
6796,1,1,0.7465,25.35,Poor
6797,1,1,0.7579,24.21,Poor
6798,1,1,0.8679,13.21,Critical
6799,1,1,0.9444,5.56,Critical
6800,1,1,0.7977,20.23,Poor
6801,0,0,0.0952,90.48,Excellent
6802,1,1,0.8248,17.52,Critical
6803,0,0,0.0602,93.98,Excellent
6804,1,0,0.4341,56.59,Fair
6805,0,0,0.2346,76.54,Good
6806,1,1,0.9286,7.14,Critical
6807,1,1,0.83,17.0,Critical
6808,1,1,0.7528,24.72,Poor
6809,1,1,0.9574,4.26,Critical
6810,1,1,0.6815,31.85,Poor
6811,1,1,0.8827,11.73,Critical
6812,1,1,0.6339,36.61,Poor
6813,0,0,0.1277,87.23,Excellent
6814,1,1,0.6491,35.09,Poor
6815,0,0,0.1001,89.99,Excellent
6816,0,0,0.1321,86.79,Excellent
6817,0,0,0.1203,87.97,Excellent
6818,1,0,0.4623,53.77,Fair
6819,1,1,0.8146,18.54,Critical
6820,0,0,0.1061,89.39,Excellent
6821,1,1,0.9655,3.45,Critical
6822,1,1,0.5915,40.85,Fair
6823,1,1,0.8622,13.78,Critical
6824,1,1,0.8622,13.78,Critical
6825,0,0,0.093,90.7,Excellent
6826,1,1,0.8649,13.51,Critical
6827,0,0,0.2133,78.67,Good
6828,0,0,0.1229,87.71,Excellent
6829,0,0,0.1036,89.64,Excellent
6830,0,0,0.0776,92.24,Excellent
6831,1,1,0.605,39.5,Poor
6832,1,1,0.7736,22.64,Poor
6833,0,0,0.1945,80.55,Excellent
6834,1,1,0.8699,13.01,Critical
6835,1,1,0.8554,14.46,Critical
6836,1,1,0.8359,16.41,Critical
6837,1,1,0.9643,3.57,Critical
6838,1,1,0.913,8.7,Critical
6839,0,0,0.3627,63.73,Good
6840,0,0,0.0995,90.05,Excellent
6841,1,1,0.8819,11.81,Critical
6842,0,0,0.2183,78.17,Good
6843,1,1,0.7113,28.87,Poor
6844,1,1,0.7549,24.51,Poor
6845,0,0,0.1447,85.53,Excellent
6846,1,1,0.8519,14.81,Critical
6847,1,1,0.8418,15.82,Critical
6848,1,1,0.8529,14.71,Critical
6849,1,0,0.4553,54.47,Fair
6850,1,1,0.598,40.2,Fair
6851,1,1,0.5105,48.95,Fair
6852,1,1,0.8125,18.75,Critical
6853,1,1,0.7783,22.17,Poor
6854,0,0,0.4007,59.93,Fair
6855,0,0,0.0941,90.59,Excellent
6856,1,1,0.5809,41.91,Fair
6857,0,0,0.24,76.0,Good
6858,0,0,0.2949,70.51,Good
6859,1,1,0.6878,31.22,Poor
6860,0,0,0.1483,85.17,Excellent
6861,0,0,0.16,84.0,Excellent
6862,1,1,0.9342,6.58,Critical
6863,0,0,0.1878,81.22,Excellent
6864,1,1,0.9278,7.22,Critical
6865,1,1,0.7439,25.61,Poor
6866,1,1,0.9496,5.04,Critical
6867,1,1,0.9099,9.01,Critical
6868,1,1,0.9717,2.83,Critical
6869,1,1,0.9364,6.36,Critical
6870,1,1,0.7226,27.74,Poor
6871,0,0,0.201,79.9,Good
6872,0,0,0.1862,81.38,Excellent
6873,1,1,0.9351,6.49,Critical
6874,1,1,0.9135,8.65,Critical
6875,0,0,0.0291,97.09,Excellent
6876,0,0,0.0817,91.83,Excellent
6877,0,0,0.1524,84.76,Excellent
6878,1,1,0.9418,5.82,Critical
6879,1,1,0.8913,10.87,Critical
6880,0,0,0.1429,85.71,Excellent
6881,1,1,0.8818,11.82,Critical
6882,1,1,0.9279,7.21,Critical
6883,1,1,0.892,10.8,Critical
6884,1,1,0.9654,3.46,Critical
6885,0,0,0.075,92.5,Excellent
6886,0,0,0.1247,87.53,Excellent
6887,0,0,0.135,86.5,Excellent
6888,0,0,0.103,89.7,Excellent
6889,0,0,0.171,82.9,Excellent
6890,0,0,0.1627,83.73,Excellent
6891,0,0,0.0468,95.32,Excellent
6892,1,1,0.8538,14.62,Critical
6893,0,0,0.2479,75.21,Good
6894,1,1,0.8916,10.84,Critical
6895,0,0,0.1402,85.98,Excellent
6896,1,1,0.9374,6.26,Critical
6897,1,1,0.8898,11.02,Critical
6898,0,0,0.1506,84.94,Excellent
6899,0,0,0.0968,90.32,Excellent
6900,0,0,0.1111,88.89,Excellent
6901,1,1,0.944,5.6,Critical
6902,1,1,0.937,6.3,Critical
6903,1,1,0.9336,6.64,Critical
6904,0,0,0.1669,83.31,Excellent
6905,0,0,0.0927,90.73,Excellent
6906,1,1,0.9522,4.78,Critical
6907,0,0,0.1385,86.15,Excellent
6908,0,0,0.061,93.9,Excellent
6909,1,1,0.9386,6.14,Critical
6910,1,1,0.7491,25.09,Poor
6911,0,0,0.4456,55.44,Fair
6912,0,0,0.0491,95.09,Excellent
6913,1,1,0.6863,31.37,Poor
6914,0,0,0.1715,82.85,Excellent
6915,0,0,0.0987,90.13,Excellent
6916,1,1,0.9294,7.06,Critical
6917,1,1,0.98,2.0,Critical
6918,0,0,0.1515,84.85,Excellent
6919,0,0,0.0824,91.76,Excellent
6920,1,1,0.5947,40.53,Fair
6921,1,1,0.9768,2.32,Critical
6922,0,0,0.1848,81.52,Excellent
6923,1,1,0.9724,2.76,Critical
6924,1,1,0.982,1.8,Critical
6925,1,1,0.8852,11.48,Critical
6926,0,0,0.2981,70.19,Good
6927,0,0,0.1371,86.29,Excellent
6928,1,1,0.8977,10.23,Critical
6929,1,1,0.8915,10.85,Critical
6930,0,0,0.1916,80.84,Excellent
6931,0,0,0.1892,81.08,Excellent
6932,0,0,0.1529,84.71,Excellent
6933,1,1,0.9573,4.27,Critical
6934,1,1,0.9399,6.01,Critical
6935,1,1,0.777,22.3,Poor
6936,1,1,0.9141,8.59,Critical
6937,1,1,0.7968,20.32,Poor
6938,1,1,0.9349,6.51,Critical
6939,0,0,0.0772,92.28,Excellent
6940,1,1,0.8936,10.64,Critical
6941,1,1,0.93,7.0,Critical
6942,1,1,0.6351,36.49,Poor
6943,1,1,0.7259,27.41,Poor
6944,1,1,0.9684,3.16,Critical
6945,0,0,0.1505,84.95,Excellent
6946,0,0,0.141,85.9,Excellent
6947,1,1,0.8351,16.49,Critical
6948,0,0,0.0659,93.41,Excellent
6949,0,0,0.1788,82.12,Excellent
6950,0,0,0.1566,84.34,Excellent
6951,0,0,0.1405,85.95,Excellent
6952,0,0,0.1811,81.89,Excellent
6953,1,1,0.5849,41.51,Fair
6954,1,1,0.9595,4.05,Critical
6955,1,1,0.9253,7.47,Critical
6956,1,1,0.9707,2.93,Critical
6957,1,1,0.6242,37.58,Poor
6958,1,1,0.7068,29.32,Poor
6959,0,0,0.437,56.3,Fair
6960,0,0,0.0494,95.06,Excellent
6961,0,0,0.1987,80.13,Excellent
6962,1,1,0.7663,23.37,Poor
6963,1,1,0.7466,25.34,Poor
6964,1,1,0.7371,26.29,Poor
6965,1,1,0.8458,15.42,Critical
6966,1,1,0.8831,11.69,Critical
6967,0,0,0.2163,78.37,Good
6968,1,1,0.7623,23.77,Poor
6969,1,1,0.8679,13.21,Critical
6970,0,0,0.1409,85.91,Excellent
6971,1,1,0.7338,26.62,Poor
6972,0,0,0.281,71.9,Good
6973,0,0,0.3177,68.23,Good
6974,1,1,0.6959,30.41,Poor
6975,0,0,0.0766,92.34,Excellent
6976,1,1,0.9576,4.24,Critical
6977,0,0,0.115,88.5,Excellent
6978,1,1,0.9336,6.64,Critical
6979,0,0,0.1401,85.99,Excellent
6980,1,1,0.7032,29.68,Poor
6981,0,0,0.065,93.5,Excellent
6982,1,1,0.9847,1.53,Critical
6983,1,1,0.8822,11.78,Critical
6984,0,0,0.1376,86.24,Excellent
6985,1,1,0.8913,10.87,Critical
6986,0,0,0.0574,94.26,Excellent
6987,0,0,0.1018,89.82,Excellent
6988,1,1,0.8588,14.12,Critical
6989,0,0,0.0858,91.42,Excellent
6990,1,1,0.9421,5.79,Critical
6991,0,0,0.1146,88.54,Excellent
6992,0,0,0.1735,82.65,Excellent
6993,1,1,0.8169,18.31,Critical
6994,1,1,0.8535,14.65,Critical
6995,0,0,0.1187,88.13,Excellent
6996,0,0,0.1591,84.09,Excellent
6997,1,1,0.9497,5.03,Critical
6998,0,0,0.0786,92.14,Excellent
6999,1,1,0.9184,8.16,Critical
7000,0,0,0.1691,83.09,Excellent
7001,0,0,0.1514,84.86,Excellent
7002,1,1,0.9067,9.33,Critical
7003,0,0,0.2902,70.98,Good
7004,0,0,0.2266,77.34,Good
7005,1,1,0.8286,17.14,Critical
7006,1,1,0.8501,14.99,Critical
7007,1,1,0.7461,25.39,Poor
7008,1,1,0.9387,6.13,Critical
7009,1,1,0.82,18.0,Critical
7010,0,0,0.1175,88.25,Excellent
7011,1,1,0.7654,23.46,Poor
7012,1,1,0.9303,6.97,Critical
7013,1,1,0.9397,6.03,Critical
7014,1,1,0.9129,8.71,Critical
7015,0,0,0.0829,91.71,Excellent
7016,0,0,0.0832,91.68,Excellent
7017,1,1,0.5072,49.28,Fair
7018,1,1,0.9428,5.72,Critical
7019,1,1,0.9626,3.74,Critical
7020,0,0,0.4983,50.17,Fair
7021,0,0,0.1647,83.53,Excellent
7022,0,0,0.272,72.8,Good
7023,1,1,0.9958,0.42,Critical
7024,0,0,0.2356,76.44,Good
7025,1,1,0.9205,7.95,Critical
7026,1,1,0.9403,5.97,Critical
7027,0,0,0.0588,94.12,Excellent
7028,1,1,0.816,18.4,Critical
7029,1,1,0.8955,10.45,Critical
7030,1,1,0.8468,15.32,Critical
7031,0,0,0.1459,85.41,Excellent
7032,0,0,0.117,88.3,Excellent
7033,1,1,0.5995,40.05,Fair
7034,0,0,0.1118,88.82,Excellent
7035,0,0,0.2769,72.31,Good
7036,1,1,0.866,13.4,Critical
7037,0,0,0.2175,78.25,Good
7038,1,1,0.5268,47.32,Fair
7039,1,1,0.7709,22.91,Poor
7040,0,0,0.492,50.8,Fair
7041,0,0,0.1282,87.18,Excellent
7042,0,0,0.1233,87.67,Excellent
7043,1,1,0.9536,4.64,Critical
7044,0,0,0.1009,89.91,Excellent
7045,0,0,0.1399,86.01,Excellent
7046,1,1,0.9135,8.65,Critical
7047,0,0,0.1282,87.18,Excellent
7048,0,0,0.2938,70.62,Good
7049,1,1,0.6696,33.04,Poor
7050,0,0,0.0509,94.91,Excellent
7051,1,1,0.8812,11.88,Critical
7052,1,1,0.9174,8.26,Critical
7053,1,1,0.7148,28.52,Poor
7054,0,0,0.0995,90.05,Excellent
7055,1,1,0.7614,23.86,Poor
7056,1,1,0.7643,23.57,Poor
7057,0,0,0.1336,86.64,Excellent
7058,0,0,0.1621,83.79,Excellent
7059,0,0,0.0941,90.59,Excellent
7060,0,0,0.2639,73.61,Good
7061,0,0,0.1165,88.35,Excellent
7062,1,1,0.8731,12.69,Critical
7063,0,0,0.1322,86.78,Excellent
7064,1,1,0.6403,35.97,Poor
7065,0,0,0.1395,86.05,Excellent
7066,1,1,0.8287,17.13,Critical
7067,0,0,0.2352,76.48,Good
7068,0,0,0.1614,83.86,Excellent
7069,1,1,0.9538,4.62,Critical
7070,0,0,0.2663,73.37,Good
7071,0,0,0.1713,82.87,Excellent
7072,1,1,0.8046,19.54,Critical
7073,1,1,0.8818,11.82,Critical
7074,0,0,0.1109,88.91,Excellent
7075,1,1,0.6893,31.07,Poor
7076,0,0,0.0361,96.39,Excellent
7077,1,1,0.833,16.7,Critical
7078,1,1,0.5847,41.53,Fair
7079,1,1,0.8364,16.36,Critical
7080,0,0,0.078,92.2,Excellent
7081,1,1,0.6646,33.54,Poor
7082,0,0,0.1348,86.52,Excellent
7083,0,0,0.0542,94.58,Excellent
7084,0,0,0.0646,93.54,Excellent
7085,0,0,0.0842,91.58,Excellent
7086,0,1,0.6997,30.03,Poor
7087,1,1,0.7687,23.13,Poor
7088,1,1,0.8039,19.61,Critical
7089,0,0,0.3198,68.02,Good
7090,1,1,0.8853,11.47,Critical
7091,0,0,0.0528,94.72,Excellent
7092,0,0,0.0959,90.41,Excellent
7093,1,1,0.8715,12.85,Critical
7094,1,1,0.8649,13.51,Critical
7095,1,1,0.9833,1.67,Critical
7096,1,1,0.7497,25.03,Poor
7097,1,0,0.3807,61.93,Good
7098,0,0,0.1391,86.09,Excellent
7099,1,1,0.5882,41.18,Fair
7100,1,1,0.7859,21.41,Poor
7101,0,0,0.0594,94.06,Excellent
7102,1,1,0.9049,9.51,Critical
7103,0,0,0.0795,92.05,Excellent
7104,1,1,0.947,5.3,Critical
7105,0,0,0.0667,93.33,Excellent
7106,1,1,0.8247,17.53,Critical
7107,0,0,0.0761,92.39,Excellent
7108,0,0,0.0707,92.93,Excellent
7109,0,0,0.1444,85.56,Excellent
7110,1,1,0.9067,9.33,Critical
7111,0,0,0.15,85.0,Excellent
7112,0,0,0.0973,90.27,Excellent
7113,1,1,0.8298,17.02,Critical
7114,0,0,0.1054,89.46,Excellent
7115,1,1,0.814,18.6,Critical
7116,1,1,0.8746,12.54,Critical
7117,1,1,0.9215,7.85,Critical
7118,0,0,0.1618,83.82,Excellent
7119,0,0,0.122,87.8,Excellent
7120,0,0,0.2702,72.98,Good
7121,1,1,0.8255,17.45,Critical
7122,1,1,0.8594,14.06,Critical
7123,1,1,0.763,23.7,Poor
7124,1,1,0.9477,5.23,Critical
7125,1,1,0.6611,33.89,Poor
7126,1,1,0.8904,10.96,Critical
7127,0,0,0.3473,65.27,Good
7128,1,1,0.8813,11.87,Critical
7129,0,0,0.067,93.3,Excellent
7130,1,1,0.915,8.5,Critical
7131,1,0,0.4652,53.48,Fair
7132,0,0,0.1063,89.37,Excellent
7133,1,1,0.7262,27.38,Poor
7134,0,0,0.2512,74.88,Good
7135,0,0,0.2698,73.02,Good
7136,0,0,0.2015,79.85,Good
7137,1,1,0.8742,12.58,Critical
7138,1,1,0.8585,14.15,Critical
7139,0,0,0.1184,88.16,Excellent
7140,0,0,0.1133,88.67,Excellent
7141,0,0,0.1272,87.28,Excellent
7142,1,1,0.7786,22.14,Poor
7143,0,0,0.0685,93.15,Excellent
7144,1,1,0.8283,17.17,Critical
7145,0,0,0.0687,93.13,Excellent
7146,1,1,0.6637,33.63,Poor
7147,0,0,0.3736,62.64,Good
7148,0,0,0.4353,56.47,Fair
7149,0,0,0.166,83.4,Excellent
7150,1,1,0.9561,4.39,Critical
7151,0,0,0.1289,87.11,Excellent
7152,1,1,0.6134,38.66,Poor
7153,1,1,0.7067,29.33,Poor
7154,0,0,0.2539,74.61,Good
7155,1,1,0.9514,4.86,Critical
7156,1,1,0.7915,20.85,Poor
7157,1,1,0.7473,25.27,Poor
7158,1,1,0.8622,13.78,Critical
7159,0,0,0.128,87.2,Excellent
7160,1,0,0.4772,52.28,Fair
7161,0,0,0.1954,80.46,Excellent
7162,1,1,0.8291,17.09,Critical
7163,0,1,0.55,45.0,Fair
7164,1,1,0.8565,14.35,Critical
7165,1,1,0.847,15.3,Critical
7166,0,0,0.2528,74.72,Good
7167,0,0,0.0409,95.91,Excellent
7168,0,0,0.1103,88.97,Excellent
7169,1,1,0.8718,12.82,Critical
7170,0,0,0.1747,82.53,Excellent
7171,0,0,0.196,80.4,Excellent
7172,0,0,0.1387,86.13,Excellent
7173,1,1,0.8295,17.05,Critical
7174,1,1,0.7859,21.41,Poor
7175,0,0,0.0988,90.12,Excellent
7176,0,0,0.0846,91.54,Excellent
7177,1,1,0.9251,7.49,Critical
7178,0,0,0.2659,73.41,Good
7179,1,1,0.8264,17.36,Critical
7180,0,0,0.0716,92.84,Excellent
7181,1,1,0.8285,17.15,Critical
7182,1,1,0.8085,19.15,Critical
7183,1,1,0.954,4.6,Critical
7184,0,0,0.1397,86.03,Excellent
7185,1,1,0.8703,12.97,Critical
7186,1,1,0.8578,14.22,Critical
7187,0,0,0.0947,90.53,Excellent
7188,0,0,0.2704,72.96,Good
7189,1,1,0.9654,3.46,Critical
7190,1,1,0.9116,8.84,Critical
7191,1,1,0.8894,11.06,Critical
7192,1,1,0.8969,10.31,Critical
7193,1,1,0.671,32.9,Poor
7194,0,0,0.1135,88.65,Excellent
7195,0,0,0.1154,88.46,Excellent
7196,0,0,0.123,87.7,Excellent
7197,0,0,0.1042,89.58,Excellent
7198,0,0,0.1068,89.32,Excellent
7199,0,0,0.3056,69.44,Good
7200,0,0,0.1404,85.96,Excellent
7201,0,0,0.3378,66.22,Good
7202,0,0,0.0803,91.97,Excellent
7203,1,1,0.7797,22.03,Poor
7204,0,0,0.0899,91.01,Excellent
7205,1,1,0.9234,7.66,Critical
7206,0,0,0.3803,61.97,Good
7207,0,0,0.1596,84.04,Excellent
7208,0,0,0.0901,90.99,Excellent
7209,1,1,0.8129,18.71,Critical
7210,0,0,0.1584,84.16,Excellent
7211,1,1,0.947,5.3,Critical
7212,0,0,0.1671,83.29,Excellent
7213,0,0,0.428,57.2,Fair
7214,1,1,0.589,41.1,Fair
7215,0,1,0.5248,47.52,Fair
7216,1,1,0.938,6.2,Critical
7217,1,1,0.914,8.6,Critical
7218,0,0,0.1445,85.55,Excellent
7219,1,1,0.9429,5.71,Critical
7220,0,0,0.1198,88.02,Excellent
7221,0,0,0.1134,88.66,Excellent
7222,0,0,0.166,83.4,Excellent
7223,1,1,0.8479,15.21,Critical
7224,0,0,0.4688,53.12,Fair
7225,0,0,0.1018,89.82,Excellent
7226,1,1,0.947,5.3,Critical
7227,1,1,0.7935,20.65,Poor
7228,1,1,0.8046,19.54,Critical
7229,0,0,0.0882,91.18,Excellent
7230,0,0,0.3547,64.53,Good
7231,1,1,0.8579,14.21,Critical
7232,1,1,0.9405,5.95,Critical
7233,0,0,0.1926,80.74,Excellent
7234,0,0,0.0725,92.75,Excellent
7235,0,0,0.097,90.3,Excellent
7236,0,0,0.0847,91.53,Excellent
7237,1,1,0.8773,12.27,Critical
7238,0,0,0.1929,80.71,Excellent
7239,0,0,0.1028,89.72,Excellent
7240,0,0,0.1064,89.36,Excellent
7241,0,0,0.1438,85.62,Excellent
7242,1,1,0.8699,13.01,Critical
7243,1,1,0.69,31.0,Poor
7244,1,1,0.7259,27.41,Poor
7245,0,0,0.1799,82.01,Excellent
7246,0,0,0.2454,75.46,Good
7247,0,0,0.1139,88.61,Excellent
7248,0,0,0.1118,88.82,Excellent
7249,1,1,0.9775,2.25,Critical
7250,1,1,0.9548,4.52,Critical
7251,0,0,0.0495,95.05,Excellent
7252,1,1,0.8396,16.04,Critical
7253,0,0,0.2505,74.95,Good
7254,0,0,0.0819,91.81,Excellent
7255,1,1,0.8428,15.72,Critical
7256,1,1,0.8891,11.09,Critical
7257,0,0,0.1671,83.29,Excellent
7258,1,1,0.8545,14.55,Critical
7259,0,0,0.0602,93.98,Excellent
7260,0,0,0.2783,72.17,Good
7261,1,1,0.908,9.2,Critical
7262,0,0,0.1111,88.89,Excellent
7263,1,1,0.8907,10.93,Critical
7264,1,1,0.6957,30.43,Poor
7265,1,1,0.9427,5.73,Critical
7266,1,1,0.9263,7.37,Critical
7267,0,0,0.1012,89.88,Excellent
7268,1,1,0.7909,20.91,Poor
7269,1,1,0.7045,29.55,Poor
7270,0,0,0.1193,88.07,Excellent
7271,0,0,0.1949,80.51,Excellent
7272,1,1,0.5779,42.21,Fair
7273,0,0,0.0867,91.33,Excellent
7274,0,0,0.1015,89.85,Excellent
7275,1,1,0.6381,36.19,Poor
7276,1,1,0.731,26.9,Poor
7277,0,0,0.1919,80.81,Excellent
7278,0,0,0.1082,89.18,Excellent
7279,0,0,0.1953,80.47,Excellent
7280,1,1,0.7255,27.45,Poor
7281,1,1,0.8036,19.64,Critical
7282,0,0,0.0577,94.23,Excellent
7283,1,1,0.765,23.5,Poor
7284,0,0,0.0617,93.83,Excellent
7285,1,1,0.9648,3.52,Critical
7286,1,1,0.9596,4.04,Critical
7287,0,0,0.2206,77.94,Good
7288,1,1,0.9244,7.56,Critical
7289,0,0,0.101,89.9,Excellent
7290,0,0,0.1396,86.04,Excellent
7291,1,1,0.905,9.5,Critical
7292,0,0,0.2584,74.16,Good
7293,0,0,0.1211,87.89,Excellent
7294,1,1,0.8127,18.73,Critical
7295,0,0,0.1163,88.37,Excellent
7296,1,1,0.8914,10.86,Critical
7297,1,1,0.9389,6.11,Critical
7298,0,0,0.0471,95.29,Excellent
7299,1,1,0.9257,7.43,Critical
7300,1,1,0.9119,8.81,Critical
7301,1,1,0.8964,10.36,Critical
7302,0,0,0.0817,91.83,Excellent
7303,1,1,0.7601,23.99,Poor
7304,0,0,0.1292,87.08,Excellent
7305,1,1,0.7027,29.73,Poor
7306,0,0,0.1751,82.49,Excellent
7307,0,0,0.0623,93.77,Excellent
7308,0,0,0.0909,90.91,Excellent
7309,1,1,0.8355,16.45,Critical
7310,1,1,0.9601,3.99,Critical
7311,0,0,0.085,91.5,Excellent
7312,0,0,0.1689,83.11,Excellent
7313,0,0,0.1412,85.88,Excellent
7314,0,0,0.1001,89.99,Excellent
7315,0,0,0.0965,90.35,Excellent
7316,1,1,0.7428,25.72,Poor
7317,0,0,0.1708,82.92,Excellent
7318,1,0,0.2329,76.71,Good
7319,1,1,0.8333,16.67,Critical
7320,1,1,0.868,13.2,Critical
7321,0,0,0.1228,87.72,Excellent
7322,1,1,0.844,15.6,Critical
7323,1,1,0.9073,9.27,Critical
7324,1,1,0.767,23.3,Poor
7325,0,0,0.0778,92.22,Excellent
7326,0,0,0.3734,62.66,Good
7327,1,1,0.9227,7.73,Critical
7328,0,0,0.1799,82.01,Excellent
7329,0,0,0.1013,89.87,Excellent
7330,1,1,0.9261,7.39,Critical
7331,0,0,0.2578,74.22,Good
7332,0,0,0.0582,94.18,Excellent
7333,1,1,0.9799,2.01,Critical
7334,0,0,0.066,93.4,Excellent
7335,1,1,0.724,27.6,Poor
7336,1,1,0.8578,14.22,Critical
7337,1,1,0.8693,13.07,Critical
7338,0,0,0.233,76.7,Good
7339,1,1,0.8649,13.51,Critical
7340,0,0,0.367,63.3,Good
7341,0,0,0.1148,88.52,Excellent
7342,0,0,0.1351,86.49,Excellent
7343,1,1,0.7812,21.88,Poor
7344,1,1,0.7061,29.39,Poor
7345,0,0,0.055,94.5,Excellent
7346,0,0,0.2036,79.64,Good
7347,1,1,0.8259,17.41,Critical
7348,0,0,0.0837,91.63,Excellent
7349,1,1,0.9192,8.08,Critical
7350,0,0,0.1425,85.75,Excellent
7351,0,0,0.1208,87.92,Excellent
7352,1,1,0.872,12.8,Critical
7353,1,1,0.892,10.8,Critical
7354,0,0,0.0788,92.12,Excellent
7355,1,1,0.8809,11.91,Critical
7356,0,0,0.1643,83.57,Excellent
7357,1,1,0.9479,5.21,Critical
7358,1,1,0.7092,29.08,Poor
7359,1,1,0.7982,20.18,Poor
7360,1,1,0.7136,28.64,Poor
7361,0,0,0.1153,88.47,Excellent
7362,1,1,0.9247,7.53,Critical
7363,1,1,0.8032,19.68,Critical
7364,0,0,0.1377,86.23,Excellent
7365,0,0,0.1648,83.52,Excellent
7366,0,0,0.161,83.9,Excellent
7367,1,1,0.8668,13.32,Critical
7368,0,0,0.0959,90.41,Excellent
7369,0,0,0.07,93.0,Excellent
7370,1,1,0.9512,4.88,Critical
7371,1,1,0.7174,28.26,Poor
7372,1,1,0.7186,28.14,Poor
7373,0,0,0.0838,91.62,Excellent
7374,0,0,0.1186,88.14,Excellent
7375,0,0,0.0553,94.47,Excellent
7376,0,0,0.1354,86.46,Excellent
7377,1,1,0.8812,11.88,Critical
7378,1,1,0.8734,12.66,Critical
7379,1,1,0.952,4.8,Critical
7380,0,0,0.1442,85.58,Excellent
7381,1,1,0.6389,36.11,Poor
7382,0,0,0.0693,93.07,Excellent
7383,0,0,0.0491,95.09,Excellent
7384,1,1,0.7631,23.69,Poor
7385,1,1,0.7863,21.37,Poor
7386,0,0,0.1522,84.78,Excellent
7387,1,1,0.5687,43.13,Fair
7388,1,1,0.9078,9.22,Critical
7389,1,1,0.7796,22.04,Poor
7390,0,0,0.1394,86.06,Excellent
7391,1,1,0.9635,3.65,Critical
7392,0,0,0.1162,88.38,Excellent
7393,0,0,0.1339,86.61,Excellent
7394,0,0,0.1436,85.64,Excellent
7395,1,1,0.6915,30.85,Poor
7396,0,0,0.2001,79.99,Good
7397,1,1,0.9477,5.23,Critical
7398,0,0,0.2553,74.47,Good
7399,0,0,0.1053,89.47,Excellent
7400,1,1,0.8144,18.56,Critical
7401,0,0,0.0553,94.47,Excellent
7402,0,0,0.0799,92.01,Excellent
7403,1,1,0.8897,11.03,Critical
7404,0,0,0.1271,87.29,Excellent
7405,1,1,0.9161,8.39,Critical
7406,0,0,0.1709,82.91,Excellent
7407,1,1,0.8973,10.27,Critical
7408,0,0,0.0402,95.98,Excellent
7409,1,1,0.8061,19.39,Critical
7410,0,0,0.0674,93.26,Excellent
7411,0,0,0.0741,92.59,Excellent
7412,0,0,0.1456,85.44,Excellent
7413,0,0,0.1148,88.52,Excellent
7414,1,1,0.9295,7.05,Critical
7415,0,0,0.1714,82.86,Excellent
7416,0,0,0.3157,68.43,Good
7417,0,0,0.0792,92.08,Excellent
7418,0,0,0.0658,93.42,Excellent
7419,0,0,0.3832,61.68,Good
7420,0,0,0.0824,91.76,Excellent
7421,1,1,0.9113,8.87,Critical
7422,1,1,0.8017,19.83,Critical
7423,0,0,0.2661,73.39,Good
7424,0,0,0.0893,91.07,Excellent
7425,1,1,0.67,33.0,Poor
7426,0,1,0.619,38.1,Poor
7427,1,1,0.8687,13.13,Critical
7428,0,0,0.0584,94.16,Excellent
7429,0,0,0.15,85.0,Excellent
7430,1,1,0.9549,4.51,Critical
7431,0,0,0.2159,78.41,Good
7432,1,1,0.9252,7.48,Critical
7433,1,1,0.9121,8.79,Critical
7434,1,1,0.977,2.3,Critical
7435,1,1,0.698,30.2,Poor
7436,0,0,0.2906,70.94,Good
7437,1,1,0.7831,21.69,Poor
7438,1,1,0.8788,12.12,Critical
7439,1,1,0.7413,25.87,Poor
7440,1,1,0.7372,26.28,Poor
7441,0,0,0.2984,70.16,Good
7442,0,0,0.4579,54.21,Fair
7443,0,0,0.0696,93.04,Excellent
7444,0,0,0.159,84.1,Excellent
7445,0,0,0.0909,90.91,Excellent
7446,0,0,0.2531,74.69,Good
7447,1,1,0.5645,43.55,Fair
7448,0,0,0.0508,94.92,Excellent
7449,1,1,0.7151,28.49,Poor
7450,0,0,0.1518,84.82,Excellent
7451,1,1,0.9249,7.51,Critical
7452,0,0,0.0957,90.43,Excellent
7453,1,1,0.5588,44.12,Fair
7454,1,1,0.941,5.9,Critical
7455,1,1,0.5994,40.06,Fair
7456,1,1,0.66,34.0,Poor
7457,0,0,0.0837,91.63,Excellent
7458,1,1,0.861,13.9,Critical
7459,0,0,0.2158,78.42,Good
7460,1,1,0.9228,7.72,Critical
7461,1,1,0.6685,33.15,Poor
7462,1,1,0.6806,31.94,Poor
7463,0,0,0.1828,81.72,Excellent
7464,0,0,0.0659,93.41,Excellent
7465,1,1,0.8667,13.33,Critical
7466,1,1,0.8776,12.24,Critical
7467,0,0,0.1085,89.15,Excellent
7468,0,0,0.2638,73.62,Good
7469,1,1,0.6346,36.54,Poor
7470,0,0,0.2013,79.87,Good
7471,1,1,0.9586,4.14,Critical
7472,1,1,0.8574,14.26,Critical
7473,0,0,0.2673,73.27,Good
7474,0,0,0.077,92.3,Excellent
7475,0,0,0.1566,84.34,Excellent
7476,0,0,0.085,91.5,Excellent
7477,0,0,0.2305,76.95,Good
7478,1,1,0.8589,14.11,Critical
7479,1,1,0.9142,8.58,Critical
7480,1,1,0.9767,2.33,Critical
7481,1,1,0.5479,45.21,Fair
7482,1,0,0.3989,60.11,Good
7483,1,1,0.9744,2.56,Critical
7484,1,1,0.9478,5.22,Critical
7485,1,1,0.8256,17.44,Critical
7486,1,1,0.8123,18.77,Critical
7487,0,0,0.1715,82.85,Excellent
7488,0,0,0.0933,90.67,Excellent
7489,1,1,0.7883,21.17,Poor
7490,1,1,0.6595,34.05,Poor
7491,1,1,0.9618,3.82,Critical
7492,0,0,0.2658,73.42,Good
7493,0,0,0.3599,64.01,Good
7494,0,0,0.0592,94.08,Excellent
7495,0,0,0.1366,86.34,Excellent
7496,0,0,0.2207,77.93,Good
7497,0,0,0.0743,92.57,Excellent
7498,0,0,0.063,93.7,Excellent
7499,0,0,0.0726,92.74,Excellent
7500,0,0,0.0717,92.83,Excellent
7501,1,1,0.9068,9.32,Critical
7502,1,1,0.5193,48.07,Fair
7503,0,0,0.1746,82.54,Excellent
7504,1,1,0.7906,20.94,Poor
7505,0,0,0.1612,83.88,Excellent
7506,0,0,0.1725,82.75,Excellent
7507,0,0,0.0678,93.22,Excellent
7508,0,0,0.1622,83.78,Excellent
7509,0,0,0.1178,88.22,Excellent
7510,0,0,0.158,84.2,Excellent
7511,0,0,0.2442,75.58,Good
7512,0,0,0.1478,85.22,Excellent
7513,0,0,0.1748,82.52,Excellent
7514,0,0,0.2665,73.35,Good
7515,0,0,0.1023,89.77,Excellent
7516,0,0,0.0733,92.67,Excellent
7517,1,1,0.9071,9.29,Critical
7518,0,0,0.1275,87.25,Excellent
7519,1,0,0.4441,55.59,Fair
7520,0,0,0.1308,86.92,Excellent
7521,1,1,0.7343,26.57,Poor
7522,0,0,0.1726,82.74,Excellent
7523,1,1,0.9161,8.39,Critical
7524,1,1,0.7116,28.84,Poor
7525,0,0,0.1688,83.12,Excellent
7526,0,0,0.1195,88.05,Excellent
7527,0,0,0.1028,89.72,Excellent
7528,0,0,0.2602,73.98,Good
7529,0,0,0.0789,92.11,Excellent
7530,0,0,0.2495,75.05,Good
7531,0,0,0.2379,76.21,Good
7532,1,1,0.9409,5.91,Critical
7533,1,1,0.9432,5.68,Critical
7534,1,1,0.9401,5.99,Critical
7535,0,0,0.137,86.3,Excellent
7536,0,0,0.1264,87.36,Excellent
7537,1,1,0.7672,23.28,Poor
7538,1,1,0.7353,26.47,Poor
7539,1,1,0.9294,7.06,Critical
7540,0,0,0.1937,80.63,Excellent
7541,1,1,0.6055,39.45,Poor
7542,1,1,0.7572,24.28,Poor
7543,0,0,0.1242,87.58,Excellent
7544,1,1,0.8204,17.96,Critical
7545,0,0,0.0777,92.23,Excellent
7546,1,1,0.8646,13.54,Critical
7547,0,0,0.158,84.2,Excellent
7548,0,0,0.2646,73.54,Good
7549,1,1,0.8594,14.06,Critical
7550,0,0,0.4703,52.97,Fair
7551,0,0,0.146,85.4,Excellent
7552,1,1,0.9243,7.57,Critical
7553,0,0,0.2658,73.42,Good
7554,0,0,0.0462,95.38,Excellent
7555,1,1,0.9222,7.78,Critical
7556,0,0,0.1551,84.49,Excellent
7557,0,0,0.1539,84.61,Excellent
7558,0,0,0.1578,84.22,Excellent
7559,1,1,0.7829,21.71,Poor
7560,1,1,0.9868,1.32,Critical
7561,1,1,0.6508,34.92,Poor
7562,0,0,0.1602,83.98,Excellent
7563,0,0,0.1311,86.89,Excellent
7564,1,1,0.9341,6.59,Critical
7565,0,0,0.0702,92.98,Excellent
7566,1,1,0.9637,3.63,Critical
7567,1,1,0.9291,7.09,Critical
7568,1,1,0.804,19.6,Critical
7569,1,1,0.9221,7.79,Critical
7570,1,1,0.6059,39.41,Poor
7571,0,0,0.1046,89.54,Excellent
7572,0,0,0.2301,76.99,Good
7573,0,0,0.4139,58.61,Fair
7574,0,0,0.3396,66.04,Good
7575,1,1,0.9014,9.86,Critical
7576,1,1,0.9804,1.96,Critical
7577,1,1,0.6789,32.11,Poor
7578,1,1,0.7232,27.68,Poor
7579,1,1,0.9807,1.93,Critical
7580,0,0,0.0708,92.92,Excellent
7581,1,1,0.8702,12.98,Critical
7582,0,0,0.0865,91.35,Excellent
7583,1,1,0.9289,7.11,Critical
7584,0,0,0.0855,91.45,Excellent
7585,1,0,0.4722,52.78,Fair
7586,1,1,0.8563,14.37,Critical
7587,0,0,0.1399,86.01,Excellent
7588,0,0,0.0937,90.63,Excellent
7589,1,1,0.9434,5.66,Critical
7590,1,1,0.978,2.2,Critical
7591,0,0,0.1943,80.57,Excellent
7592,1,1,0.9483,5.17,Critical
7593,0,0,0.2167,78.33,Good
7594,0,0,0.0664,93.36,Excellent
7595,0,0,0.1158,88.42,Excellent
7596,1,1,0.9567,4.33,Critical
7597,1,1,0.9414,5.86,Critical
7598,1,1,0.5654,43.46,Fair
7599,1,1,0.9251,7.49,Critical
7600,0,0,0.075,92.5,Excellent
7601,1,1,0.969,3.1,Critical
7602,0,0,0.1944,80.56,Excellent
7603,1,1,0.5313,46.87,Fair
7604,1,1,0.822,17.8,Critical
7605,1,1,0.7733,22.67,Poor
7606,1,1,0.911,8.9,Critical
7607,0,0,0.1392,86.08,Excellent
7608,1,1,0.7891,21.09,Poor
7609,1,1,0.8971,10.29,Critical
7610,1,1,0.5777,42.23,Fair
7611,1,1,0.9818,1.82,Critical
7612,1,1,0.8872,11.28,Critical
7613,1,1,0.9084,9.16,Critical
7614,1,1,0.8641,13.59,Critical
7615,0,0,0.0667,93.33,Excellent
7616,1,1,0.8797,12.03,Critical
7617,1,1,0.5203,47.97,Fair
7618,1,1,0.6649,33.51,Poor
7619,1,1,0.9389,6.11,Critical
7620,0,0,0.1554,84.46,Excellent
7621,1,1,0.8719,12.81,Critical
7622,1,1,0.7548,24.52,Poor
7623,1,1,0.9313,6.87,Critical
7624,0,0,0.1694,83.06,Excellent
7625,1,1,0.865,13.5,Critical
7626,0,0,0.0806,91.94,Excellent
7627,0,0,0.3587,64.13,Good
7628,1,1,0.9151,8.49,Critical
7629,0,0,0.0989,90.11,Excellent
7630,0,0,0.106,89.4,Excellent
7631,1,1,0.949,5.1,Critical
7632,0,0,0.212,78.8,Good
7633,0,0,0.1905,80.95,Excellent
7634,0,0,0.2105,78.95,Good
7635,1,1,0.9088,9.12,Critical
7636,1,1,0.943,5.7,Critical
7637,0,0,0.3361,66.39,Good
7638,0,0,0.1777,82.23,Excellent
7639,1,1,0.8822,11.78,Critical
7640,1,1,0.8503,14.97,Critical
7641,0,0,0.1432,85.68,Excellent
7642,0,0,0.1076,89.24,Excellent
7643,1,1,0.95,5.0,Critical
7644,0,0,0.2145,78.55,Good
7645,0,0,0.2464,75.36,Good
7646,0,0,0.1082,89.18,Excellent
7647,0,0,0.3401,65.99,Good
7648,0,0,0.1384,86.16,Excellent
7649,1,1,0.9833,1.67,Critical
7650,1,1,0.7401,25.99,Poor
7651,0,0,0.1087,89.13,Excellent
7652,0,0,0.0873,91.27,Excellent
7653,0,0,0.1084,89.16,Excellent
7654,0,0,0.3303,66.97,Good
7655,1,1,0.9602,3.98,Critical
7656,0,0,0.1702,82.98,Excellent
7657,0,0,0.1508,84.92,Excellent
7658,0,0,0.1931,80.69,Excellent
7659,1,1,0.7866,21.34,Poor
7660,0,0,0.1731,82.69,Excellent
7661,0,0,0.0683,93.17,Excellent
7662,0,0,0.0375,96.25,Excellent
7663,0,0,0.1281,87.19,Excellent
7664,1,1,0.9503,4.97,Critical
7665,0,0,0.147,85.3,Excellent
7666,0,0,0.3882,61.18,Good
7667,1,1,0.5956,40.44,Fair
7668,0,0,0.1916,80.84,Excellent
7669,0,0,0.1654,83.46,Excellent
7670,1,1,0.7467,25.33,Poor
7671,0,0,0.1425,85.75,Excellent
7672,1,1,0.9209,7.91,Critical
7673,1,1,0.8023,19.77,Critical
7674,0,0,0.4263,57.37,Fair
7675,1,1,0.5247,47.53,Fair
7676,0,0,0.2545,74.55,Good
7677,0,0,0.079,92.1,Excellent
7678,1,1,0.7613,23.87,Poor
7679,1,1,0.9364,6.36,Critical
7680,1,1,0.779,22.1,Poor
7681,1,1,0.7646,23.54,Poor
7682,1,1,0.76,24.0,Poor
7683,0,0,0.102,89.8,Excellent
7684,0,0,0.1821,81.79,Excellent
7685,0,0,0.1063,89.37,Excellent
7686,1,1,0.7436,25.64,Poor
7687,1,1,0.8852,11.48,Critical
7688,1,1,0.8616,13.84,Critical
7689,0,0,0.0701,92.99,Excellent
7690,1,1,0.9939,0.61,Critical
7691,1,1,0.9133,8.67,Critical
7692,1,1,0.9329,6.71,Critical
7693,0,0,0.1263,87.37,Excellent
7694,1,1,0.7024,29.76,Poor
7695,1,1,0.5416,45.84,Fair
7696,1,1,0.7908,20.92,Poor
7697,1,1,0.9319,6.81,Critical
7698,0,0,0.258,74.2,Good
7699,0,0,0.1416,85.84,Excellent
7700,0,0,0.1113,88.87,Excellent
7701,1,1,0.7948,20.52,Poor
7702,1,1,0.9044,9.56,Critical
7703,1,1,0.8928,10.72,Critical
7704,0,0,0.0735,92.65,Excellent
7705,0,0,0.0782,92.18,Excellent
7706,1,1,0.9785,2.15,Critical
7707,1,1,0.7795,22.05,Poor
7708,1,1,0.909,9.1,Critical
7709,1,1,0.8812,11.88,Critical
7710,0,0,0.1681,83.19,Excellent
7711,0,0,0.1292,87.08,Excellent
7712,1,1,0.7282,27.18,Poor
7713,0,0,0.1424,85.76,Excellent
7714,1,1,0.8929,10.71,Critical
7715,1,1,0.8696,13.04,Critical
7716,1,1,0.8118,18.82,Critical
7717,0,0,0.1356,86.44,Excellent
7718,0,0,0.124,87.6,Excellent
7719,0,0,0.3763,62.37,Good
7720,1,1,0.9534,4.66,Critical
7721,1,1,0.9234,7.66,Critical
7722,0,0,0.1032,89.68,Excellent
7723,0,0,0.1489,85.11,Excellent
7724,0,0,0.0844,91.56,Excellent
7725,0,0,0.1666,83.34,Excellent
7726,1,1,0.8126,18.74,Critical
7727,1,1,0.7917,20.83,Poor
7728,0,0,0.1851,81.49,Excellent
7729,0,0,0.1283,87.17,Excellent
7730,1,1,0.7621,23.79,Poor
7731,0,0,0.1502,84.98,Excellent
7732,0,0,0.1894,81.06,Excellent
7733,0,0,0.2082,79.18,Good
7734,1,1,0.9222,7.78,Critical
7735,1,1,0.8479,15.21,Critical
7736,0,0,0.1844,81.56,Excellent
7737,1,1,0.5113,48.87,Fair
7738,1,1,0.8893,11.07,Critical
7739,0,0,0.1115,88.85,Excellent
7740,0,0,0.0656,93.44,Excellent
7741,0,0,0.1061,89.39,Excellent
7742,0,0,0.2041,79.59,Good
7743,0,0,0.0911,90.89,Excellent
7744,1,1,0.9159,8.41,Critical
7745,0,0,0.3468,65.32,Good
7746,0,0,0.1525,84.75,Excellent
7747,1,1,0.8767,12.33,Critical
7748,1,1,0.6342,36.58,Poor
7749,1,1,0.848,15.2,Critical
7750,1,1,0.965,3.5,Critical
7751,1,1,0.915,8.5,Critical
7752,1,1,0.736,26.4,Poor
7753,1,1,0.8275,17.25,Critical
7754,0,0,0.3369,66.31,Good
7755,1,1,0.9134,8.66,Critical
7756,1,0,0.4963,50.37,Fair
7757,0,0,0.0599,94.01,Excellent
7758,0,0,0.1678,83.22,Excellent
7759,1,1,0.7904,20.96,Poor
7760,0,0,0.1302,86.98,Excellent
7761,1,1,0.8372,16.28,Critical
7762,1,1,0.9832,1.68,Critical
7763,1,1,0.7867,21.33,Poor
7764,1,1,0.9434,5.66,Critical
7765,1,1,0.9519,4.81,Critical
7766,0,0,0.0803,91.97,Excellent
7767,0,0,0.1318,86.82,Excellent
7768,1,1,0.8928,10.72,Critical
7769,0,0,0.2043,79.57,Good
7770,0,0,0.152,84.8,Excellent
7771,1,1,0.9707,2.93,Critical
7772,1,1,0.8341,16.59,Critical
7773,0,0,0.2673,73.27,Good
7774,0,0,0.1629,83.71,Excellent
7775,0,0,0.1064,89.36,Excellent
7776,1,1,0.9224,7.76,Critical
7777,0,0,0.0699,93.01,Excellent
7778,0,0,0.0962,90.38,Excellent
7779,0,0,0.0837,91.63,Excellent
7780,0,0,0.106,89.4,Excellent
7781,0,0,0.0744,92.56,Excellent
7782,1,1,0.9278,7.22,Critical
7783,0,0,0.1015,89.85,Excellent
7784,1,1,0.8473,15.27,Critical
7785,1,1,0.887,11.3,Critical
7786,1,1,0.9221,7.79,Critical
7787,1,0,0.3642,63.58,Good
7788,1,1,0.8565,14.35,Critical
7789,0,0,0.1756,82.44,Excellent
7790,0,0,0.1642,83.58,Excellent
7791,0,0,0.1494,85.06,Excellent
7792,0,0,0.3003,69.97,Good
7793,0,0,0.1064,89.36,Excellent
7794,1,1,0.8178,18.22,Critical
7795,1,1,0.8001,19.99,Critical
7796,0,0,0.2321,76.79,Good
7797,1,1,0.8314,16.86,Critical
7798,0,0,0.1647,83.53,Excellent
7799,1,1,0.9096,9.04,Critical
7800,1,1,0.7194,28.06,Poor
7801,1,1,0.7128,28.72,Poor
7802,1,1,0.7922,20.78,Poor
7803,0,0,0.3305,66.95,Good
7804,0,0,0.2963,70.37,Good
7805,1,1,0.8884,11.16,Critical
7806,1,1,0.8039,19.61,Critical
7807,1,1,0.9816,1.84,Critical
7808,1,1,0.8398,16.02,Critical
7809,1,1,0.704,29.6,Poor
7810,0,0,0.1954,80.46,Excellent
7811,0,0,0.289,71.1,Good
7812,0,0,0.1636,83.64,Excellent
7813,1,1,0.945,5.5,Critical
7814,0,0,0.109,89.1,Excellent
7815,1,1,0.9383,6.17,Critical
7816,1,1,0.8032,19.68,Critical
7817,1,1,0.7585,24.15,Poor
7818,0,0,0.1371,86.29,Excellent
7819,1,1,0.945,5.5,Critical
7820,0,0,0.145,85.5,Excellent
7821,1,1,0.9195,8.05,Critical
7822,0,0,0.0555,94.45,Excellent
7823,0,0,0.2067,79.33,Good
7824,0,0,0.2697,73.03,Good
7825,1,1,0.8252,17.48,Critical
7826,0,0,0.1337,86.63,Excellent
7827,0,0,0.1182,88.18,Excellent
7828,0,0,0.4516,54.84,Fair
7829,0,0,0.0806,91.94,Excellent
7830,1,1,0.9637,3.63,Critical
7831,0,0,0.145,85.5,Excellent
7832,0,0,0.0963,90.37,Excellent
7833,0,0,0.3424,65.76,Good
7834,0,0,0.0977,90.23,Excellent
7835,0,0,0.0593,94.07,Excellent
7836,1,1,0.8796,12.04,Critical
7837,0,0,0.4142,58.58,Fair
7838,0,0,0.2435,75.65,Good
7839,0,0,0.0399,96.01,Excellent
7840,1,1,0.7811,21.89,Poor
7841,1,1,0.8056,19.44,Critical
7842,0,0,0.1538,84.62,Excellent
7843,0,0,0.0484,95.16,Excellent
7844,1,1,0.8889,11.11,Critical
7845,0,0,0.1382,86.18,Excellent
7846,1,1,0.9089,9.11,Critical
7847,1,1,0.819,18.1,Critical
7848,1,0,0.1593,84.07,Excellent
7849,0,0,0.1144,88.56,Excellent
7850,0,0,0.0615,93.85,Excellent
7851,0,0,0.0628,93.72,Excellent
7852,0,0,0.1389,86.11,Excellent
7853,1,1,0.9562,4.38,Critical
7854,0,0,0.1539,84.61,Excellent
7855,0,0,0.2793,72.07,Good
7856,1,1,0.9663,3.37,Critical
7857,0,0,0.11,89.0,Excellent
7858,0,0,0.04,96.0,Excellent
7859,0,0,0.1461,85.39,Excellent
7860,1,1,0.8876,11.24,Critical
7861,0,0,0.2392,76.08,Good
7862,0,0,0.203,79.7,Good
7863,1,1,0.875,12.5,Critical
7864,1,1,0.7061,29.39,Poor
7865,0,0,0.2511,74.89,Good
7866,0,0,0.1179,88.21,Excellent
7867,1,1,0.9011,9.89,Critical
7868,0,0,0.1803,81.97,Excellent
7869,0,0,0.374,62.6,Good
7870,0,0,0.2945,70.55,Good
7871,0,0,0.2657,73.43,Good
7872,0,0,0.0673,93.27,Excellent
7873,0,0,0.2106,78.94,Good
7874,0,0,0.1881,81.19,Excellent
7875,0,0,0.2246,77.54,Good
7876,1,1,0.7962,20.38,Poor
7877,1,1,0.887,11.3,Critical
7878,0,0,0.0958,90.42,Excellent
7879,0,0,0.0754,92.46,Excellent
7880,1,1,0.9207,7.93,Critical
7881,1,1,0.8911,10.89,Critical
7882,0,0,0.2337,76.63,Good
7883,0,0,0.1918,80.82,Excellent
7884,0,0,0.1913,80.87,Excellent
7885,1,1,0.8356,16.44,Critical
7886,1,1,0.6889,31.11,Poor
7887,1,1,0.9742,2.58,Critical
7888,0,0,0.0719,92.81,Excellent
7889,0,0,0.4178,58.22,Fair
7890,1,1,0.8721,12.79,Critical
7891,0,0,0.1014,89.86,Excellent
7892,0,0,0.0639,93.61,Excellent
7893,0,0,0.2892,71.08,Good
7894,1,1,0.8539,14.61,Critical
7895,1,1,0.9865,1.35,Critical
7896,1,1,0.8044,19.56,Critical
7897,0,0,0.0713,92.87,Excellent
7898,1,1,0.9658,3.42,Critical
7899,0,0,0.2345,76.55,Good
7900,0,0,0.3281,67.19,Good
7901,0,0,0.0635,93.65,Excellent
7902,0,0,0.122,87.8,Excellent
7903,0,0,0.2969,70.31,Good
7904,0,0,0.103,89.7,Excellent
7905,0,0,0.0731,92.69,Excellent
7906,1,1,0.8256,17.44,Critical
7907,1,1,0.9274,7.26,Critical
7908,0,0,0.0383,96.17,Excellent
7909,1,0,0.3784,62.16,Good
7910,1,1,0.862,13.8,Critical
7911,0,0,0.3737,62.63,Good
7912,1,1,0.6973,30.27,Poor
7913,1,1,0.9178,8.22,Critical
7914,1,1,0.5719,42.81,Fair
7915,0,0,0.2431,75.69,Good
7916,1,1,0.9332,6.68,Critical
7917,0,0,0.331,66.9,Good
7918,1,1,0.8497,15.03,Critical
7919,1,1,0.8198,18.02,Critical
7920,0,0,0.054,94.6,Excellent
7921,1,1,0.9463,5.37,Critical
7922,0,0,0.1092,89.08,Excellent
7923,0,0,0.1608,83.92,Excellent
7924,1,1,0.6999,30.01,Poor
7925,0,0,0.246,75.4,Good
7926,0,0,0.0834,91.66,Excellent
7927,1,1,0.8559,14.41,Critical
7928,1,1,0.9041,9.59,Critical
7929,0,0,0.0644,93.56,Excellent
7930,1,1,0.9263,7.37,Critical
7931,0,0,0.2179,78.21,Good
7932,1,1,0.9217,7.83,Critical
7933,0,0,0.1915,80.85,Excellent
7934,0,0,0.2203,77.97,Good
7935,0,0,0.1222,87.78,Excellent
7936,1,1,0.9119,8.81,Critical
7937,0,0,0.0856,91.44,Excellent
7938,1,1,0.7777,22.23,Poor
7939,0,0,0.095,90.5,Excellent
7940,1,1,0.8992,10.08,Critical
7941,0,0,0.0998,90.02,Excellent
7942,1,1,0.8965,10.35,Critical
7943,0,0,0.1034,89.66,Excellent
7944,0,0,0.2863,71.37,Good
7945,1,1,0.9448,5.52,Critical
7946,0,0,0.078,92.2,Excellent
7947,1,1,0.9222,7.78,Critical
7948,1,1,0.9231,7.69,Critical
7949,0,0,0.105,89.5,Excellent
7950,1,1,0.7585,24.15,Poor
7951,0,0,0.2062,79.38,Good
7952,1,1,0.5682,43.18,Fair
7953,1,1,0.8906,10.94,Critical
7954,1,1,0.9387,6.13,Critical
7955,1,1,0.8373,16.27,Critical
7956,1,1,0.8405,15.95,Critical
7957,1,1,0.8545,14.55,Critical
7958,0,0,0.258,74.2,Good
7959,0,0,0.1843,81.57,Excellent
7960,0,0,0.08,92.0,Excellent
7961,1,1,0.812,18.8,Critical
7962,1,1,0.9599,4.01,Critical
7963,1,1,0.6756,32.44,Poor
7964,1,1,0.9588,4.12,Critical
7965,0,0,0.3874,61.26,Good
7966,0,0,0.2986,70.14,Good
7967,1,1,0.9251,7.49,Critical
7968,0,0,0.1959,80.41,Excellent
7969,1,1,0.8351,16.49,Critical
7970,1,1,0.7769,22.31,Poor
7971,0,0,0.1276,87.24,Excellent
7972,0,0,0.3127,68.73,Good
7973,1,1,0.9313,6.87,Critical
7974,1,1,0.9107,8.93,Critical
7975,1,1,0.7906,20.94,Poor
7976,0,0,0.0914,90.86,Excellent
7977,1,1,0.642,35.8,Poor
7978,1,1,0.7745,22.55,Poor
7979,1,1,0.814,18.6,Critical
7980,1,1,0.9824,1.76,Critical
7981,1,1,0.9111,8.89,Critical
7982,1,1,0.9887,1.13,Critical
7983,0,0,0.0707,92.93,Excellent
7984,0,0,0.1309,86.91,Excellent
7985,0,0,0.1528,84.72,Excellent
7986,1,1,0.8786,12.14,Critical
7987,1,1,0.8659,13.41,Critical
7988,1,1,0.8934,10.66,Critical
7989,0,1,0.5554,44.46,Fair
7990,1,1,0.6315,36.85,Poor
7991,0,0,0.1882,81.18,Excellent
7992,0,0,0.17,83.0,Excellent
7993,0,0,0.128,87.2,Excellent
7994,0,0,0.246,75.4,Good
7995,0,0,0.2199,78.01,Good
7996,1,1,0.9156,8.44,Critical
7997,1,1,0.9171,8.29,Critical
7998,1,1,0.9686,3.14,Critical
7999,1,1,0.8672,13.28,Critical
8000,1,1,0.9003,9.97,Critical
8001,1,1,0.8719,12.81,Critical
8002,1,1,0.9422,5.78,Critical
8003,1,1,0.9419,5.81,Critical
8004,1,0,0.469,53.1,Fair
8005,1,1,0.6898,31.02,Poor
8006,0,0,0.1175,88.25,Excellent
8007,0,0,0.1015,89.85,Excellent
8008,0,0,0.0929,90.71,Excellent
8009,1,1,0.7936,20.64,Poor
8010,0,0,0.1056,89.44,Excellent
8011,0,0,0.1437,85.63,Excellent
8012,1,1,0.6366,36.34,Poor
8013,1,1,0.9253,7.47,Critical
8014,0,0,0.0797,92.03,Excellent
8015,1,1,0.9492,5.08,Critical
8016,1,1,0.9495,5.05,Critical
8017,1,1,0.8625,13.75,Critical
8018,0,0,0.0666,93.34,Excellent
8019,1,1,0.7535,24.65,Poor
8020,0,0,0.0889,91.11,Excellent
8021,0,0,0.0586,94.14,Excellent
8022,1,1,0.8421,15.79,Critical
8023,1,1,0.5445,45.55,Fair
8024,1,0,0.4512,54.88,Fair
8025,1,1,0.8757,12.43,Critical
8026,1,0,0.3673,63.27,Good
8027,1,1,0.9647,3.53,Critical
8028,1,1,0.6743,32.57,Poor
8029,1,1,0.869,13.1,Critical
8030,0,0,0.1916,80.84,Excellent
8031,0,0,0.1792,82.08,Excellent
8032,1,1,0.9275,7.25,Critical
8033,0,0,0.1083,89.17,Excellent
8034,1,1,0.743,25.7,Poor
8035,1,1,0.9636,3.64,Critical
8036,0,0,0.272,72.8,Good
8037,1,1,0.8443,15.57,Critical
8038,0,0,0.1908,80.92,Excellent
8039,1,1,0.7451,25.49,Poor
8040,0,0,0.1033,89.67,Excellent
8041,1,1,0.8848,11.52,Critical
8042,0,0,0.1003,89.97,Excellent
8043,0,0,0.1319,86.81,Excellent
8044,1,1,0.7789,22.11,Poor
8045,0,0,0.1443,85.57,Excellent
8046,1,1,0.696,30.4,Poor
8047,0,0,0.4274,57.26,Fair
8048,1,1,0.9832,1.68,Critical
8049,1,1,0.9115,8.85,Critical
8050,0,0,0.2137,78.63,Good
8051,1,1,0.8673,13.27,Critical
8052,0,0,0.1029,89.71,Excellent
8053,1,1,0.8518,14.82,Critical
8054,1,1,0.8814,11.86,Critical
8055,0,0,0.1763,82.37,Excellent
8056,1,1,0.5342,46.58,Fair
8057,1,1,0.9468,5.32,Critical
8058,1,1,0.776,22.4,Poor
8059,0,0,0.136,86.4,Excellent
8060,0,0,0.0448,95.52,Excellent
8061,0,0,0.1009,89.91,Excellent
8062,1,1,0.8842,11.58,Critical
8063,0,0,0.1219,87.81,Excellent
8064,1,1,0.8986,10.14,Critical
8065,0,0,0.1311,86.89,Excellent
8066,1,1,0.7157,28.43,Poor
8067,0,0,0.0883,91.17,Excellent
8068,1,1,0.9719,2.81,Critical
8069,1,1,0.9067,9.33,Critical
8070,0,0,0.1054,89.46,Excellent
8071,0,0,0.0336,96.64,Excellent
8072,1,1,0.9618,3.82,Critical
8073,0,0,0.065,93.5,Excellent
8074,0,0,0.0729,92.71,Excellent
8075,1,1,0.945,5.5,Critical
8076,1,1,0.8676,13.24,Critical
8077,0,0,0.0497,95.03,Excellent
8078,1,1,0.6492,35.08,Poor
8079,0,0,0.0912,90.88,Excellent
8080,0,0,0.0773,92.27,Excellent
8081,0,0,0.0699,93.01,Excellent
8082,0,0,0.1249,87.51,Excellent
8083,0,0,0.2014,79.86,Good
8084,1,1,0.9696,3.04,Critical
8085,0,0,0.144,85.6,Excellent
8086,1,1,0.7378,26.22,Poor
8087,0,0,0.4914,50.86,Fair
8088,0,0,0.1161,88.39,Excellent
8089,1,1,0.8925,10.75,Critical
8090,1,1,0.8856,11.44,Critical
8091,1,1,0.8509,14.91,Critical
8092,1,1,0.952,4.8,Critical
8093,1,1,0.8942,10.58,Critical
8094,1,1,0.5625,43.75,Fair
8095,0,0,0.1864,81.36,Excellent
8096,0,0,0.2091,79.09,Good
8097,1,1,0.5831,41.69,Fair
8098,0,0,0.104,89.6,Excellent
8099,1,1,0.9101,8.99,Critical
8100,0,0,0.114,88.6,Excellent
8101,0,0,0.2978,70.22,Good
8102,0,0,0.2747,72.53,Good
8103,1,1,0.7023,29.77,Poor
8104,0,0,0.089,91.1,Excellent
8105,1,1,0.9489,5.11,Critical
8106,0,0,0.2653,73.47,Good
8107,0,0,0.1368,86.32,Excellent
8108,0,0,0.0758,92.42,Excellent
8109,0,0,0.1318,86.82,Excellent
8110,0,0,0.0527,94.73,Excellent
8111,1,1,0.6918,30.82,Poor
8112,0,0,0.3177,68.23,Good
8113,1,1,0.9115,8.85,Critical
8114,1,1,0.9026,9.74,Critical
8115,0,0,0.0852,91.48,Excellent
8116,1,1,0.6207,37.93,Poor
8117,1,1,0.5338,46.62,Fair
8118,1,1,0.9399,6.01,Critical
8119,1,1,0.914,8.6,Critical
8120,0,0,0.1323,86.77,Excellent
8121,0,0,0.0944,90.56,Excellent
8122,0,0,0.1646,83.54,Excellent
8123,0,0,0.2092,79.08,Good
8124,0,0,0.2067,79.33,Good
8125,1,0,0.4447,55.53,Fair
8126,0,0,0.1603,83.97,Excellent
8127,0,0,0.1386,86.14,Excellent
8128,0,0,0.1559,84.41,Excellent
8129,0,0,0.2235,77.65,Good
8130,0,0,0.2761,72.39,Good
8131,1,1,0.899,10.1,Critical
8132,0,0,0.2564,74.36,Good
8133,1,1,0.9182,8.18,Critical
8134,0,0,0.4663,53.37,Fair
8135,1,1,0.9161,8.39,Critical
8136,1,1,0.8718,12.82,Critical
8137,1,1,0.6918,30.82,Poor
8138,1,1,0.8964,10.36,Critical
8139,1,1,0.9013,9.87,Critical
8140,1,1,0.9639,3.61,Critical
8141,1,1,0.8477,15.23,Critical
8142,1,1,0.836,16.4,Critical
8143,1,1,0.9332,6.68,Critical
8144,0,0,0.0312,96.88,Excellent
8145,1,1,0.9516,4.84,Critical
8146,1,1,0.5653,43.47,Fair
8147,1,1,0.9706,2.94,Critical
8148,0,1,0.6852,31.48,Poor
8149,0,0,0.0635,93.65,Excellent
8150,1,1,0.9247,7.53,Critical
8151,1,1,0.7881,21.19,Poor
8152,0,0,0.4675,53.25,Fair
8153,1,1,0.9029,9.71,Critical
8154,1,1,0.8067,19.33,Critical
8155,1,1,0.9074,9.26,Critical
8156,1,1,0.8271,17.29,Critical
8157,0,0,0.1878,81.22,Excellent
8158,1,1,0.7764,22.36,Poor
8159,0,0,0.2209,77.91,Good
8160,0,0,0.0944,90.56,Excellent
8161,0,0,0.2356,76.44,Good
8162,1,1,0.9474,5.26,Critical
8163,1,1,0.9667,3.33,Critical
8164,0,0,0.2443,75.57,Good
8165,0,0,0.1027,89.73,Excellent
8166,1,1,0.8071,19.29,Critical
8167,0,0,0.0698,93.02,Excellent
8168,1,1,0.8926,10.74,Critical
8169,1,0,0.4013,59.87,Fair
8170,1,1,0.9088,9.12,Critical
8171,0,0,0.0907,90.93,Excellent
8172,0,0,0.1144,88.56,Excellent
8173,1,1,0.895,10.5,Critical
8174,1,1,0.886,11.4,Critical
8175,0,0,0.0531,94.69,Excellent
8176,1,1,0.5152,48.48,Fair
8177,1,1,0.7736,22.64,Poor
8178,1,1,0.8733,12.67,Critical
8179,0,0,0.1511,84.89,Excellent
8180,1,1,0.6468,35.32,Poor
8181,1,1,0.8127,18.73,Critical
8182,0,0,0.1166,88.34,Excellent
8183,0,0,0.0901,90.99,Excellent
8184,1,1,0.8976,10.24,Critical
8185,1,1,0.9315,6.85,Critical
8186,1,1,0.832,16.8,Critical
8187,0,0,0.1216,87.84,Excellent
8188,1,1,0.9494,5.06,Critical
8189,1,1,0.8801,11.99,Critical
8190,0,0,0.0547,94.53,Excellent
8191,0,0,0.069,93.1,Excellent
8192,1,1,0.7294,27.06,Poor
8193,0,0,0.1322,86.78,Excellent
8194,0,0,0.1219,87.81,Excellent
8195,0,0,0.1398,86.02,Excellent
8196,1,1,0.9287,7.13,Critical
8197,0,0,0.2837,71.63,Good
8198,0,0,0.3196,68.04,Good
8199,1,1,0.8508,14.92,Critical
8200,0,0,0.157,84.3,Excellent
8201,0,0,0.0951,90.49,Excellent
8202,0,0,0.0576,94.24,Excellent
8203,1,1,0.8316,16.84,Critical
8204,1,0,0.4106,58.94,Fair
8205,0,0,0.1837,81.63,Excellent
8206,0,0,0.2204,77.96,Good
8207,1,1,0.6989,30.11,Poor
8208,0,0,0.0871,91.29,Excellent
8209,1,0,0.4847,51.53,Fair
8210,0,0,0.1023,89.77,Excellent
8211,1,1,0.8446,15.54,Critical
8212,1,1,0.9806,1.94,Critical
8213,1,1,0.8622,13.78,Critical
8214,0,0,0.0589,94.11,Excellent
8215,0,0,0.1923,80.77,Excellent
8216,1,1,0.8714,12.86,Critical
8217,0,0,0.1221,87.79,Excellent
8218,0,0,0.0816,91.84,Excellent
8219,0,0,0.2674,73.26,Good
8220,0,0,0.2065,79.35,Good
8221,0,0,0.0875,91.25,Excellent
8222,1,1,0.8865,11.35,Critical
8223,0,0,0.2029,79.71,Good
8224,1,1,0.7505,24.95,Poor
8225,0,0,0.1295,87.05,Excellent
8226,1,1,0.9516,4.84,Critical
8227,0,0,0.1256,87.44,Excellent
8228,0,0,0.0394,96.06,Excellent
8229,0,0,0.2296,77.04,Good
8230,0,0,0.1011,89.89,Excellent
8231,0,0,0.0793,92.07,Excellent
8232,1,1,0.7808,21.92,Poor
8233,0,0,0.0905,90.95,Excellent
8234,1,1,0.919,8.1,Critical
8235,0,0,0.0711,92.89,Excellent
8236,0,0,0.0642,93.58,Excellent
8237,0,0,0.1424,85.76,Excellent
8238,0,0,0.2335,76.65,Good
8239,1,1,0.8855,11.45,Critical
8240,1,1,0.61,39.0,Poor
8241,0,0,0.1436,85.64,Excellent
8242,0,0,0.2033,79.67,Good
8243,0,0,0.2777,72.23,Good
8244,0,0,0.0495,95.05,Excellent
8245,0,0,0.4926,50.74,Fair
8246,1,1,0.9566,4.34,Critical
8247,0,1,0.5322,46.78,Fair
8248,0,0,0.2494,75.06,Good
8249,1,1,0.8186,18.14,Critical
8250,0,0,0.1165,88.35,Excellent
8251,0,0,0.1121,88.79,Excellent
8252,0,0,0.0642,93.58,Excellent
8253,0,0,0.087,91.3,Excellent
8254,1,1,0.8973,10.27,Critical
8255,1,1,0.6911,30.89,Poor
8256,0,0,0.1039,89.61,Excellent
8257,0,0,0.1236,87.64,Excellent
8258,0,0,0.1493,85.07,Excellent
8259,1,1,0.8706,12.94,Critical
8260,1,1,0.5578,44.22,Fair
8261,0,0,0.0679,93.21,Excellent
8262,1,1,0.7738,22.62,Poor
8263,1,1,0.9523,4.77,Critical
8264,1,1,0.9041,9.59,Critical
8265,1,1,0.9623,3.77,Critical
8266,0,0,0.1121,88.79,Excellent
8267,0,0,0.1205,87.95,Excellent
8268,1,1,0.931,6.9,Critical
8269,1,1,0.8439,15.61,Critical
8270,1,1,0.8659,13.41,Critical
8271,0,0,0.0831,91.69,Excellent
8272,1,1,0.9472,5.28,Critical
8273,0,0,0.3472,65.28,Good
8274,0,0,0.1241,87.59,Excellent
8275,1,1,0.9321,6.79,Critical
8276,0,0,0.1107,88.93,Excellent
8277,1,0,0.4843,51.57,Fair
8278,1,1,0.8709,12.91,Critical
8279,1,1,0.8926,10.74,Critical
8280,1,1,0.894,10.6,Critical
8281,1,1,0.893,10.7,Critical
8282,0,0,0.0527,94.73,Excellent
8283,0,0,0.1032,89.68,Excellent
8284,0,0,0.0731,92.69,Excellent
8285,0,0,0.1894,81.06,Excellent
8286,1,0,0.4545,54.55,Fair
8287,0,0,0.1449,85.51,Excellent
8288,1,1,0.9504,4.96,Critical
8289,0,0,0.3552,64.48,Good
8290,0,0,0.0318,96.82,Excellent
8291,1,1,0.8555,14.45,Critical
8292,1,0,0.2696,73.04,Good
8293,0,0,0.1228,87.72,Excellent
8294,0,0,0.1231,87.69,Excellent
8295,1,1,0.8955,10.45,Critical
8296,0,0,0.2909,70.91,Good
8297,1,1,0.9236,7.64,Critical
8298,0,0,0.1616,83.84,Excellent
8299,0,0,0.0732,92.68,Excellent
8300,1,1,0.9605,3.95,Critical
8301,1,1,0.7842,21.58,Poor
8302,1,1,0.8561,14.39,Critical
8303,1,1,0.7799,22.01,Poor
8304,1,0,0.4926,50.74,Fair
8305,0,0,0.1838,81.62,Excellent
8306,0,0,0.1946,80.54,Excellent
8307,1,1,0.8667,13.33,Critical
8308,1,1,0.7757,22.43,Poor
8309,1,1,0.8257,17.43,Critical
8310,1,1,0.7852,21.48,Poor
8311,0,0,0.134,86.6,Excellent
8312,1,1,0.9402,5.98,Critical
8313,0,0,0.0871,91.29,Excellent
8314,1,1,0.9023,9.77,Critical
8315,0,0,0.4162,58.38,Fair
8316,1,1,0.9203,7.97,Critical
8317,1,1,0.7379,26.21,Poor
8318,1,1,0.9478,5.22,Critical
8319,1,1,0.9086,9.14,Critical
8320,1,1,0.8869,11.31,Critical
8321,0,0,0.0311,96.89,Excellent
8322,0,0,0.2595,74.05,Good
8323,0,0,0.0662,93.38,Excellent
8324,1,1,0.7617,23.83,Poor
8325,0,0,0.0599,94.01,Excellent
8326,0,0,0.1145,88.55,Excellent
8327,0,0,0.0936,90.64,Excellent
8328,0,0,0.1191,88.09,Excellent
8329,1,1,0.9297,7.03,Critical
8330,1,1,0.9377,6.23,Critical
8331,0,0,0.1142,88.58,Excellent
8332,1,1,0.9294,7.06,Critical
8333,0,0,0.1748,82.52,Excellent
8334,0,0,0.1037,89.63,Excellent
8335,0,0,0.1973,80.27,Excellent
8336,1,1,0.8651,13.49,Critical
8337,1,1,0.7151,28.49,Poor
8338,0,0,0.2956,70.44,Good
8339,0,0,0.1172,88.28,Excellent
8340,1,1,0.9724,2.76,Critical
8341,0,0,0.0696,93.04,Excellent
8342,0,0,0.0637,93.63,Excellent
8343,0,0,0.2164,78.36,Good
8344,1,0,0.495,50.5,Fair
8345,0,0,0.1444,85.56,Excellent
8346,0,0,0.1685,83.15,Excellent
8347,0,0,0.1464,85.36,Excellent
8348,0,0,0.2338,76.62,Good
8349,0,0,0.1105,88.95,Excellent
8350,0,0,0.1921,80.79,Excellent
8351,0,0,0.1107,88.93,Excellent
8352,0,0,0.2487,75.13,Good
8353,0,0,0.0683,93.17,Excellent
8354,0,0,0.1052,89.48,Excellent
8355,0,0,0.1223,87.77,Excellent
8356,0,0,0.1523,84.77,Excellent
8357,1,1,0.9157,8.43,Critical
8358,0,0,0.2406,75.94,Good
8359,0,0,0.0423,95.77,Excellent
8360,0,0,0.1337,86.63,Excellent
8361,1,1,0.7071,29.29,Poor
8362,1,1,0.8541,14.59,Critical
8363,0,0,0.2314,76.86,Good
8364,1,1,0.8869,11.31,Critical
8365,0,0,0.1561,84.39,Excellent
8366,0,0,0.155,84.5,Excellent
8367,0,0,0.2494,75.06,Good
8368,0,0,0.0534,94.66,Excellent
8369,1,1,0.8258,17.42,Critical
8370,1,1,0.6039,39.61,Poor
8371,0,0,0.14,86.0,Excellent
8372,1,1,0.7072,29.28,Poor
8373,0,0,0.1041,89.59,Excellent
8374,0,0,0.1796,82.04,Excellent
8375,0,0,0.0556,94.44,Excellent
8376,0,0,0.2579,74.21,Good
8377,1,1,0.9512,4.88,Critical
8378,1,1,0.8568,14.32,Critical
8379,0,0,0.0961,90.39,Excellent
8380,0,0,0.0976,90.24,Excellent
8381,1,1,0.7471,25.29,Poor
8382,1,1,0.7886,21.14,Poor
8383,0,0,0.0831,91.69,Excellent
8384,0,0,0.2352,76.48,Good
8385,0,0,0.0593,94.07,Excellent
8386,0,0,0.101,89.9,Excellent
8387,0,0,0.0757,92.43,Excellent
8388,0,0,0.1737,82.63,Excellent
8389,1,1,0.9109,8.91,Critical
8390,0,0,0.1356,86.44,Excellent
8391,1,1,0.9784,2.16,Critical
8392,0,0,0.0757,92.43,Excellent
8393,0,0,0.1631,83.69,Excellent
8394,1,1,0.9799,2.01,Critical
8395,0,0,0.0671,93.29,Excellent
8396,0,0,0.4243,57.57,Fair
8397,0,0,0.0279,97.21,Excellent
8398,1,1,0.7418,25.82,Poor
8399,0,0,0.2163,78.37,Good
8400,1,1,0.9242,7.58,Critical
8401,1,1,0.8969,10.31,Critical
8402,0,0,0.2509,74.91,Good
8403,0,0,0.2311,76.89,Good
8404,0,0,0.3654,63.46,Good
8405,1,1,0.9015,9.85,Critical
8406,1,1,0.878,12.2,Critical
8407,0,0,0.1764,82.36,Excellent
8408,1,1,0.9485,5.15,Critical
8409,0,1,0.5236,47.64,Fair
8410,1,1,0.8261,17.39,Critical
8411,0,0,0.3653,63.47,Good
8412,1,1,0.7601,23.99,Poor
8413,1,1,0.851,14.9,Critical
8414,1,1,0.8369,16.31,Critical
8415,1,1,0.8687,13.13,Critical
8416,1,1,0.5732,42.68,Fair
8417,1,1,0.6847,31.53,Poor
8418,0,0,0.136,86.4,Excellent
8419,1,1,0.8194,18.06,Critical
8420,0,0,0.126,87.4,Excellent
8421,0,0,0.0992,90.08,Excellent
8422,0,0,0.0967,90.33,Excellent
8423,1,1,0.919,8.1,Critical
8424,0,0,0.1949,80.51,Excellent
8425,1,1,0.9553,4.47,Critical
8426,0,0,0.1954,80.46,Excellent
8427,1,1,0.9597,4.03,Critical
8428,1,1,0.9974,0.26,Critical
8429,1,1,0.7588,24.12,Poor
8430,1,1,0.5413,45.87,Fair
8431,1,1,0.9903,0.97,Critical
8432,1,1,0.5877,41.23,Fair
8433,0,0,0.2832,71.68,Good
8434,0,0,0.101,89.9,Excellent
8435,1,1,0.8083,19.17,Critical
8436,1,1,0.6319,36.81,Poor
8437,0,0,0.1745,82.55,Excellent
8438,0,0,0.1563,84.37,Excellent
8439,0,0,0.0557,94.43,Excellent
8440,0,0,0.1807,81.93,Excellent
8441,0,0,0.2139,78.61,Good
8442,0,0,0.0989,90.11,Excellent
8443,0,0,0.1515,84.85,Excellent
8444,0,0,0.1582,84.18,Excellent
8445,1,1,0.7039,29.61,Poor
8446,1,1,0.8084,19.16,Critical
8447,0,0,0.2334,76.66,Good
8448,0,0,0.2719,72.81,Good
8449,1,1,0.8635,13.65,Critical
8450,0,0,0.3752,62.48,Good
8451,1,1,0.77,23.0,Poor
8452,1,1,0.9851,1.49,Critical
8453,1,1,0.9024,9.76,Critical
8454,1,1,0.8257,17.43,Critical
8455,1,1,0.7887,21.13,Poor
8456,0,0,0.106,89.4,Excellent
8457,0,0,0.1591,84.09,Excellent
8458,0,0,0.1836,81.64,Excellent
8459,1,1,0.845,15.5,Critical
8460,1,1,0.7556,24.44,Poor
8461,0,0,0.1182,88.18,Excellent
8462,1,1,0.8887,11.13,Critical
8463,1,1,0.7078,29.22,Poor
8464,0,0,0.0782,92.18,Excellent
8465,1,1,0.9504,4.96,Critical
8466,0,0,0.1902,80.98,Excellent
8467,0,0,0.26,74.0,Good
8468,0,0,0.4947,50.53,Fair
8469,1,1,0.9615,3.85,Critical
8470,0,0,0.1552,84.48,Excellent
8471,0,0,0.1548,84.52,Excellent
8472,1,1,0.839,16.1,Critical
8473,1,1,0.9373,6.27,Critical
8474,1,1,0.8865,11.35,Critical
8475,0,0,0.1247,87.53,Excellent
8476,0,0,0.1999,80.01,Excellent
8477,1,1,0.852,14.8,Critical
8478,0,0,0.1016,89.84,Excellent
8479,1,1,0.6799,32.01,Poor
8480,1,1,0.856,14.4,Critical
8481,0,0,0.148,85.2,Excellent
8482,0,0,0.2372,76.28,Good
8483,0,0,0.0738,92.62,Excellent
8484,0,0,0.0898,91.02,Excellent
8485,0,0,0.1116,88.84,Excellent
8486,1,1,0.9671,3.29,Critical
8487,1,1,0.6659,33.41,Poor
8488,0,0,0.081,91.9,Excellent
8489,0,0,0.1882,81.18,Excellent
8490,1,1,0.8909,10.91,Critical
8491,0,0,0.1958,80.42,Excellent
8492,0,0,0.1153,88.47,Excellent
8493,1,1,0.946,5.4,Critical
8494,0,0,0.4703,52.97,Fair
8495,1,1,0.7927,20.73,Poor
8496,0,0,0.0617,93.83,Excellent
8497,0,0,0.2278,77.22,Good
8498,0,0,0.0286,97.14,Excellent
8499,0,0,0.2722,72.78,Good
8500,1,1,0.6783,32.17,Poor
8501,1,1,0.6186,38.14,Poor
8502,0,0,0.0925,90.75,Excellent
8503,0,0,0.1313,86.87,Excellent
8504,1,1,0.9153,8.47,Critical
8505,1,1,0.9526,4.74,Critical
8506,0,0,0.3825,61.75,Good
8507,1,1,0.9248,7.52,Critical
8508,0,0,0.077,92.3,Excellent
8509,0,0,0.142,85.8,Excellent
8510,0,0,0.0969,90.31,Excellent
8511,1,1,0.8541,14.59,Critical
8512,1,1,0.8205,17.95,Critical
8513,1,1,0.8458,15.42,Critical
8514,1,1,0.8992,10.08,Critical
8515,1,1,0.8763,12.37,Critical
8516,0,0,0.1278,87.22,Excellent
8517,0,0,0.3677,63.23,Good
8518,1,1,0.8955,10.45,Critical
8519,0,0,0.1121,88.79,Excellent
8520,0,0,0.1363,86.37,Excellent
8521,1,1,0.9,10.0,Critical
8522,0,0,0.2624,73.76,Good
8523,0,0,0.1824,81.76,Excellent
8524,0,0,0.1485,85.15,Excellent
8525,1,1,0.861,13.9,Critical
8526,1,1,0.984,1.6,Critical
8527,1,1,0.8515,14.85,Critical
8528,1,1,0.9341,6.59,Critical
8529,1,1,0.8803,11.97,Critical
8530,0,0,0.1985,80.15,Excellent
8531,1,1,0.8828,11.72,Critical
8532,0,0,0.0848,91.52,Excellent
8533,0,0,0.1279,87.21,Excellent
8534,1,1,0.8541,14.59,Critical
8535,1,1,0.9352,6.48,Critical
8536,0,0,0.0671,93.29,Excellent
8537,1,1,0.9011,9.89,Critical
8538,0,0,0.0624,93.76,Excellent
8539,0,0,0.1851,81.49,Excellent
8540,1,1,0.8408,15.92,Critical
8541,1,1,0.7509,24.91,Poor
8542,1,1,0.9274,7.26,Critical
8543,0,0,0.1633,83.67,Excellent
8544,0,0,0.1366,86.34,Excellent
8545,0,0,0.0909,90.91,Excellent
8546,1,1,0.9328,6.72,Critical
8547,0,0,0.1758,82.42,Excellent
8548,1,1,0.8753,12.47,Critical
8549,1,1,0.8821,11.79,Critical
8550,0,0,0.1723,82.77,Excellent
8551,1,1,0.9224,7.76,Critical
8552,1,1,0.77,23.0,Poor
8553,1,1,0.922,7.8,Critical
8554,1,1,0.7957,20.43,Poor
8555,0,0,0.394,60.6,Good
8556,1,1,0.8352,16.48,Critical
8557,0,0,0.224,77.6,Good
8558,1,1,0.8753,12.47,Critical
8559,0,0,0.2116,78.84,Good
8560,0,0,0.2347,76.53,Good
8561,0,0,0.2372,76.28,Good
8562,1,1,0.793,20.7,Poor
8563,1,1,0.8491,15.09,Critical
8564,0,0,0.071,92.9,Excellent
8565,1,1,0.8444,15.56,Critical
8566,1,1,0.9489,5.11,Critical
8567,0,0,0.1195,88.05,Excellent
8568,1,1,0.9879,1.21,Critical
8569,0,0,0.2973,70.27,Good
8570,1,1,0.8336,16.64,Critical
8571,0,0,0.1619,83.81,Excellent
8572,0,0,0.0421,95.79,Excellent
8573,0,0,0.2039,79.61,Good
8574,1,1,0.9014,9.86,Critical
8575,1,1,0.5969,40.31,Fair
8576,0,0,0.1356,86.44,Excellent
8577,0,0,0.4936,50.64,Fair
8578,0,0,0.1616,83.84,Excellent
8579,0,0,0.0854,91.46,Excellent
8580,0,0,0.0454,95.46,Excellent
8581,1,1,0.8602,13.98,Critical
8582,1,1,0.8173,18.27,Critical
8583,1,1,0.8819,11.81,Critical
8584,0,0,0.42,58.0,Fair
8585,0,0,0.0824,91.76,Excellent
8586,0,0,0.1633,83.67,Excellent
8587,1,1,0.852,14.8,Critical
8588,0,0,0.0997,90.03,Excellent
8589,0,0,0.113,88.7,Excellent
8590,1,1,0.9367,6.33,Critical
8591,0,0,0.1157,88.43,Excellent
8592,1,0,0.2291,77.09,Good
8593,1,1,0.9383,6.17,Critical
8594,0,0,0.067,93.3,Excellent
8595,0,0,0.0426,95.74,Excellent
8596,0,0,0.069,93.1,Excellent
8597,0,0,0.2162,78.38,Good
8598,0,0,0.1918,80.82,Excellent
8599,1,1,0.9545,4.55,Critical
8600,1,1,0.5044,49.56,Fair
8601,1,1,0.6821,31.79,Poor
8602,1,1,0.838,16.2,Critical
8603,0,0,0.1691,83.09,Excellent
8604,1,1,0.8949,10.51,Critical
8605,1,1,0.5412,45.88,Fair
8606,0,0,0.3611,63.89,Good
8607,1,1,0.9165,8.35,Critical
8608,0,0,0.3977,60.23,Good
8609,1,1,0.9549,4.51,Critical
8610,1,1,0.8622,13.78,Critical
8611,0,0,0.2444,75.56,Good
8612,0,0,0.0488,95.12,Excellent
8613,0,0,0.118,88.2,Excellent
8614,1,1,0.9116,8.84,Critical
8615,0,0,0.0216,97.84,Excellent
8616,0,0,0.113,88.7,Excellent
8617,1,1,0.8566,14.34,Critical
8618,1,1,0.956,4.4,Critical
8619,1,1,0.7408,25.92,Poor
8620,0,0,0.1769,82.31,Excellent
8621,1,1,0.9634,3.66,Critical
8622,1,1,0.6294,37.06,Poor
8623,1,1,0.7364,26.36,Poor
8624,0,0,0.1,90.0,Excellent
8625,1,1,0.9581,4.19,Critical
8626,1,1,0.9458,5.42,Critical
8627,1,1,0.5642,43.58,Fair
8628,1,1,0.7883,21.17,Poor
8629,1,1,0.7539,24.61,Poor
8630,1,1,0.8112,18.88,Critical
8631,0,0,0.4112,58.88,Fair
8632,0,0,0.0493,95.07,Excellent
8633,1,1,0.869,13.1,Critical
8634,0,0,0.0382,96.18,Excellent
8635,1,1,0.8443,15.57,Critical
8636,1,1,0.9028,9.72,Critical
8637,0,0,0.1603,83.97,Excellent
8638,1,1,0.9198,8.02,Critical
8639,0,0,0.2067,79.33,Good
8640,0,0,0.1398,86.02,Excellent
8641,0,0,0.235,76.5,Good
8642,1,1,0.89,11.0,Critical
8643,1,1,0.7868,21.32,Poor
8644,0,0,0.1975,80.25,Excellent
8645,0,1,0.556,44.4,Fair
8646,1,1,0.9453,5.47,Critical
8647,0,0,0.1181,88.19,Excellent
8648,1,1,0.9599,4.01,Critical
8649,0,0,0.1312,86.88,Excellent
8650,0,0,0.1817,81.83,Excellent
8651,1,1,0.6504,34.96,Poor
8652,0,0,0.1635,83.65,Excellent
8653,0,0,0.0352,96.48,Excellent
8654,1,1,0.6764,32.36,Poor
8655,0,0,0.0815,91.85,Excellent
8656,0,0,0.3148,68.52,Good
8657,0,0,0.1123,88.77,Excellent
8658,0,0,0.1178,88.22,Excellent
8659,1,1,0.8419,15.81,Critical
8660,1,1,0.8997,10.03,Critical
8661,1,1,0.7754,22.46,Poor
8662,0,0,0.149,85.1,Excellent
8663,0,0,0.0495,95.05,Excellent
8664,1,1,0.8916,10.84,Critical
8665,1,1,0.9382,6.18,Critical
8666,1,1,0.842,15.8,Critical
8667,1,1,0.8303,16.97,Critical
8668,0,0,0.1347,86.53,Excellent
8669,1,1,0.86,14.0,Critical
8670,0,0,0.0659,93.41,Excellent
8671,0,0,0.1373,86.27,Excellent
8672,0,0,0.2409,75.91,Good
8673,0,0,0.1069,89.31,Excellent
8674,0,0,0.1647,83.53,Excellent
8675,1,1,0.9121,8.79,Critical
8676,1,1,0.9397,6.03,Critical
8677,0,0,0.0435,95.65,Excellent
8678,1,1,0.8316,16.84,Critical
8679,1,1,0.8549,14.51,Critical
8680,0,0,0.162,83.8,Excellent
8681,0,0,0.1119,88.81,Excellent
8682,0,0,0.0546,94.54,Excellent
8683,0,0,0.099,90.1,Excellent
8684,0,0,0.0981,90.19,Excellent
8685,0,0,0.3172,68.28,Good
8686,1,1,0.943,5.7,Critical
8687,1,1,0.7558,24.42,Poor
8688,1,1,0.8621,13.79,Critical
8689,1,1,0.9608,3.92,Critical
8690,0,0,0.0667,93.33,Excellent
8691,0,0,0.1058,89.42,Excellent
8692,1,1,0.8663,13.37,Critical
8693,1,1,0.8646,13.54,Critical
8694,0,0,0.12,88.0,Excellent
8695,1,1,0.7879,21.21,Poor
8696,1,1,0.8314,16.86,Critical
8697,1,1,0.8508,14.92,Critical
8698,0,0,0.1673,83.27,Excellent
8699,1,1,0.9499,5.01,Critical
8700,0,0,0.1687,83.13,Excellent
8701,1,1,0.7629,23.71,Poor
8702,1,1,0.9625,3.75,Critical
8703,1,1,0.8245,17.55,Critical
8704,1,1,0.9426,5.74,Critical
8705,1,1,0.7801,21.99,Poor
8706,0,0,0.2276,77.24,Good
8707,1,0,0.3702,62.98,Good
8708,1,1,0.8702,12.98,Critical
8709,1,1,0.889,11.1,Critical
8710,1,1,0.917,8.3,Critical
8711,1,1,0.96,4.0,Critical
8712,0,0,0.1879,81.21,Excellent
8713,1,1,0.9245,7.55,Critical
8714,0,0,0.1527,84.73,Excellent
8715,1,1,0.7142,28.58,Poor
8716,1,1,0.9307,6.93,Critical
8717,1,1,0.9167,8.33,Critical
8718,1,1,0.9203,7.97,Critical
8719,1,1,0.7636,23.64,Poor
8720,0,0,0.1678,83.22,Excellent
8721,1,1,0.9523,4.77,Critical
8722,0,0,0.0434,95.66,Excellent
8723,0,0,0.241,75.9,Good
8724,1,1,0.9276,7.24,Critical
8725,0,0,0.0952,90.48,Excellent
8726,1,1,0.8196,18.04,Critical
8727,1,1,0.8499,15.01,Critical
8728,1,1,0.9489,5.11,Critical
8729,1,1,0.9188,8.12,Critical
8730,0,0,0.1449,85.51,Excellent
8731,1,1,0.9437,5.63,Critical
8732,1,1,0.8464,15.36,Critical
8733,1,1,0.7107,28.93,Poor
8734,0,0,0.1648,83.52,Excellent
8735,0,0,0.1653,83.47,Excellent
8736,0,0,0.2456,75.44,Good
8737,1,1,0.8973,10.27,Critical
8738,0,0,0.0951,90.49,Excellent
8739,0,0,0.4182,58.18,Fair
8740,0,0,0.1037,89.63,Excellent
8741,1,1,0.9574,4.26,Critical
8742,0,0,0.1843,81.57,Excellent
8743,1,1,0.7019,29.81,Poor
8744,0,0,0.1139,88.61,Excellent
8745,1,1,0.9186,8.14,Critical
8746,0,0,0.1044,89.56,Excellent
8747,1,1,0.9813,1.87,Critical
8748,0,0,0.1753,82.47,Excellent
8749,1,1,0.8751,12.49,Critical
8750,1,1,0.7569,24.31,Poor
8751,0,0,0.0812,91.88,Excellent
8752,1,1,0.9167,8.33,Critical
8753,0,0,0.2756,72.44,Good
8754,0,0,0.0761,92.39,Excellent
8755,0,0,0.1502,84.98,Excellent
8756,1,0,0.3577,64.23,Good
8757,0,0,0.1363,86.37,Excellent
8758,0,0,0.2974,70.26,Good
8759,0,0,0.0805,91.95,Excellent
8760,1,1,0.9261,7.39,Critical
8761,0,0,0.0633,93.67,Excellent
8762,0,0,0.0855,91.45,Excellent
8763,0,0,0.1062,89.38,Excellent
8764,1,1,0.9042,9.58,Critical
8765,1,1,0.548,45.2,Fair
8766,1,1,0.7867,21.33,Poor
8767,0,0,0.1102,88.98,Excellent
8768,1,1,0.8593,14.07,Critical
8769,1,1,0.739,26.1,Poor
8770,1,1,0.831,16.9,Critical
8771,1,1,0.7497,25.03,Poor
8772,0,0,0.1105,88.95,Excellent
8773,0,0,0.1369,86.31,Excellent
8774,1,1,0.975,2.5,Critical
8775,1,1,0.9663,3.37,Critical
8776,0,0,0.0742,92.58,Excellent
8777,1,1,0.9369,6.31,Critical
8778,0,0,0.1395,86.05,Excellent
8779,0,0,0.1774,82.26,Excellent
8780,0,0,0.2248,77.52,Good
8781,1,1,0.902,9.8,Critical
8782,0,0,0.0952,90.48,Excellent
8783,1,1,0.8795,12.05,Critical
8784,0,0,0.137,86.3,Excellent
8785,1,1,0.6366,36.34,Poor
8786,0,0,0.2955,70.45,Good
8787,1,1,0.9594,4.06,Critical
8788,1,1,0.9169,8.31,Critical
8789,1,1,0.9449,5.51,Critical
8790,1,1,0.8886,11.14,Critical
8791,1,1,0.826,17.4,Critical
8792,1,1,0.858,14.2,Critical
8793,1,1,0.9048,9.52,Critical
8794,1,1,0.604,39.6,Poor
8795,1,1,0.5157,48.43,Fair
8796,0,0,0.1072,89.28,Excellent
8797,0,0,0.3161,68.39,Good
8798,1,1,0.9588,4.12,Critical
8799,0,0,0.1223,87.77,Excellent
8800,0,0,0.1227,87.73,Excellent
8801,0,0,0.1964,80.36,Excellent
8802,1,1,0.9585,4.15,Critical
8803,0,0,0.1025,89.75,Excellent
8804,0,0,0.058,94.2,Excellent
8805,0,0,0.0876,91.24,Excellent
8806,1,1,0.6277,37.23,Poor
8807,1,1,0.9857,1.43,Critical
8808,0,0,0.0675,93.25,Excellent
8809,1,1,0.8544,14.56,Critical
8810,0,0,0.0808,91.92,Excellent
8811,0,0,0.1941,80.59,Excellent
8812,1,1,0.8245,17.55,Critical
8813,0,0,0.1304,86.96,Excellent
8814,1,1,0.8506,14.94,Critical
8815,1,1,0.8185,18.15,Critical
8816,1,1,0.8643,13.57,Critical
8817,0,0,0.2055,79.45,Good
8818,0,0,0.0693,93.07,Excellent
8819,1,1,0.9495,5.05,Critical
8820,0,0,0.1146,88.54,Excellent
8821,0,0,0.2675,73.25,Good
8822,0,0,0.1222,87.78,Excellent
8823,1,1,0.5983,40.17,Fair
8824,1,1,0.6392,36.08,Poor
8825,1,1,0.8477,15.23,Critical
8826,0,0,0.0657,93.43,Excellent
8827,1,1,0.6596,34.04,Poor
8828,0,0,0.1537,84.63,Excellent
8829,1,1,0.8704,12.96,Critical
8830,0,0,0.108,89.2,Excellent
8831,0,0,0.1263,87.37,Excellent
8832,1,1,0.7749,22.51,Poor
8833,0,0,0.4157,58.43,Fair
8834,0,0,0.0697,93.03,Excellent
8835,0,0,0.0449,95.51,Excellent
8836,1,1,0.926,7.4,Critical
8837,1,1,0.9401,5.99,Critical
8838,1,1,0.6023,39.77,Poor
8839,0,0,0.1581,84.19,Excellent
8840,1,1,0.8688,13.12,Critical
8841,1,1,0.8452,15.48,Critical
8842,1,1,0.8842,11.58,Critical
8843,1,1,0.5487,45.13,Fair
8844,0,0,0.0977,90.23,Excellent
8845,1,1,0.8306,16.94,Critical
8846,1,1,0.9555,4.45,Critical
8847,1,0,0.293,70.7,Good
8848,0,0,0.0422,95.78,Excellent
8849,1,1,0.9771,2.29,Critical
8850,1,1,0.8744,12.56,Critical
8851,1,1,0.7248,27.52,Poor
8852,0,0,0.3353,66.47,Good
8853,0,0,0.3092,69.08,Good
8854,0,0,0.3302,66.98,Good
8855,0,0,0.2797,72.03,Good
8856,0,0,0.0967,90.33,Excellent
8857,0,0,0.2426,75.74,Good
8858,1,1,0.9118,8.82,Critical
8859,1,1,0.6155,38.45,Poor
8860,0,0,0.4147,58.53,Fair
8861,0,0,0.0507,94.93,Excellent
8862,1,1,0.8971,10.29,Critical
8863,1,1,0.9008,9.92,Critical
8864,0,0,0.1151,88.49,Excellent
8865,1,1,0.8301,16.99,Critical
8866,0,1,0.5345,46.55,Fair
8867,0,0,0.2245,77.55,Good
8868,0,0,0.1266,87.34,Excellent
8869,1,1,0.549,45.1,Fair
8870,0,0,0.16,84.0,Excellent
8871,0,0,0.2351,76.49,Good
8872,0,0,0.1919,80.81,Excellent
8873,0,0,0.0358,96.42,Excellent
8874,1,1,0.7989,20.11,Poor
8875,1,1,0.8889,11.11,Critical
8876,0,0,0.0995,90.05,Excellent
8877,0,0,0.1905,80.95,Excellent
8878,0,0,0.0711,92.89,Excellent
8879,0,0,0.109,89.1,Excellent
8880,0,0,0.1418,85.82,Excellent
8881,1,1,0.9793,2.07,Critical
8882,0,0,0.1446,85.54,Excellent
8883,1,1,0.7958,20.42,Poor
8884,0,0,0.0958,90.42,Excellent
8885,0,0,0.1683,83.17,Excellent
8886,0,0,0.277,72.3,Good
8887,1,1,0.9558,4.42,Critical
8888,0,0,0.2462,75.38,Good
8889,1,1,0.6366,36.34,Poor
8890,0,0,0.3505,64.95,Good
8891,0,0,0.1228,87.72,Excellent
8892,1,1,0.7774,22.26,Poor
8893,0,0,0.178,82.2,Excellent
8894,0,0,0.0546,94.54,Excellent
8895,1,1,0.7849,21.51,Poor
8896,0,0,0.274,72.6,Good
8897,0,0,0.0542,94.58,Excellent
8898,1,1,0.6321,36.79,Poor
8899,0,0,0.1354,86.46,Excellent
8900,0,0,0.0695,93.05,Excellent
8901,0,0,0.2641,73.59,Good
8902,1,1,0.8635,13.65,Critical
8903,0,0,0.309,69.1,Good
8904,1,1,0.9234,7.66,Critical
8905,1,1,0.6278,37.22,Poor
8906,0,0,0.2195,78.05,Good
8907,0,0,0.2782,72.18,Good
8908,0,0,0.1907,80.93,Excellent
8909,1,1,0.7796,22.04,Poor
8910,1,1,0.8751,12.49,Critical
8911,1,1,0.8795,12.05,Critical
8912,0,0,0.3567,64.33,Good
8913,1,1,0.9072,9.28,Critical
8914,1,1,0.8794,12.06,Critical
8915,0,0,0.2246,77.54,Good
8916,0,0,0.0763,92.37,Excellent
8917,1,1,0.9224,7.76,Critical
8918,0,0,0.1194,88.06,Excellent
8919,0,0,0.4409,55.91,Fair
8920,0,0,0.1218,87.82,Excellent
8921,1,1,0.785,21.5,Poor
8922,0,0,0.1839,81.61,Excellent
8923,1,1,0.9562,4.38,Critical
8924,1,1,0.8965,10.35,Critical
8925,0,0,0.1727,82.73,Excellent
8926,0,0,0.1176,88.24,Excellent
8927,0,0,0.4834,51.66,Fair
8928,1,1,0.7485,25.15,Poor
8929,1,1,0.6746,32.54,Poor
8930,0,0,0.1617,83.83,Excellent
8931,0,0,0.1951,80.49,Excellent
8932,0,0,0.0527,94.73,Excellent
8933,0,0,0.1099,89.01,Excellent
8934,0,0,0.1331,86.69,Excellent
8935,0,0,0.0398,96.02,Excellent
8936,0,0,0.1156,88.44,Excellent
8937,0,0,0.1782,82.18,Excellent
8938,1,1,0.9141,8.59,Critical
8939,1,1,0.835,16.5,Critical
8940,0,0,0.168,83.2,Excellent
8941,0,0,0.0981,90.19,Excellent
8942,0,0,0.1551,84.49,Excellent
8943,1,1,0.908,9.2,Critical
8944,1,1,0.6504,34.96,Poor
8945,0,0,0.107,89.3,Excellent
8946,1,1,0.5956,40.44,Fair
8947,1,1,0.7688,23.12,Poor
8948,0,0,0.0542,94.58,Excellent
8949,0,0,0.1216,87.84,Excellent
8950,1,1,0.9412,5.88,Critical
8951,1,1,0.7352,26.48,Poor
8952,1,1,0.6363,36.37,Poor
8953,0,0,0.1493,85.07,Excellent
8954,1,1,0.6142,38.58,Poor
8955,0,0,0.2881,71.19,Good
8956,0,0,0.1649,83.51,Excellent
8957,1,1,0.9261,7.39,Critical
8958,1,1,0.8634,13.66,Critical
8959,0,0,0.0587,94.13,Excellent
8960,1,1,0.7587,24.13,Poor
8961,1,1,0.8866,11.34,Critical
8962,0,0,0.2247,77.53,Good
8963,1,1,0.7184,28.16,Poor
8964,0,0,0.1219,87.81,Excellent
8965,1,1,0.5698,43.02,Fair
8966,1,1,0.83,17.0,Critical
8967,0,0,0.1334,86.66,Excellent
8968,1,1,0.9081,9.19,Critical
8969,1,1,0.7844,21.56,Poor
8970,1,1,0.9778,2.22,Critical
8971,0,0,0.1808,81.92,Excellent
8972,1,1,0.867,13.3,Critical
8973,1,1,0.9724,2.76,Critical
8974,1,1,0.8307,16.93,Critical
8975,1,1,0.8921,10.79,Critical
8976,0,0,0.2875,71.25,Good
8977,1,1,0.9473,5.27,Critical
8978,1,1,0.6498,35.02,Poor
8979,1,1,0.8765,12.35,Critical
8980,0,0,0.2546,74.54,Good
8981,0,0,0.1525,84.75,Excellent
8982,0,0,0.1063,89.37,Excellent
8983,0,0,0.0254,97.46,Excellent
8984,0,0,0.1024,89.76,Excellent
8985,1,1,0.7507,24.93,Poor
8986,0,0,0.1007,89.93,Excellent
8987,0,0,0.3286,67.14,Good
8988,1,1,0.6188,38.12,Poor
8989,1,1,0.7664,23.36,Poor
8990,1,1,0.8934,10.66,Critical
8991,0,0,0.1924,80.76,Excellent
8992,0,0,0.0963,90.37,Excellent
8993,1,1,0.8267,17.33,Critical
8994,1,1,0.9127,8.73,Critical
8995,0,0,0.172,82.8,Excellent
8996,0,0,0.0894,91.06,Excellent
8997,1,1,0.628,37.2,Poor
8998,1,1,0.8351,16.49,Critical
8999,0,0,0.1401,85.99,Excellent
9000,0,0,0.1601,83.99,Excellent
9001,1,1,0.9449,5.51,Critical
9002,0,0,0.1137,88.63,Excellent
9003,1,1,0.8696,13.04,Critical
9004,0,0,0.2408,75.92,Good
9005,0,0,0.2396,76.04,Good
9006,0,0,0.2013,79.87,Good
9007,1,1,0.9325,6.75,Critical
9008,0,0,0.0706,92.94,Excellent
9009,0,0,0.2234,77.66,Good
9010,0,0,0.0908,90.92,Excellent
9011,0,0,0.1282,87.18,Excellent
9012,0,0,0.2415,75.85,Good
9013,1,1,0.7828,21.72,Poor
9014,1,1,0.9358,6.42,Critical
9015,0,0,0.0526,94.74,Excellent
9016,0,0,0.0831,91.69,Excellent
9017,0,0,0.1679,83.21,Excellent
9018,1,1,0.8345,16.55,Critical
9019,0,0,0.2269,77.31,Good
9020,1,1,0.9622,3.78,Critical
9021,1,1,0.7839,21.61,Poor
9022,0,0,0.1036,89.64,Excellent
9023,0,0,0.2051,79.49,Good
9024,1,1,0.8614,13.86,Critical
9025,0,0,0.15,85.0,Excellent
9026,0,0,0.2748,72.52,Good
9027,1,1,0.8769,12.31,Critical
9028,0,0,0.0815,91.85,Excellent
9029,0,0,0.0356,96.44,Excellent
9030,1,0,0.4306,56.94,Fair
9031,0,0,0.1189,88.11,Excellent
9032,0,0,0.1018,89.82,Excellent
9033,0,0,0.3529,64.71,Good
9034,1,1,0.9009,9.91,Critical
9035,0,0,0.2223,77.77,Good
9036,1,1,0.829,17.1,Critical
9037,1,1,0.9412,5.88,Critical
9038,0,0,0.1125,88.75,Excellent
9039,0,0,0.4117,58.83,Fair
9040,0,0,0.1072,89.28,Excellent
9041,0,0,0.0865,91.35,Excellent
9042,0,0,0.1482,85.18,Excellent
9043,1,1,0.9438,5.62,Critical
9044,0,0,0.0941,90.59,Excellent
9045,0,0,0.0794,92.06,Excellent
9046,0,0,0.1072,89.28,Excellent
9047,0,0,0.2116,78.84,Good
9048,1,1,0.9329,6.71,Critical
9049,0,0,0.1591,84.09,Excellent
9050,1,1,0.7478,25.22,Poor
9051,0,0,0.1116,88.84,Excellent
9052,0,0,0.1534,84.66,Excellent
9053,1,1,0.8732,12.68,Critical
9054,0,0,0.1297,87.03,Excellent
9055,1,0,0.3739,62.61,Good
9056,0,0,0.0929,90.71,Excellent
9057,1,1,0.928,7.2,Critical
9058,0,0,0.0779,92.21,Excellent
9059,1,1,0.8479,15.21,Critical
9060,1,1,0.9202,7.98,Critical
9061,0,0,0.2476,75.24,Good
9062,0,0,0.0993,90.07,Excellent
9063,1,0,0.3091,69.09,Good
9064,1,1,0.656,34.4,Poor
9065,0,0,0.1765,82.35,Excellent
9066,1,1,0.859,14.1,Critical
9067,1,1,0.9031,9.69,Critical
9068,1,1,0.8655,13.45,Critical
9069,1,1,0.9385,6.15,Critical
9070,0,0,0.0799,92.01,Excellent
9071,0,0,0.1342,86.58,Excellent
9072,1,1,0.6887,31.13,Poor
9073,0,0,0.1404,85.96,Excellent
9074,1,1,0.7632,23.68,Poor
9075,1,1,0.5901,40.99,Fair
9076,0,0,0.2559,74.41,Good
9077,1,1,0.9466,5.34,Critical
9078,0,0,0.1859,81.41,Excellent
9079,1,1,0.8388,16.12,Critical
9080,1,1,0.955,4.5,Critical
9081,0,0,0.1244,87.56,Excellent
9082,1,1,0.7525,24.75,Poor
9083,1,1,0.9403,5.97,Critical
9084,0,0,0.1408,85.92,Excellent
9085,1,1,0.6628,33.72,Poor
9086,1,1,0.9083,9.17,Critical
9087,0,0,0.184,81.6,Excellent
9088,1,1,0.8384,16.16,Critical
9089,0,0,0.0972,90.28,Excellent
9090,1,1,0.95,5.0,Critical
9091,0,0,0.1495,85.05,Excellent
9092,0,0,0.0695,93.05,Excellent
9093,1,1,0.6738,32.62,Poor
9094,0,0,0.164,83.6,Excellent
9095,1,1,0.72,28.0,Poor
9096,1,1,0.6993,30.07,Poor
9097,1,1,0.8916,10.84,Critical
9098,0,0,0.1751,82.49,Excellent
9099,0,0,0.1719,82.81,Excellent
9100,0,0,0.1165,88.35,Excellent
9101,1,1,0.5108,48.92,Fair
9102,0,0,0.3135,68.65,Good
9103,0,0,0.0723,92.77,Excellent
9104,1,1,0.8969,10.31,Critical
9105,0,0,0.14,86.0,Excellent
9106,1,1,0.8615,13.85,Critical
9107,0,0,0.126,87.4,Excellent
9108,1,1,0.6203,37.97,Poor
9109,1,1,0.8794,12.06,Critical
9110,0,0,0.1192,88.08,Excellent
9111,0,0,0.1737,82.63,Excellent
9112,1,0,0.4294,57.06,Fair
9113,1,1,0.6669,33.31,Poor
9114,0,0,0.1323,86.77,Excellent
9115,1,1,0.8557,14.43,Critical
9116,1,1,0.7283,27.17,Poor
9117,0,0,0.1156,88.44,Excellent
9118,0,0,0.179,82.1,Excellent
9119,0,0,0.4348,56.52,Fair
9120,1,1,0.8295,17.05,Critical
9121,1,1,0.8382,16.18,Critical
9122,1,1,0.823,17.7,Critical
9123,1,1,0.6032,39.68,Poor
9124,1,0,0.4207,57.93,Fair
9125,1,1,0.9021,9.79,Critical
9126,0,0,0.1183,88.17,Excellent
9127,1,1,0.6595,34.05,Poor
9128,1,1,0.925,7.5,Critical
9129,1,1,0.9368,6.32,Critical
9130,0,0,0.1465,85.35,Excellent
9131,0,0,0.1341,86.59,Excellent
9132,1,1,0.7198,28.02,Poor
9133,1,1,0.8192,18.08,Critical
9134,1,1,0.9177,8.23,Critical
9135,1,1,0.895,10.5,Critical
9136,0,0,0.2328,76.72,Good
9137,0,0,0.1771,82.29,Excellent
9138,0,0,0.1352,86.48,Excellent
9139,0,0,0.1351,86.49,Excellent
9140,1,1,0.7528,24.72,Poor
9141,1,1,0.8464,15.36,Critical
9142,1,1,0.7274,27.26,Poor
9143,1,1,0.8369,16.31,Critical
9144,1,1,0.9416,5.84,Critical
9145,1,1,0.9583,4.17,Critical
9146,1,1,0.9066,9.34,Critical
9147,0,0,0.2507,74.93,Good
9148,0,0,0.0833,91.67,Excellent
9149,1,1,0.7387,26.13,Poor
9150,0,0,0.1875,81.25,Excellent
9151,0,0,0.0727,92.73,Excellent
9152,0,0,0.114,88.6,Excellent
9153,0,0,0.1514,84.86,Excellent
9154,1,1,0.829,17.1,Critical
9155,0,0,0.1293,87.07,Excellent
9156,0,0,0.1281,87.19,Excellent
9157,1,1,0.8917,10.83,Critical
9158,0,0,0.1071,89.29,Excellent
9159,1,1,0.6691,33.09,Poor
9160,0,0,0.1381,86.19,Excellent
9161,0,0,0.0626,93.74,Excellent
9162,0,0,0.2338,76.62,Good
9163,0,0,0.2582,74.18,Good
9164,1,1,0.9814,1.86,Critical
9165,1,1,0.8765,12.35,Critical
9166,1,1,0.9384,6.16,Critical
9167,1,1,0.9676,3.24,Critical
9168,0,0,0.2286,77.14,Good
9169,0,0,0.229,77.1,Good
9170,1,1,0.597,40.3,Fair
9171,1,1,0.833,16.7,Critical
9172,1,1,0.8913,10.87,Critical
9173,0,0,0.107,89.3,Excellent
9174,1,1,0.9251,7.49,Critical
9175,1,1,0.792,20.8,Poor
9176,0,0,0.1125,88.75,Excellent
9177,0,0,0.0786,92.14,Excellent
9178,0,0,0.1356,86.44,Excellent
9179,0,0,0.1325,86.75,Excellent
9180,1,1,0.7401,25.99,Poor
9181,0,0,0.0808,91.92,Excellent
9182,0,0,0.0484,95.16,Excellent
9183,0,0,0.1153,88.47,Excellent
9184,0,0,0.2769,72.31,Good
9185,1,1,0.9546,4.54,Critical
9186,1,1,0.6948,30.52,Poor
9187,1,1,0.9285,7.15,Critical
9188,1,1,0.6318,36.82,Poor
9189,0,0,0.0988,90.12,Excellent
9190,1,1,0.8355,16.45,Critical
9191,1,1,0.8324,16.76,Critical
9192,1,1,0.7867,21.33,Poor
9193,0,0,0.1905,80.95,Excellent
9194,0,0,0.1057,89.43,Excellent
9195,1,1,0.8162,18.38,Critical
9196,0,0,0.2022,79.78,Good
9197,1,1,0.9322,6.78,Critical
9198,0,0,0.4641,53.59,Fair
9199,0,0,0.2917,70.83,Good
9200,0,0,0.0819,91.81,Excellent
9201,0,0,0.206,79.4,Good
9202,0,0,0.2372,76.28,Good
9203,1,1,0.8861,11.39,Critical
9204,0,0,0.1106,88.94,Excellent
9205,1,1,0.9799,2.01,Critical
9206,1,1,0.8475,15.25,Critical
9207,0,0,0.2032,79.68,Good
9208,1,1,0.817,18.3,Critical
9209,0,0,0.1514,84.86,Excellent
9210,1,1,0.8298,17.02,Critical
9211,1,1,0.9848,1.52,Critical
9212,1,1,0.9158,8.42,Critical
9213,0,0,0.0852,91.48,Excellent
9214,0,1,0.5713,42.87,Fair
9215,1,1,0.8936,10.64,Critical
9216,0,0,0.099,90.1,Excellent
9217,0,0,0.1831,81.69,Excellent
9218,0,0,0.0511,94.89,Excellent
9219,1,1,0.8267,17.33,Critical
9220,1,1,0.8783,12.17,Critical
9221,1,1,0.8858,11.42,Critical
9222,0,0,0.1252,87.48,Excellent
9223,0,0,0.3392,66.08,Good
9224,1,1,0.9783,2.17,Critical
9225,1,1,0.8394,16.06,Critical
9226,0,0,0.1301,86.99,Excellent
9227,1,1,0.8718,12.82,Critical
9228,1,1,0.5714,42.86,Fair
9229,1,1,0.8948,10.52,Critical
9230,0,1,0.5485,45.15,Fair
9231,0,0,0.098,90.2,Excellent
9232,0,0,0.2515,74.85,Good
9233,0,0,0.3393,66.07,Good
9234,1,1,0.8675,13.25,Critical
9235,0,0,0.0885,91.15,Excellent
9236,1,1,0.967,3.3,Critical
9237,0,0,0.0632,93.68,Excellent
9238,0,0,0.2574,74.26,Good
9239,0,0,0.1066,89.34,Excellent
9240,1,1,0.8085,19.15,Critical
9241,1,1,0.8824,11.76,Critical
9242,0,0,0.0818,91.82,Excellent
9243,0,0,0.0781,92.19,Excellent
9244,1,1,0.8687,13.13,Critical
9245,1,1,0.8188,18.12,Critical
9246,0,0,0.1337,86.63,Excellent
9247,1,1,0.8526,14.74,Critical
9248,0,0,0.266,73.4,Good
9249,1,1,0.9739,2.61,Critical
9250,0,0,0.0676,93.24,Excellent
9251,0,0,0.2597,74.03,Good
9252,1,1,0.8593,14.07,Critical
9253,1,1,0.9701,2.99,Critical
9254,0,0,0.1621,83.79,Excellent
9255,1,1,0.9118,8.82,Critical
9256,1,1,0.985,1.5,Critical
9257,1,1,0.673,32.7,Poor
9258,1,1,0.8753,12.47,Critical
9259,0,0,0.1104,88.96,Excellent
9260,0,0,0.1215,87.85,Excellent
9261,1,1,0.7708,22.92,Poor
9262,0,0,0.1543,84.57,Excellent
9263,0,0,0.173,82.7,Excellent
9264,0,0,0.1904,80.96,Excellent
9265,0,0,0.0636,93.64,Excellent
9266,0,0,0.1442,85.58,Excellent
9267,1,1,0.9767,2.33,Critical
9268,0,0,0.2227,77.73,Good
9269,1,1,0.858,14.2,Critical
9270,0,0,0.1282,87.18,Excellent
9271,0,0,0.0736,92.64,Excellent
9272,0,0,0.1081,89.19,Excellent
9273,1,1,0.959,4.1,Critical
9274,1,1,0.9173,8.27,Critical
9275,1,1,0.9257,7.43,Critical
9276,0,0,0.2122,78.78,Good
9277,0,0,0.1145,88.55,Excellent
9278,0,0,0.1706,82.94,Excellent
9279,0,0,0.0846,91.54,Excellent
9280,0,0,0.0637,93.63,Excellent
9281,1,1,0.6857,31.43,Poor
9282,1,1,0.8794,12.06,Critical
9283,0,0,0.1177,88.23,Excellent
9284,1,1,0.6959,30.41,Poor
9285,1,1,0.8574,14.26,Critical
9286,1,1,0.8152,18.48,Critical
9287,1,1,0.5977,40.23,Fair
9288,0,0,0.4539,54.61,Fair
9289,0,0,0.0478,95.22,Excellent
9290,0,0,0.1417,85.83,Excellent
9291,1,1,0.7086,29.14,Poor
9292,1,1,0.5903,40.97,Fair
9293,0,0,0.3131,68.69,Good
9294,0,0,0.2557,74.43,Good
9295,1,1,0.7883,21.17,Poor
9296,1,1,0.8057,19.43,Critical
9297,1,1,0.898,10.2,Critical
9298,1,1,0.7673,23.27,Poor
9299,0,0,0.1471,85.29,Excellent
9300,1,1,0.8487,15.13,Critical
9301,0,0,0.0792,92.08,Excellent
9302,0,0,0.1174,88.26,Excellent
9303,0,0,0.1452,85.48,Excellent
9304,1,1,0.8966,10.34,Critical
9305,1,1,0.9569,4.31,Critical
9306,1,1,0.8207,17.93,Critical
9307,1,1,0.9024,9.76,Critical
9308,1,1,0.8107,18.93,Critical
9309,1,1,0.9783,2.17,Critical
9310,1,0,0.2956,70.44,Good
9311,0,0,0.1994,80.06,Excellent
9312,1,1,0.9067,9.33,Critical
9313,1,1,0.9074,9.26,Critical
9314,0,0,0.0228,97.72,Excellent
9315,0,0,0.2089,79.11,Good
9316,1,1,0.912,8.8,Critical
9317,0,0,0.0922,90.78,Excellent
9318,1,1,0.5633,43.67,Fair
9319,1,1,0.9531,4.69,Critical
9320,0,0,0.0883,91.17,Excellent
9321,1,1,0.8153,18.47,Critical
9322,0,0,0.373,62.7,Good
9323,1,1,0.8317,16.83,Critical
9324,1,1,0.6578,34.22,Poor
9325,0,0,0.2653,73.47,Good
9326,0,0,0.1642,83.58,Excellent
9327,0,0,0.2552,74.48,Good
9328,1,1,0.8815,11.85,Critical
9329,0,0,0.083,91.7,Excellent
9330,1,1,0.9494,5.06,Critical
9331,1,1,0.7638,23.62,Poor
9332,1,1,0.8533,14.67,Critical
9333,0,0,0.1681,83.19,Excellent
9334,0,0,0.0963,90.37,Excellent
9335,0,0,0.1443,85.57,Excellent
9336,0,0,0.1322,86.78,Excellent
9337,1,1,0.9258,7.42,Critical
9338,0,0,0.209,79.1,Good
9339,1,1,0.8892,11.08,Critical
9340,0,0,0.2923,70.77,Good
9341,0,0,0.0824,91.76,Excellent
9342,0,0,0.1148,88.52,Excellent
9343,1,1,0.8596,14.04,Critical
9344,0,0,0.1852,81.48,Excellent
9345,1,1,0.9176,8.24,Critical
9346,1,0,0.4858,51.42,Fair
9347,0,0,0.2382,76.18,Good
9348,0,0,0.2612,73.88,Good
9349,1,1,0.9447,5.53,Critical
9350,1,1,0.9005,9.95,Critical
9351,0,0,0.087,91.3,Excellent
9352,1,1,0.9597,4.03,Critical
9353,1,1,0.6378,36.22,Poor
9354,1,1,0.9593,4.07,Critical
9355,0,0,0.2689,73.11,Good
9356,0,0,0.0925,90.75,Excellent
9357,1,1,0.9685,3.15,Critical
9358,1,1,0.9369,6.31,Critical
9359,0,0,0.0906,90.94,Excellent
9360,1,1,0.73,27.0,Poor
9361,0,0,0.0993,90.07,Excellent
9362,1,1,0.9222,7.78,Critical
9363,1,1,0.8412,15.88,Critical
9364,0,0,0.1754,82.46,Excellent
9365,1,1,0.9642,3.58,Critical
9366,0,0,0.0745,92.55,Excellent
9367,1,1,0.6784,32.16,Poor
9368,0,0,0.1158,88.42,Excellent
9369,0,0,0.1071,89.29,Excellent
9370,0,0,0.0536,94.64,Excellent
9371,1,0,0.4134,58.66,Fair
9372,1,1,0.9056,9.44,Critical
9373,0,0,0.2069,79.31,Good
9374,1,1,0.9434,5.66,Critical
9375,1,1,0.9855,1.45,Critical
9376,0,0,0.1466,85.34,Excellent
9377,0,0,0.2899,71.01,Good
9378,0,0,0.1712,82.88,Excellent
9379,0,0,0.1613,83.87,Excellent
9380,0,0,0.2746,72.54,Good
9381,1,1,0.8149,18.51,Critical
9382,1,1,0.8434,15.66,Critical
9383,0,0,0.1196,88.04,Excellent
9384,1,1,0.9403,5.97,Critical
9385,1,1,0.948,5.2,Critical
9386,0,0,0.0457,95.43,Excellent
9387,0,0,0.1096,89.04,Excellent
9388,0,0,0.0772,92.28,Excellent
9389,0,0,0.0672,93.28,Excellent
9390,1,1,0.8605,13.95,Critical
9391,0,0,0.1904,80.96,Excellent
9392,0,0,0.0979,90.21,Excellent
9393,0,0,0.1012,89.88,Excellent
9394,0,0,0.0434,95.66,Excellent
9395,1,1,0.708,29.2,Poor
9396,0,0,0.071,92.9,Excellent
9397,0,0,0.0595,94.05,Excellent
9398,0,0,0.0823,91.77,Excellent
9399,0,0,0.1305,86.95,Excellent
9400,1,1,0.7465,25.35,Poor
9401,0,0,0.0966,90.34,Excellent
9402,1,1,0.595,40.5,Fair
9403,0,0,0.0986,90.14,Excellent
9404,1,1,0.8562,14.38,Critical
9405,0,0,0.1338,86.62,Excellent
9406,1,1,0.9447,5.53,Critical
9407,0,0,0.1005,89.95,Excellent
9408,0,0,0.1189,88.11,Excellent
9409,1,1,0.933,6.7,Critical
9410,0,0,0.1864,81.36,Excellent
9411,1,1,0.8526,14.74,Critical
9412,0,0,0.2884,71.16,Good
9413,1,1,0.8841,11.59,Critical
9414,1,1,0.893,10.7,Critical
9415,1,1,0.9228,7.72,Critical
9416,1,1,0.7781,22.19,Poor
9417,1,1,0.7494,25.06,Poor
9418,0,0,0.0494,95.06,Excellent
9419,1,1,0.8801,11.99,Critical
9420,1,1,0.7508,24.92,Poor
9421,0,0,0.3901,60.99,Good
9422,0,0,0.1181,88.19,Excellent
9423,1,1,0.8852,11.48,Critical
9424,0,0,0.1334,86.66,Excellent
9425,0,0,0.3775,62.25,Good
9426,1,1,0.8848,11.52,Critical
9427,0,0,0.085,91.5,Excellent
9428,0,0,0.1722,82.78,Excellent
9429,0,0,0.1156,88.44,Excellent
9430,1,1,0.74,26.0,Poor
9431,1,0,0.3891,61.09,Good
9432,1,1,0.966,3.4,Critical
9433,1,1,0.7383,26.17,Poor
9434,0,0,0.0269,97.31,Excellent
9435,0,0,0.1705,82.95,Excellent
9436,0,0,0.0884,91.16,Excellent
9437,0,0,0.1028,89.72,Excellent
9438,1,1,0.8904,10.96,Critical
9439,1,1,0.9701,2.99,Critical
9440,0,0,0.1549,84.51,Excellent
9441,0,0,0.0601,93.99,Excellent
9442,0,0,0.0433,95.67,Excellent
9443,0,0,0.0792,92.08,Excellent
9444,1,1,0.8184,18.16,Critical
9445,0,0,0.1822,81.78,Excellent
9446,0,0,0.344,65.6,Good
9447,1,0,0.4809,51.91,Fair
9448,1,1,0.8013,19.87,Critical
9449,1,1,0.82,18.0,Critical
9450,0,0,0.1382,86.18,Excellent
9451,0,0,0.2307,76.93,Good
9452,0,0,0.1956,80.44,Excellent
9453,1,1,0.8862,11.38,Critical
9454,0,0,0.2521,74.79,Good
9455,0,0,0.1545,84.55,Excellent
9456,1,0,0.4671,53.29,Fair
9457,1,1,0.7043,29.57,Poor
9458,1,1,0.7571,24.29,Poor
9459,0,0,0.1025,89.75,Excellent
9460,0,0,0.2588,74.12,Good
9461,0,0,0.1628,83.72,Excellent
9462,1,0,0.4306,56.94,Fair
9463,0,0,0.1592,84.08,Excellent
9464,0,0,0.0334,96.66,Excellent
9465,0,0,0.1344,86.56,Excellent
9466,0,0,0.1791,82.09,Excellent
9467,1,1,0.7498,25.02,Poor
9468,1,1,0.7334,26.66,Poor
9469,1,1,0.9178,8.22,Critical
9470,1,1,0.9231,7.69,Critical
9471,1,1,0.819,18.1,Critical
9472,0,0,0.091,90.9,Excellent
9473,1,1,0.7278,27.22,Poor
9474,1,1,0.8493,15.07,Critical
9475,0,0,0.1761,82.39,Excellent
9476,0,0,0.2764,72.36,Good
9477,0,0,0.0974,90.26,Excellent
9478,0,0,0.2952,70.48,Good
9479,1,1,0.9307,6.93,Critical
9480,1,1,0.9365,6.35,Critical
9481,0,0,0.0814,91.86,Excellent
9482,1,1,0.9789,2.11,Critical
9483,0,0,0.4186,58.14,Fair
9484,0,0,0.1447,85.53,Excellent
9485,0,0,0.1946,80.54,Excellent
9486,0,0,0.0892,91.08,Excellent
9487,0,0,0.2084,79.16,Good
9488,1,1,0.9599,4.01,Critical
9489,1,1,0.8494,15.06,Critical
9490,0,0,0.1217,87.83,Excellent
9491,0,0,0.1198,88.02,Excellent
9492,1,1,0.6003,39.97,Poor
9493,1,1,0.9102,8.98,Critical
9494,0,0,0.1819,81.81,Excellent
9495,0,0,0.1046,89.54,Excellent
9496,1,1,0.5504,44.96,Fair
9497,1,1,0.8311,16.89,Critical
9498,0,0,0.2286,77.14,Good
9499,0,0,0.2328,76.72,Good
9500,1,1,0.8152,18.48,Critical
9501,1,1,0.8052,19.48,Critical
9502,1,1,0.858,14.2,Critical
9503,1,1,0.7999,20.01,Poor
9504,0,0,0.0645,93.55,Excellent
9505,1,1,0.943,5.7,Critical
9506,0,0,0.145,85.5,Excellent
9507,1,1,0.9837,1.63,Critical
9508,1,1,0.856,14.4,Critical
9509,0,0,0.0598,94.02,Excellent
9510,1,1,0.9608,3.92,Critical
9511,0,0,0.2128,78.72,Good
9512,0,0,0.1929,80.71,Excellent
9513,1,1,0.947,5.3,Critical
9514,1,1,0.9554,4.46,Critical
9515,0,0,0.1963,80.37,Excellent
9516,1,1,0.9343,6.57,Critical
9517,1,1,0.9718,2.82,Critical
9518,0,0,0.3406,65.94,Good
9519,1,1,0.9571,4.29,Critical
9520,0,0,0.1902,80.98,Excellent
9521,1,1,0.8845,11.55,Critical
9522,0,0,0.1828,81.72,Excellent
9523,0,0,0.0499,95.01,Excellent
9524,0,0,0.0865,91.35,Excellent
9525,0,0,0.1746,82.54,Excellent
9526,0,1,0.5274,47.26,Fair
9527,0,0,0.0377,96.23,Excellent
9528,0,0,0.1682,83.18,Excellent
9529,1,1,0.8516,14.84,Critical
9530,0,0,0.0997,90.03,Excellent
9531,0,0,0.0803,91.97,Excellent
9532,0,0,0.2551,74.49,Good
9533,0,0,0.0608,93.92,Excellent
9534,0,0,0.1707,82.93,Excellent
9535,0,0,0.0975,90.25,Excellent
9536,0,0,0.3704,62.96,Good
9537,0,0,0.1022,89.78,Excellent
9538,1,1,0.9843,1.57,Critical
9539,1,1,0.9479,5.21,Critical
9540,0,0,0.1178,88.22,Excellent
9541,1,1,0.9703,2.97,Critical
9542,0,0,0.1027,89.73,Excellent
9543,0,0,0.4138,58.62,Fair
9544,0,0,0.0934,90.66,Excellent
9545,1,1,0.7848,21.52,Poor
9546,0,0,0.2492,75.08,Good
9547,0,0,0.1057,89.43,Excellent
9548,1,1,0.7468,25.32,Poor
9549,1,0,0.4815,51.85,Fair
9550,1,1,0.9887,1.13,Critical
9551,1,1,0.5791,42.09,Fair
9552,1,1,0.9273,7.27,Critical
9553,1,1,0.5897,41.03,Fair
9554,1,1,0.8892,11.08,Critical
9555,1,1,0.8372,16.28,Critical
9556,0,0,0.0843,91.57,Excellent
9557,0,0,0.2063,79.37,Good
9558,1,1,0.8887,11.13,Critical
9559,1,1,0.7041,29.59,Poor
9560,0,0,0.1369,86.31,Excellent
9561,1,1,0.9313,6.87,Critical
9562,0,0,0.1972,80.28,Excellent
9563,1,1,0.7106,28.94,Poor
9564,1,0,0.436,56.4,Fair
9565,0,0,0.0748,92.52,Excellent
9566,0,0,0.1616,83.84,Excellent
9567,0,0,0.482,51.8,Fair
9568,1,1,0.6568,34.32,Poor
9569,0,0,0.3018,69.82,Good
9570,1,1,0.9237,7.63,Critical
9571,0,0,0.1023,89.77,Excellent
9572,0,0,0.1947,80.53,Excellent
9573,1,1,0.986,1.4,Critical
9574,1,1,0.7752,22.48,Poor
9575,0,0,0.1494,85.06,Excellent
9576,0,0,0.2571,74.29,Good
9577,0,0,0.087,91.3,Excellent
9578,0,0,0.2896,71.04,Good
9579,1,1,0.6956,30.44,Poor
9580,0,0,0.0815,91.85,Excellent
9581,1,1,0.9373,6.27,Critical
9582,0,0,0.3414,65.86,Good
9583,1,1,0.9286,7.14,Critical
9584,1,1,0.5252,47.48,Fair
9585,0,0,0.2044,79.56,Good
9586,1,1,0.6994,30.06,Poor
9587,0,0,0.3374,66.26,Good
9588,0,0,0.0707,92.93,Excellent
9589,1,1,0.9556,4.44,Critical
9590,1,1,0.8969,10.31,Critical
9591,0,0,0.2101,78.99,Good
9592,0,0,0.1307,86.93,Excellent
9593,0,0,0.118,88.2,Excellent
9594,1,1,0.7262,27.38,Poor
9595,0,0,0.0693,93.07,Excellent
9596,1,0,0.4878,51.22,Fair
9597,1,1,0.8716,12.84,Critical
9598,0,0,0.1706,82.94,Excellent
9599,1,1,0.9336,6.64,Critical
9600,1,1,0.8953,10.47,Critical
9601,0,0,0.1983,80.17,Excellent
9602,1,1,0.9147,8.53,Critical
9603,0,0,0.0866,91.34,Excellent
9604,0,0,0.0959,90.41,Excellent
9605,1,1,0.9252,7.48,Critical
9606,0,0,0.0625,93.75,Excellent
9607,0,0,0.1812,81.88,Excellent
9608,0,0,0.0425,95.75,Excellent
9609,0,0,0.1642,83.58,Excellent
9610,0,0,0.1316,86.84,Excellent
9611,1,1,0.9188,8.12,Critical
9612,1,1,0.9357,6.43,Critical
9613,1,1,0.6719,32.81,Poor
9614,0,0,0.2333,76.67,Good
9615,0,0,0.0517,94.83,Excellent
9616,0,0,0.141,85.9,Excellent
9617,1,1,0.7326,26.74,Poor
9618,0,0,0.1439,85.61,Excellent
9619,1,1,0.787,21.3,Poor
9620,0,0,0.1253,87.47,Excellent
9621,0,0,0.1451,85.49,Excellent
9622,0,0,0.1367,86.33,Excellent
9623,0,0,0.1259,87.41,Excellent
9624,0,0,0.2815,71.85,Good
9625,0,0,0.1786,82.14,Excellent
9626,1,1,0.8728,12.72,Critical
9627,0,0,0.244,75.6,Good
9628,0,0,0.1347,86.53,Excellent
9629,0,0,0.1828,81.72,Excellent
9630,0,0,0.3091,69.09,Good
9631,1,1,0.9024,9.76,Critical
9632,1,1,0.9489,5.11,Critical
9633,1,1,0.8836,11.64,Critical
9634,1,1,0.6951,30.49,Poor
9635,1,1,0.853,14.7,Critical
9636,1,1,0.9014,9.86,Critical
9637,1,1,0.7476,25.24,Poor
9638,0,1,0.5003,49.97,Fair
9639,0,0,0.0562,94.38,Excellent
9640,0,0,0.0748,92.52,Excellent
9641,0,0,0.1729,82.71,Excellent
9642,0,0,0.217,78.3,Good
9643,0,0,0.1106,88.94,Excellent
9644,1,1,0.8166,18.34,Critical
9645,1,1,0.8316,16.84,Critical
9646,1,1,0.9421,5.79,Critical
9647,1,1,0.8608,13.92,Critical
9648,0,0,0.1212,87.88,Excellent
9649,1,1,0.8185,18.15,Critical
9650,1,1,0.8057,19.43,Critical
9651,1,1,0.6888,31.12,Poor
9652,1,1,0.7223,27.77,Poor
9653,1,1,0.8044,19.56,Critical
9654,0,0,0.0682,93.18,Excellent
9655,0,0,0.1154,88.46,Excellent
9656,0,0,0.0426,95.74,Excellent
9657,0,0,0.1723,82.77,Excellent
9658,0,0,0.0408,95.92,Excellent
9659,1,1,0.7549,24.51,Poor
9660,0,0,0.4098,59.02,Fair
9661,0,0,0.0792,92.08,Excellent
9662,0,0,0.0661,93.39,Excellent
9663,0,0,0.1179,88.21,Excellent
9664,1,1,0.8799,12.01,Critical
9665,1,1,0.9303,6.97,Critical
9666,0,0,0.098,90.2,Excellent
9667,1,1,0.9225,7.75,Critical
9668,1,1,0.8806,11.94,Critical
9669,1,1,0.966,3.4,Critical
9670,0,0,0.1117,88.83,Excellent
9671,1,1,0.9485,5.15,Critical
9672,1,1,0.8144,18.56,Critical
9673,1,1,0.885,11.5,Critical
9674,1,1,0.8262,17.38,Critical
9675,1,1,0.9728,2.72,Critical
9676,1,1,0.9031,9.69,Critical
9677,0,0,0.2138,78.62,Good
9678,1,1,0.8326,16.74,Critical
9679,0,0,0.1172,88.28,Excellent
9680,0,0,0.3337,66.63,Good
9681,1,1,0.8519,14.81,Critical
9682,0,0,0.1852,81.48,Excellent
9683,1,1,0.8367,16.33,Critical
9684,1,1,0.9664,3.36,Critical
9685,1,1,0.942,5.8,Critical
9686,1,1,0.9921,0.79,Critical
9687,0,0,0.0992,90.08,Excellent
9688,0,0,0.0965,90.35,Excellent
9689,0,0,0.0699,93.01,Excellent
9690,1,1,0.8687,13.13,Critical
9691,1,1,0.9956,0.44,Critical
9692,1,1,0.6324,36.76,Poor
9693,0,0,0.1124,88.76,Excellent
9694,1,1,0.9014,9.86,Critical
9695,1,1,0.7965,20.35,Poor
9696,0,0,0.1399,86.01,Excellent
9697,1,1,0.9361,6.39,Critical
9698,0,0,0.2511,74.89,Good
9699,0,0,0.1121,88.79,Excellent
9700,1,1,0.7475,25.25,Poor
9701,1,1,0.8959,10.41,Critical
9702,0,0,0.2188,78.12,Good
9703,1,1,0.7697,23.03,Poor
9704,1,1,0.98,2.0,Critical
9705,0,0,0.1156,88.44,Excellent
9706,0,0,0.2134,78.66,Good
9707,1,1,0.9264,7.36,Critical
9708,0,0,0.1901,80.99,Excellent
9709,1,1,0.8749,12.51,Critical
9710,0,0,0.3671,63.29,Good
9711,0,0,0.0957,90.43,Excellent
9712,0,0,0.1272,87.28,Excellent
9713,0,0,0.0722,92.78,Excellent
9714,0,0,0.2445,75.55,Good
9715,0,0,0.1038,89.62,Excellent
9716,1,1,0.8521,14.79,Critical
9717,0,0,0.18,82.0,Excellent
9718,0,0,0.2236,77.64,Good
9719,0,0,0.166,83.4,Excellent
9720,1,1,0.9749,2.51,Critical
9721,1,1,0.9351,6.49,Critical
9722,1,1,0.8077,19.23,Critical
9723,1,1,0.9729,2.71,Critical
9724,0,0,0.1293,87.07,Excellent
9725,1,1,0.8714,12.86,Critical
9726,0,0,0.1169,88.31,Excellent
9727,0,0,0.0548,94.52,Excellent
9728,1,1,0.8257,17.43,Critical
9729,0,0,0.1382,86.18,Excellent
9730,0,0,0.1247,87.53,Excellent
9731,1,1,0.9446,5.54,Critical
9732,0,0,0.1864,81.36,Excellent
9733,0,0,0.0642,93.58,Excellent
9734,1,1,0.8795,12.05,Critical
9735,1,1,0.8076,19.24,Critical
9736,0,0,0.1819,81.81,Excellent
9737,0,1,0.5477,45.23,Fair
9738,0,0,0.0902,90.98,Excellent
9739,0,0,0.3918,60.82,Good
9740,1,1,0.9586,4.14,Critical
9741,0,0,0.2476,75.24,Good
9742,1,1,0.7046,29.54,Poor
9743,0,0,0.149,85.1,Excellent
9744,0,0,0.2406,75.94,Good
9745,1,1,0.8092,19.08,Critical
9746,1,1,0.9021,9.79,Critical
9747,0,0,0.1172,88.28,Excellent
9748,1,1,0.9712,2.88,Critical
9749,0,0,0.0839,91.61,Excellent
9750,0,0,0.0989,90.11,Excellent
9751,0,0,0.1197,88.03,Excellent
9752,1,1,0.928,7.2,Critical
9753,0,0,0.1958,80.42,Excellent
9754,0,0,0.2241,77.59,Good
9755,1,1,0.9487,5.13,Critical
9756,1,1,0.712,28.8,Poor
9757,0,0,0.0438,95.62,Excellent
9758,1,1,0.8573,14.27,Critical
9759,1,1,0.7642,23.58,Poor
9760,1,1,0.8482,15.18,Critical
9761,1,1,0.8244,17.56,Critical
9762,1,1,0.83,17.0,Critical
9763,0,0,0.0943,90.57,Excellent
9764,1,1,0.8273,17.27,Critical
9765,1,1,0.9209,7.91,Critical
9766,1,1,0.8718,12.82,Critical
9767,0,0,0.1775,82.25,Excellent
9768,1,1,0.9338,6.62,Critical
9769,0,0,0.1271,87.29,Excellent
9770,1,1,0.8554,14.46,Critical
9771,1,1,0.8899,11.01,Critical
9772,0,0,0.0975,90.25,Excellent
9773,1,1,0.901,9.9,Critical
9774,1,1,0.8494,15.06,Critical
9775,0,0,0.2686,73.14,Good
9776,0,0,0.0406,95.94,Excellent
9777,1,1,0.9764,2.36,Critical
9778,0,0,0.3505,64.95,Good
9779,0,0,0.1215,87.85,Excellent
9780,0,0,0.194,80.6,Excellent
9781,0,0,0.1009,89.91,Excellent
9782,0,0,0.2044,79.56,Good
9783,1,1,0.9826,1.74,Critical
9784,1,1,0.8013,19.87,Critical
9785,0,0,0.1186,88.14,Excellent
9786,0,0,0.1867,81.33,Excellent
9787,0,0,0.1323,86.77,Excellent
9788,1,1,0.9273,7.27,Critical
9789,1,1,0.891,10.9,Critical
9790,0,0,0.1213,87.87,Excellent
9791,1,1,0.9154,8.46,Critical
9792,1,1,0.9397,6.03,Critical
9793,1,1,0.9181,8.19,Critical
9794,1,1,0.8327,16.73,Critical
9795,1,1,0.8975,10.25,Critical
9796,1,1,0.5834,41.66,Fair
9797,1,1,0.793,20.7,Poor
9798,0,0,0.2651,73.49,Good
9799,1,1,0.79,21.0,Poor
9800,1,1,0.661,33.9,Poor
9801,1,1,0.8296,17.04,Critical
9802,0,0,0.4333,56.67,Fair
9803,0,0,0.0724,92.76,Excellent
9804,1,1,0.7785,22.15,Poor
9805,0,0,0.072,92.8,Excellent
9806,0,0,0.1361,86.39,Excellent
9807,1,1,0.9432,5.68,Critical
9808,0,0,0.0817,91.83,Excellent
9809,1,1,0.8275,17.25,Critical
9810,0,0,0.2504,74.96,Good
9811,1,1,0.6699,33.01,Poor
9812,0,0,0.1483,85.17,Excellent
9813,1,1,0.8693,13.07,Critical
9814,0,0,0.0833,91.67,Excellent
9815,0,0,0.2633,73.67,Good
9816,1,1,0.6445,35.55,Poor
9817,0,0,0.3234,67.66,Good
9818,1,1,0.8707,12.93,Critical
9819,0,0,0.1862,81.38,Excellent
9820,0,0,0.4156,58.44,Fair
9821,0,0,0.2433,75.67,Good
9822,1,1,0.9438,5.62,Critical
9823,0,0,0.2622,73.78,Good
9824,0,0,0.1686,83.14,Excellent
9825,1,1,0.7654,23.46,Poor
9826,0,0,0.1305,86.95,Excellent
9827,0,0,0.1372,86.28,Excellent
9828,1,1,0.9056,9.44,Critical
9829,1,1,0.732,26.8,Poor
9830,1,1,0.8615,13.85,Critical
9831,1,1,0.9345,6.55,Critical
9832,1,1,0.9405,5.95,Critical
9833,0,0,0.2541,74.59,Good
9834,0,0,0.2765,72.35,Good
9835,0,0,0.1217,87.83,Excellent
9836,1,1,0.9582,4.18,Critical
9837,1,1,0.9581,4.19,Critical
9838,0,0,0.0767,92.33,Excellent
9839,1,1,0.7847,21.53,Poor
9840,1,1,0.636,36.4,Poor
9841,1,0,0.4956,50.44,Fair
9842,0,0,0.0306,96.94,Excellent
9843,1,1,0.9116,8.84,Critical
9844,1,1,0.9637,3.63,Critical
9845,1,1,0.8659,13.41,Critical
9846,0,0,0.1943,80.57,Excellent
9847,0,0,0.0713,92.87,Excellent
9848,0,0,0.1156,88.44,Excellent
9849,0,0,0.1255,87.45,Excellent
9850,0,0,0.0718,92.82,Excellent
9851,1,1,0.8342,16.58,Critical
9852,1,1,0.944,5.6,Critical
9853,1,1,0.8117,18.83,Critical
9854,1,1,0.9466,5.34,Critical
9855,1,1,0.9008,9.92,Critical
9856,1,1,0.8908,10.92,Critical
9857,0,0,0.1327,86.73,Excellent
9858,0,0,0.0537,94.63,Excellent
9859,0,0,0.144,85.6,Excellent
9860,0,0,0.3257,67.43,Good
9861,0,0,0.1187,88.13,Excellent
9862,0,0,0.0654,93.46,Excellent
9863,0,0,0.3975,60.25,Good
9864,0,0,0.2383,76.17,Good
9865,0,0,0.1889,81.11,Excellent
9866,0,0,0.2134,78.66,Good
9867,1,1,0.9333,6.67,Critical
9868,1,1,0.9888,1.12,Critical
9869,0,0,0.0643,93.57,Excellent
9870,0,0,0.1944,80.56,Excellent
9871,1,1,0.8278,17.22,Critical
9872,1,1,0.8008,19.92,Critical
9873,0,0,0.1737,82.63,Excellent
9874,1,1,0.807,19.3,Critical
9875,1,1,0.9528,4.72,Critical
9876,1,1,0.7411,25.89,Poor
9877,1,1,0.9332,6.68,Critical
9878,0,0,0.1498,85.02,Excellent
9879,1,1,0.8293,17.07,Critical
9880,0,0,0.1301,86.99,Excellent
9881,1,1,0.8166,18.34,Critical
9882,0,0,0.0982,90.18,Excellent
9883,0,0,0.3919,60.81,Good
9884,1,1,0.5766,42.34,Fair
9885,0,0,0.0948,90.52,Excellent
9886,1,1,0.94,6.0,Critical
9887,0,0,0.1617,83.83,Excellent
9888,0,0,0.1585,84.15,Excellent
9889,1,1,0.8349,16.51,Critical
9890,0,0,0.4025,59.75,Fair
9891,0,0,0.095,90.5,Excellent
9892,1,1,0.8961,10.39,Critical
9893,1,1,0.9254,7.46,Critical
9894,0,0,0.1605,83.95,Excellent
9895,1,1,0.713,28.7,Poor
9896,0,0,0.1549,84.51,Excellent
9897,1,1,0.6978,30.22,Poor
9898,0,0,0.08,92.0,Excellent
9899,1,1,0.9625,3.75,Critical
9900,0,0,0.1054,89.46,Excellent
9901,0,0,0.2324,76.76,Good
9902,0,0,0.082,91.8,Excellent
9903,0,0,0.0737,92.63,Excellent
9904,0,0,0.2626,73.74,Good
9905,0,0,0.0569,94.31,Excellent
9906,1,1,0.785,21.5,Poor
9907,0,0,0.1216,87.84,Excellent
9908,0,0,0.0854,91.46,Excellent
9909,0,0,0.1275,87.25,Excellent
9910,1,0,0.463,53.7,Fair
9911,0,0,0.0708,92.92,Excellent
9912,0,0,0.3304,66.96,Good
9913,0,0,0.1377,86.23,Excellent
9914,1,1,0.8797,12.03,Critical
9915,1,1,0.9364,6.36,Critical
9916,0,0,0.0518,94.82,Excellent
9917,0,0,0.0806,91.94,Excellent
9918,0,0,0.4145,58.55,Fair
9919,1,1,0.743,25.7,Poor
9920,0,0,0.1659,83.41,Excellent
9921,0,0,0.1159,88.41,Excellent
9922,0,0,0.1364,86.36,Excellent
9923,0,0,0.2119,78.81,Good
9924,1,1,0.8454,15.46,Critical
9925,0,0,0.1251,87.49,Excellent
9926,1,1,0.7086,29.14,Poor
9927,1,1,0.7372,26.28,Poor
9928,0,0,0.121,87.9,Excellent
9929,1,1,0.8827,11.73,Critical
9930,0,0,0.2981,70.19,Good
9931,0,0,0.126,87.4,Excellent
9932,0,0,0.1838,81.62,Excellent
9933,1,1,0.7272,27.28,Poor
9934,0,0,0.0851,91.49,Excellent
9935,1,1,0.9805,1.95,Critical
9936,0,0,0.3459,65.41,Good
9937,0,0,0.078,92.2,Excellent
9938,1,1,0.8007,19.93,Critical
9939,0,0,0.1117,88.83,Excellent
9940,0,0,0.1469,85.31,Excellent
9941,1,1,0.8242,17.58,Critical
9942,1,1,0.7434,25.66,Poor
9943,0,0,0.1294,87.06,Excellent
9944,0,0,0.1647,83.53,Excellent
9945,1,1,0.9343,6.57,Critical
9946,1,1,0.8704,12.96,Critical
9947,1,1,0.9169,8.31,Critical
9948,1,1,0.8629,13.71,Critical
9949,0,0,0.0618,93.82,Excellent
9950,1,1,0.959,4.1,Critical
9951,1,1,0.9286,7.14,Critical
9952,1,1,0.8254,17.46,Critical
9953,1,1,0.572,42.8,Fair
9954,0,0,0.0891,91.09,Excellent
9955,1,1,0.8425,15.75,Critical
9956,0,0,0.0998,90.02,Excellent
9957,1,1,0.9332,6.68,Critical
9958,1,1,0.8165,18.35,Critical
9959,0,0,0.175,82.5,Excellent
9960,0,0,0.083,91.7,Excellent
9961,1,1,0.8682,13.18,Critical
9962,0,0,0.0605,93.95,Excellent
9963,1,1,0.9404,5.96,Critical
9964,0,0,0.083,91.7,Excellent
9965,1,1,0.8606,13.94,Critical
9966,1,1,0.5319,46.81,Fair
9967,0,0,0.0736,92.64,Excellent
9968,0,0,0.2025,79.75,Good
9969,1,1,0.9285,7.15,Critical
9970,1,1,0.8622,13.78,Critical
9971,1,1,0.9235,7.65,Critical
9972,1,1,0.878,12.2,Critical
9973,0,0,0.231,76.9,Good
9974,0,0,0.1318,86.82,Excellent
9975,0,0,0.4531,54.69,Fair
9976,0,0,0.1214,87.86,Excellent
9977,0,0,0.1533,84.67,Excellent
9978,1,1,0.7297,27.03,Poor
9979,0,0,0.1604,83.96,Excellent
9980,1,1,0.8661,13.39,Critical
9981,0,0,0.072,92.8,Excellent
9982,1,0,0.495,50.5,Fair
9983,0,0,0.1239,87.61,Excellent
9984,1,1,0.9122,8.78,Critical
9985,0,0,0.1967,80.33,Excellent
9986,1,1,0.8499,15.01,Critical
9987,1,1,0.7481,25.19,Poor
9988,0,0,0.2212,77.88,Good
9989,0,0,0.0527,94.73,Excellent
9990,0,0,0.1615,83.85,Excellent
9991,0,0,0.2735,72.65,Good
9992,1,1,0.9662,3.38,Critical
9993,0,0,0.1219,87.81,Excellent
9994,0,0,0.1073,89.27,Excellent
9995,0,0,0.1247,87.53,Excellent
9996,1,1,0.9199,8.01,Critical
9997,1,1,0.8992,10.08,Critical
9998,0,0,0.116,88.4,Excellent
9999,0,0,0.0682,93.18,Excellent
10000,1,1,0.8698,13.02,Critical
10001,0,0,0.4635,53.65,Fair
10002,0,0,0.1469,85.31,Excellent
10003,0,0,0.1862,81.38,Excellent
10004,1,1,0.7254,27.46,Poor
10005,1,1,0.9479,5.21,Critical
10006,1,0,0.4752,52.48,Fair
10007,1,1,0.861,13.9,Critical
10008,1,1,0.9031,9.69,Critical
10009,1,1,0.8022,19.78,Critical
10010,1,1,0.6684,33.16,Poor
10011,1,1,0.8914,10.86,Critical
10012,0,0,0.067,93.3,Excellent
10013,1,1,0.8354,16.46,Critical
10014,0,0,0.1045,89.55,Excellent
10015,0,0,0.3138,68.62,Good
10016,1,1,0.9758,2.42,Critical
10017,0,0,0.0325,96.75,Excellent
10018,0,0,0.104,89.6,Excellent
10019,1,1,0.9445,5.55,Critical
10020,0,1,0.5406,45.94,Fair
10021,0,0,0.1606,83.94,Excellent
10022,1,1,0.6346,36.54,Poor
10023,0,0,0.3526,64.74,Good
10024,0,0,0.0924,90.76,Excellent
10025,0,0,0.1879,81.21,Excellent
10026,1,1,0.5384,46.16,Fair
10027,0,0,0.1191,88.09,Excellent
10028,0,1,0.6481,35.19,Poor
10029,1,0,0.4197,58.03,Fair
10030,1,1,0.6633,33.67,Poor
10031,0,0,0.1627,83.73,Excellent
10032,1,1,0.9237,7.63,Critical
10033,1,1,0.9189,8.11,Critical
10034,0,0,0.0584,94.16,Excellent
10035,0,0,0.0993,90.07,Excellent
10036,1,1,0.9479,5.21,Critical
10037,1,1,0.9474,5.26,Critical
10038,1,1,0.9,10.0,Critical
10039,0,0,0.1206,87.94,Excellent
10040,1,1,0.9009,9.91,Critical
10041,1,0,0.4451,55.49,Fair
10042,0,0,0.4363,56.37,Fair
10043,1,1,0.8439,15.61,Critical
10044,0,0,0.2086,79.14,Good
10045,0,0,0.1877,81.23,Excellent
10046,1,1,0.9091,9.09,Critical
10047,1,1,0.7325,26.75,Poor
10048,0,0,0.1393,86.07,Excellent
10049,1,1,0.8187,18.13,Critical
10050,1,1,0.9176,8.24,Critical
10051,1,1,0.5898,41.02,Fair
10052,1,1,0.8297,17.03,Critical
10053,1,1,0.7817,21.83,Poor
10054,1,1,0.8478,15.22,Critical
10055,0,0,0.0997,90.03,Excellent
10056,1,1,0.9256,7.44,Critical
10057,0,0,0.0865,91.35,Excellent
10058,0,0,0.1357,86.43,Excellent
10059,1,1,0.9543,4.57,Critical
10060,1,1,0.9192,8.08,Critical
10061,0,0,0.0656,93.44,Excellent
10062,1,1,0.9806,1.94,Critical
10063,1,1,0.8957,10.43,Critical
10064,0,0,0.3544,64.56,Good
10065,0,0,0.215,78.5,Good
10066,0,0,0.2196,78.04,Good
10067,0,0,0.0689,93.11,Excellent
10068,1,0,0.4715,52.85,Fair
10069,1,1,0.9364,6.36,Critical
10070,1,1,0.8451,15.49,Critical
10071,1,1,0.5804,41.96,Fair
10072,1,1,0.5504,44.96,Fair
10073,0,0,0.0578,94.22,Excellent
10074,1,1,0.6776,32.24,Poor
10075,1,1,0.9499,5.01,Critical
10076,0,0,0.1795,82.05,Excellent
10077,0,0,0.138,86.2,Excellent
10078,1,1,0.8983,10.17,Critical
10079,1,1,0.8012,19.88,Critical
10080,0,0,0.1278,87.22,Excellent
10081,0,0,0.3113,68.87,Good
10082,0,0,0.1786,82.14,Excellent
10083,1,1,0.7732,22.68,Poor
10084,0,0,0.1314,86.86,Excellent
10085,0,0,0.1473,85.27,Excellent
10086,1,1,0.6605,33.95,Poor
10087,0,0,0.0988,90.12,Excellent
10088,1,1,0.5288,47.12,Fair
10089,1,1,0.8529,14.71,Critical
10090,1,1,0.9487,5.13,Critical
10091,0,0,0.2753,72.47,Good
10092,0,0,0.1736,82.64,Excellent
10093,0,0,0.0879,91.21,Excellent
10094,0,0,0.1568,84.32,Excellent
10095,1,1,0.9558,4.42,Critical
10096,1,1,0.8126,18.74,Critical
10097,1,1,0.8635,13.65,Critical
10098,1,1,0.8315,16.85,Critical
10099,0,0,0.1194,88.06,Excellent
10100,0,0,0.0677,93.23,Excellent
10101,1,1,0.6221,37.79,Poor
10102,1,1,0.7607,23.93,Poor
10103,1,1,0.7225,27.75,Poor
10104,0,0,0.0597,94.03,Excellent
10105,0,0,0.1935,80.65,Excellent
10106,0,0,0.3638,63.62,Good
10107,0,0,0.0434,95.66,Excellent
10108,1,1,0.8481,15.19,Critical
10109,1,1,0.9255,7.45,Critical
10110,1,1,0.7252,27.48,Poor
10111,1,1,0.8743,12.57,Critical
10112,1,1,0.851,14.9,Critical
10113,0,0,0.1586,84.14,Excellent
10114,1,1,0.8389,16.11,Critical
10115,1,1,0.9113,8.87,Critical
10116,0,0,0.0724,92.76,Excellent
10117,1,1,0.9426,5.74,Critical
10118,1,1,0.891,10.9,Critical
10119,1,1,0.8049,19.51,Critical
10120,0,0,0.1567,84.33,Excellent
10121,1,1,0.817,18.3,Critical
10122,1,1,0.8136,18.64,Critical
10123,1,1,0.9529,4.71,Critical
10124,0,0,0.0872,91.28,Excellent
10125,1,1,0.9456,5.44,Critical
10126,1,1,0.9307,6.93,Critical
10127,1,0,0.3575,64.25,Good
10128,1,1,0.9146,8.54,Critical
10129,1,1,0.9334,6.66,Critical
10130,0,0,0.0872,91.28,Excellent
10131,0,0,0.1505,84.95,Excellent
10132,0,0,0.187,81.3,Excellent
10133,1,1,0.7827,21.73,Poor
10134,0,0,0.114,88.6,Excellent
10135,1,1,0.9151,8.49,Critical
10136,1,1,0.6064,39.36,Poor
10137,1,1,0.6139,38.61,Poor
10138,0,0,0.3521,64.79,Good
10139,0,0,0.2092,79.08,Good
10140,0,0,0.1106,88.94,Excellent
10141,1,1,0.8679,13.21,Critical
10142,1,1,0.5621,43.79,Fair
10143,0,0,0.0733,92.67,Excellent
10144,0,1,0.6874,31.26,Poor
10145,0,0,0.215,78.5,Good
10146,0,0,0.1019,89.81,Excellent
10147,0,0,0.1889,81.11,Excellent
10148,0,0,0.2024,79.76,Good
10149,1,1,0.8949,10.51,Critical
10150,1,1,0.8611,13.89,Critical
10151,1,1,0.799,20.1,Poor
10152,0,0,0.2281,77.19,Good
10153,0,0,0.3305,66.95,Good
10154,1,0,0.3721,62.79,Good
10155,1,1,0.9429,5.71,Critical
10156,0,0,0.0561,94.39,Excellent
10157,0,0,0.1541,84.59,Excellent
10158,0,0,0.1087,89.13,Excellent
10159,1,0,0.1903,80.97,Excellent
10160,0,0,0.3891,61.09,Good
10161,1,1,0.8302,16.98,Critical
10162,0,0,0.0786,92.14,Excellent
10163,1,1,0.9024,9.76,Critical
10164,0,0,0.1005,89.95,Excellent
10165,1,1,0.8819,11.81,Critical
10166,1,1,0.8666,13.34,Critical
10167,1,1,0.903,9.7,Critical
10168,0,0,0.0833,91.67,Excellent
10169,0,0,0.2378,76.22,Good
10170,0,0,0.1042,89.58,Excellent
10171,0,0,0.2151,78.49,Good
10172,1,1,0.8321,16.79,Critical
10173,0,0,0.1223,87.77,Excellent
10174,0,0,0.2317,76.83,Good
10175,1,1,0.8923,10.77,Critical
10176,1,1,0.5807,41.93,Fair
10177,0,0,0.2625,73.75,Good
10178,1,1,0.781,21.9,Poor
10179,0,0,0.1149,88.51,Excellent
10180,1,1,0.941,5.9,Critical
10181,1,1,0.8599,14.01,Critical
10182,1,1,0.8595,14.05,Critical
10183,0,0,0.1033,89.67,Excellent
10184,1,1,0.9246,7.54,Critical
10185,0,0,0.1059,89.41,Excellent
10186,1,1,0.9219,7.81,Critical
10187,1,1,0.6535,34.65,Poor
10188,1,1,0.9675,3.25,Critical
10189,0,0,0.0748,92.52,Excellent
10190,1,1,0.793,20.7,Poor
10191,0,0,0.0972,90.28,Excellent
10192,0,0,0.0592,94.08,Excellent
10193,0,0,0.1408,85.92,Excellent
10194,1,1,0.874,12.6,Critical
10195,1,1,0.9614,3.86,Critical
10196,0,0,0.4324,56.76,Fair
10197,1,1,0.9476,5.24,Critical
10198,1,1,0.9689,3.11,Critical
10199,1,1,0.9082,9.18,Critical
10200,0,0,0.1191,88.09,Excellent
10201,1,1,0.749,25.1,Poor
10202,0,0,0.2172,78.28,Good
10203,1,1,0.7515,24.85,Poor
10204,0,0,0.1751,82.49,Excellent
10205,1,1,0.6127,38.73,Poor
10206,0,0,0.1428,85.72,Excellent
10207,0,0,0.1306,86.94,Excellent
10208,1,1,0.9519,4.81,Critical
10209,1,1,0.6954,30.46,Poor
10210,0,0,0.1611,83.89,Excellent
10211,0,0,0.4021,59.79,Fair
10212,0,0,0.1115,88.85,Excellent
10213,0,0,0.0956,90.44,Excellent
10214,1,1,0.9335,6.65,Critical
10215,1,1,0.8539,14.61,Critical
10216,0,0,0.1537,84.63,Excellent
10217,0,0,0.0611,93.89,Excellent
10218,0,0,0.0673,93.27,Excellent
10219,0,0,0.1115,88.85,Excellent
10220,0,0,0.0783,92.17,Excellent
10221,1,1,0.9236,7.64,Critical
10222,1,1,0.928,7.2,Critical
10223,0,0,0.1075,89.25,Excellent
10224,1,1,0.9431,5.69,Critical
10225,1,1,0.8914,10.86,Critical
10226,0,0,0.0819,91.81,Excellent
10227,0,0,0.0861,91.39,Excellent
10228,1,1,0.8653,13.47,Critical
10229,1,1,0.8587,14.13,Critical
10230,0,0,0.3158,68.42,Good
10231,0,0,0.2087,79.13,Good
10232,0,0,0.1263,87.37,Excellent
10233,1,1,0.7919,20.81,Poor
10234,0,0,0.3376,66.24,Good
10235,1,1,0.9269,7.31,Critical
10236,1,1,0.9774,2.26,Critical
10237,0,0,0.0766,92.34,Excellent
10238,0,0,0.1415,85.85,Excellent
10239,1,1,0.6871,31.29,Poor
10240,1,1,0.8694,13.06,Critical
10241,0,0,0.1009,89.91,Excellent
10242,1,1,0.7933,20.67,Poor
10243,0,0,0.1004,89.96,Excellent
10244,1,1,0.777,22.3,Poor
10245,0,0,0.0756,92.44,Excellent
10246,0,0,0.2112,78.88,Good
10247,0,0,0.09,91.0,Excellent
10248,0,0,0.1406,85.94,Excellent
10249,0,0,0.1406,85.94,Excellent
10250,1,1,0.977,2.3,Critical
10251,1,1,0.7915,20.85,Poor
10252,0,0,0.1511,84.89,Excellent
10253,1,1,0.9226,7.74,Critical
10254,0,0,0.0998,90.02,Excellent
10255,1,1,0.6917,30.83,Poor
10256,0,0,0.4681,53.19,Fair
10257,0,0,0.1293,87.07,Excellent
10258,0,0,0.0477,95.23,Excellent
10259,0,0,0.1013,89.87,Excellent
10260,1,1,0.8661,13.39,Critical
10261,0,0,0.2586,74.14,Good
10262,1,0,0.4844,51.56,Fair
10263,1,0,0.4012,59.88,Fair
10264,0,0,0.0863,91.37,Excellent
10265,0,0,0.1727,82.73,Excellent
10266,0,0,0.1316,86.84,Excellent
10267,1,1,0.7878,21.22,Poor
10268,0,0,0.1313,86.87,Excellent
10269,1,1,0.8435,15.65,Critical
10270,0,0,0.1241,87.59,Excellent
10271,1,1,0.8772,12.28,Critical
10272,0,0,0.078,92.2,Excellent
10273,0,0,0.1719,82.81,Excellent
10274,1,1,0.7177,28.23,Poor
10275,0,0,0.154,84.6,Excellent
10276,0,0,0.254,74.6,Good
10277,0,0,0.0906,90.94,Excellent
10278,0,1,0.5624,43.76,Fair
10279,1,1,0.9345,6.55,Critical
10280,0,0,0.0708,92.92,Excellent
10281,0,0,0.0874,91.26,Excellent
10282,0,0,0.0748,92.52,Excellent
10283,1,1,0.9096,9.04,Critical
10284,1,1,0.9831,1.69,Critical
10285,0,0,0.2002,79.98,Good
10286,0,0,0.0984,90.16,Excellent
10287,0,0,0.2566,74.34,Good
10288,0,0,0.1272,87.28,Excellent
10289,1,1,0.7304,26.96,Poor
10290,0,0,0.0589,94.11,Excellent
10291,1,0,0.3523,64.77,Good
10292,1,1,0.8785,12.15,Critical
10293,1,1,0.9095,9.05,Critical
10294,0,0,0.2007,79.93,Good
10295,0,0,0.1323,86.77,Excellent
10296,1,1,0.9131,8.69,Critical
10297,1,1,0.7349,26.51,Poor
10298,1,1,0.5998,40.02,Fair
10299,1,1,0.9129,8.71,Critical
10300,0,0,0.37,63.0,Good
10301,0,0,0.1856,81.44,Excellent
10302,1,1,0.8281,17.19,Critical
10303,1,1,0.6147,38.53,Poor
10304,0,0,0.4777,52.23,Fair
10305,1,1,0.7865,21.35,Poor
10306,0,0,0.351,64.9,Good
10307,0,0,0.1817,81.83,Excellent
10308,1,1,0.5696,43.04,Fair
10309,1,1,0.8869,11.31,Critical
10310,0,0,0.141,85.9,Excellent
10311,0,0,0.0776,92.24,Excellent
10312,1,1,0.7814,21.86,Poor
10313,1,1,0.5018,49.82,Fair
10314,0,0,0.2982,70.18,Good
10315,1,1,0.8635,13.65,Critical
10316,0,0,0.1562,84.38,Excellent
10317,0,0,0.137,86.3,Excellent
10318,0,0,0.0917,90.83,Excellent
10319,1,1,0.9707,2.93,Critical
10320,0,0,0.1824,81.76,Excellent
10321,1,1,0.9488,5.12,Critical
10322,0,0,0.0819,91.81,Excellent
10323,1,1,0.8005,19.95,Critical
10324,0,0,0.1054,89.46,Excellent
10325,0,0,0.195,80.5,Excellent
10326,1,1,0.9091,9.09,Critical
10327,1,1,0.8775,12.25,Critical
10328,1,1,0.9232,7.68,Critical
10329,0,0,0.0881,91.19,Excellent
10330,1,1,0.8552,14.48,Critical
10331,1,1,0.8716,12.84,Critical
10332,0,0,0.159,84.1,Excellent
10333,1,1,0.6066,39.34,Poor
10334,1,1,0.9327,6.73,Critical
10335,1,1,0.9107,8.93,Critical
10336,1,1,0.9191,8.09,Critical
10337,1,1,0.9133,8.67,Critical
10338,1,1,0.8896,11.04,Critical
10339,1,1,0.9409,5.91,Critical
10340,0,0,0.0643,93.57,Excellent
10341,0,0,0.1375,86.25,Excellent
10342,0,0,0.4039,59.61,Fair
10343,0,0,0.2522,74.78,Good
10344,0,0,0.1215,87.85,Excellent
10345,0,0,0.0936,90.64,Excellent
10346,0,0,0.0554,94.46,Excellent
10347,0,0,0.1012,89.88,Excellent
10348,1,1,0.9511,4.89,Critical
10349,0,0,0.0696,93.04,Excellent
10350,1,1,0.9298,7.02,Critical
10351,1,1,0.5803,41.97,Fair
10352,1,1,0.9648,3.52,Critical
10353,0,0,0.0915,90.85,Excellent
10354,0,0,0.0669,93.31,Excellent
10355,0,0,0.1083,89.17,Excellent
10356,1,1,0.8214,17.86,Critical
10357,1,1,0.9849,1.51,Critical
10358,0,0,0.1026,89.74,Excellent
10359,0,0,0.0419,95.81,Excellent
10360,0,0,0.0941,90.59,Excellent
10361,1,1,0.9191,8.09,Critical
10362,0,0,0.1676,83.24,Excellent
10363,1,1,0.8049,19.51,Critical
10364,1,1,0.6714,32.86,Poor
10365,0,0,0.1906,80.94,Excellent
10366,0,0,0.3548,64.52,Good
10367,1,1,0.8552,14.48,Critical
10368,1,1,0.7324,26.76,Poor
10369,0,0,0.2774,72.26,Good
10370,1,1,0.8249,17.51,Critical
10371,1,1,0.6305,36.95,Poor
10372,0,0,0.1288,87.12,Excellent
10373,0,0,0.0884,91.16,Excellent
10374,0,0,0.1121,88.79,Excellent
10375,1,1,0.8736,12.64,Critical
10376,0,0,0.1295,87.05,Excellent
10377,0,0,0.3931,60.69,Good
10378,1,1,0.9307,6.93,Critical
10379,0,0,0.266,73.4,Good
10380,1,1,0.8169,18.31,Critical
10381,0,0,0.0401,95.99,Excellent
10382,0,0,0.0794,92.06,Excellent
10383,1,1,0.7713,22.87,Poor
10384,0,0,0.0654,93.46,Excellent
10385,0,0,0.1293,87.07,Excellent
10386,0,0,0.0742,92.58,Excellent
10387,1,1,0.8011,19.89,Critical
10388,1,1,0.6197,38.03,Poor
10389,1,1,0.8213,17.87,Critical
10390,0,0,0.0703,92.97,Excellent
10391,1,1,0.9299,7.01,Critical
10392,1,1,0.8014,19.86,Critical
10393,0,0,0.2988,70.12,Good
10394,0,0,0.0667,93.33,Excellent
10395,1,1,0.906,9.4,Critical
10396,0,0,0.0567,94.33,Excellent
10397,1,1,0.5692,43.08,Fair
10398,0,0,0.1314,86.86,Excellent
10399,1,1,0.8912,10.88,Critical
10400,0,0,0.3734,62.66,Good
10401,0,0,0.0886,91.14,Excellent
10402,0,0,0.1316,86.84,Excellent
10403,0,0,0.1694,83.06,Excellent
10404,1,1,0.8507,14.93,Critical
10405,1,1,0.8351,16.49,Critical
10406,0,0,0.1825,81.75,Excellent
10407,1,1,0.91,9.0,Critical
10408,0,0,0.2307,76.93,Good
10409,0,0,0.2227,77.73,Good
10410,1,1,0.9153,8.47,Critical
10411,0,0,0.2077,79.23,Good
10412,0,0,0.2418,75.82,Good
10413,0,0,0.1525,84.75,Excellent
10414,1,1,0.9618,3.82,Critical
10415,0,0,0.1878,81.22,Excellent
10416,0,0,0.195,80.5,Excellent
10417,0,0,0.1266,87.34,Excellent
10418,1,1,0.8359,16.41,Critical
10419,1,1,0.895,10.5,Critical
10420,1,1,0.8072,19.28,Critical
10421,1,1,0.8597,14.03,Critical
10422,0,0,0.2328,76.72,Good
10423,0,0,0.0776,92.24,Excellent
10424,0,0,0.2311,76.89,Good
10425,1,1,0.9219,7.81,Critical
10426,1,1,0.7743,22.57,Poor
10427,1,1,0.8137,18.63,Critical
10428,0,0,0.1346,86.54,Excellent
10429,1,1,0.923,7.7,Critical
10430,1,1,0.929,7.1,Critical
10431,1,1,0.6242,37.58,Poor
10432,1,1,0.7707,22.93,Poor
10433,0,0,0.178,82.2,Excellent
10434,0,0,0.0977,90.23,Excellent
10435,1,1,0.5392,46.08,Fair
10436,1,1,0.769,23.1,Poor
10437,1,1,0.897,10.3,Critical
10438,0,0,0.1946,80.54,Excellent
10439,0,0,0.2433,75.67,Good
10440,0,0,0.1661,83.39,Excellent
10441,0,0,0.0709,92.91,Excellent
10442,0,0,0.148,85.2,Excellent
10443,0,0,0.1295,87.05,Excellent
10444,1,1,0.9324,6.76,Critical
10445,1,1,0.7949,20.51,Poor
10446,0,0,0.3305,66.95,Good
10447,0,0,0.2498,75.02,Good
10448,0,0,0.1063,89.37,Excellent
10449,0,0,0.1275,87.25,Excellent
10450,1,1,0.9889,1.11,Critical
10451,0,0,0.0963,90.37,Excellent
10452,0,0,0.2198,78.02,Good
10453,1,1,0.9967,0.33,Critical
10454,1,1,0.9241,7.59,Critical
10455,1,0,0.4233,57.67,Fair
10456,0,1,0.5006,49.94,Fair
10457,1,1,0.7636,23.64,Poor
10458,1,1,0.7801,21.99,Poor
10459,1,1,0.6139,38.61,Poor
10460,1,1,0.8687,13.13,Critical
10461,0,0,0.0558,94.42,Excellent
10462,1,1,0.8601,13.99,Critical
10463,0,0,0.1363,86.37,Excellent
10464,1,1,0.6444,35.56,Poor
10465,0,0,0.1869,81.31,Excellent
10466,1,1,0.9155,8.45,Critical
10467,0,0,0.065,93.5,Excellent
10468,0,0,0.1122,88.78,Excellent
10469,1,1,0.8513,14.87,Critical
10470,1,1,0.8946,10.54,Critical
10471,1,1,0.9134,8.66,Critical
10472,1,1,0.6863,31.37,Poor
10473,1,1,0.653,34.7,Poor
10474,1,1,0.8414,15.86,Critical
10475,1,1,0.9112,8.88,Critical
10476,0,0,0.1859,81.41,Excellent
10477,0,0,0.0541,94.59,Excellent
10478,1,1,0.6908,30.92,Poor
10479,0,0,0.1287,87.13,Excellent
10480,1,1,0.7623,23.77,Poor
10481,1,1,0.9624,3.76,Critical
10482,1,1,0.9801,1.99,Critical
10483,0,0,0.1467,85.33,Excellent
10484,0,0,0.1879,81.21,Excellent
10485,1,1,0.9324,6.76,Critical
10486,1,1,0.7033,29.67,Poor
10487,0,0,0.0556,94.44,Excellent
10488,1,1,0.9437,5.63,Critical
10489,0,0,0.0919,90.81,Excellent
10490,1,1,0.8709,12.91,Critical
10491,0,0,0.1527,84.73,Excellent
10492,1,1,0.9704,2.96,Critical
10493,0,0,0.1351,86.49,Excellent
10494,0,0,0.0792,92.08,Excellent
10495,1,1,0.7322,26.78,Poor
10496,0,0,0.0665,93.35,Excellent
10497,1,1,0.8552,14.48,Critical
10498,0,0,0.0874,91.26,Excellent
10499,1,0,0.484,51.6,Fair
10500,1,1,0.8958,10.42,Critical
10501,1,1,0.6838,31.62,Poor
10502,1,1,0.942,5.8,Critical
10503,0,0,0.0671,93.29,Excellent
10504,0,0,0.1459,85.41,Excellent
10505,1,1,0.7648,23.52,Poor
10506,0,0,0.2183,78.17,Good
10507,0,0,0.1566,84.34,Excellent
10508,1,1,0.7233,27.67,Poor
10509,1,1,0.6187,38.13,Poor
10510,0,0,0.0532,94.68,Excellent
10511,1,1,0.9009,9.91,Critical
10512,1,1,0.9179,8.21,Critical
10513,0,0,0.1678,83.22,Excellent
10514,1,1,0.8619,13.81,Critical
10515,0,0,0.0886,91.14,Excellent
10516,1,1,0.6759,32.41,Poor
10517,0,0,0.1391,86.09,Excellent
10518,0,0,0.0929,90.71,Excellent
10519,0,0,0.1637,83.63,Excellent
10520,0,0,0.0331,96.69,Excellent
10521,1,1,0.6993,30.07,Poor
10522,0,0,0.178,82.2,Excellent
10523,0,0,0.0817,91.83,Excellent
10524,0,0,0.3881,61.19,Good
10525,1,1,0.8728,12.72,Critical
10526,0,0,0.1716,82.84,Excellent
10527,1,1,0.9308,6.92,Critical
10528,0,0,0.1697,83.03,Excellent
10529,0,0,0.1634,83.66,Excellent
10530,0,0,0.3983,60.17,Good
10531,0,0,0.0515,94.85,Excellent
10532,0,0,0.1283,87.17,Excellent
10533,0,0,0.1556,84.44,Excellent
10534,1,1,0.7164,28.36,Poor
10535,1,1,0.7692,23.08,Poor
10536,0,0,0.1019,89.81,Excellent
10537,0,0,0.1487,85.13,Excellent
10538,0,0,0.0475,95.25,Excellent
10539,0,0,0.2132,78.68,Good
10540,1,1,0.9904,0.96,Critical
10541,1,1,0.5276,47.24,Fair
10542,1,1,0.8147,18.53,Critical
10543,0,0,0.1384,86.16,Excellent
10544,0,0,0.1915,80.85,Excellent
10545,0,0,0.1488,85.12,Excellent
10546,0,0,0.1948,80.52,Excellent
10547,0,0,0.414,58.6,Fair
10548,0,0,0.1284,87.16,Excellent
10549,0,0,0.3684,63.16,Good
10550,1,1,0.8978,10.22,Critical
10551,0,0,0.1631,83.69,Excellent
10552,0,0,0.1323,86.77,Excellent
10553,1,1,0.7246,27.54,Poor
10554,0,0,0.1847,81.53,Excellent
10555,0,0,0.2731,72.69,Good
10556,1,1,0.8595,14.05,Critical
10557,0,0,0.1791,82.09,Excellent
10558,1,1,0.9518,4.82,Critical
10559,1,1,0.8643,13.57,Critical
10560,1,1,0.8446,15.54,Critical
10561,0,0,0.2565,74.35,Good
10562,0,0,0.1944,80.56,Excellent
10563,0,0,0.222,77.8,Good
10564,0,0,0.161,83.9,Excellent
10565,1,1,0.7873,21.27,Poor
10566,0,0,0.2745,72.55,Good
10567,0,0,0.2749,72.51,Good
10568,1,1,0.8721,12.79,Critical
10569,1,1,0.7966,20.34,Poor
10570,0,0,0.131,86.9,Excellent
10571,1,1,0.7304,26.96,Poor
10572,1,1,0.9407,5.93,Critical
10573,0,0,0.1843,81.57,Excellent
10574,1,1,0.9517,4.83,Critical
10575,0,0,0.2275,77.25,Good
10576,0,0,0.1134,88.66,Excellent
10577,0,0,0.0624,93.76,Excellent
10578,1,1,0.9187,8.13,Critical
10579,1,1,0.6524,34.76,Poor
10580,0,0,0.1731,82.69,Excellent
10581,0,0,0.1081,89.19,Excellent
10582,1,1,0.8943,10.57,Critical
10583,0,0,0.1754,82.46,Excellent
10584,0,0,0.1154,88.46,Excellent
10585,0,0,0.0951,90.49,Excellent
10586,0,0,0.0654,93.46,Excellent
10587,0,0,0.0865,91.35,Excellent
10588,1,1,0.8732,12.68,Critical
10589,0,0,0.0667,93.33,Excellent
10590,1,1,0.9348,6.52,Critical
10591,0,0,0.112,88.8,Excellent
10592,0,0,0.1472,85.28,Excellent
10593,0,0,0.1678,83.22,Excellent
10594,1,1,0.8498,15.02,Critical
10595,0,0,0.2427,75.73,Good
10596,0,0,0.1648,83.52,Excellent
10597,1,1,0.8702,12.98,Critical
10598,0,1,0.6992,30.08,Poor
10599,1,1,0.8282,17.18,Critical
10600,1,1,0.7993,20.07,Poor
10601,1,1,0.6403,35.97,Poor
10602,0,0,0.0562,94.38,Excellent
10603,1,1,0.7921,20.79,Poor
10604,1,1,0.9298,7.02,Critical
10605,1,1,0.8648,13.52,Critical
10606,0,0,0.1534,84.66,Excellent
10607,1,1,0.8937,10.63,Critical
10608,1,1,0.6587,34.13,Poor
10609,1,1,0.8833,11.67,Critical
10610,0,0,0.1187,88.13,Excellent
10611,0,0,0.1732,82.68,Excellent
10612,0,0,0.0877,91.23,Excellent
10613,1,1,0.7236,27.64,Poor
10614,1,1,0.9283,7.17,Critical
10615,0,0,0.0672,93.28,Excellent
10616,0,0,0.2521,74.79,Good
10617,1,1,0.8269,17.31,Critical
10618,1,1,0.8898,11.02,Critical
10619,0,0,0.4598,54.02,Fair
10620,0,0,0.2242,77.58,Good
10621,0,0,0.2697,73.03,Good
10622,1,1,0.9162,8.38,Critical
10623,1,1,0.9278,7.22,Critical
10624,0,0,0.0874,91.26,Excellent
10625,0,0,0.0847,91.53,Excellent
10626,0,0,0.2307,76.93,Good
10627,0,0,0.0932,90.68,Excellent
10628,1,1,0.719,28.1,Poor
10629,1,1,0.8493,15.07,Critical
10630,0,0,0.186,81.4,Excellent
10631,0,0,0.3347,66.53,Good
10632,1,1,0.9488,5.12,Critical
10633,0,0,0.2191,78.09,Good
10634,0,0,0.356,64.4,Good
10635,1,1,0.9021,9.79,Critical
10636,0,0,0.0565,94.35,Excellent
10637,1,1,0.9024,9.76,Critical
10638,1,1,0.5949,40.51,Fair
10639,0,0,0.3161,68.39,Good
10640,1,1,0.9271,7.29,Critical
10641,0,0,0.1655,83.45,Excellent
10642,0,0,0.1357,86.43,Excellent
10643,1,1,0.9381,6.19,Critical
10644,0,0,0.2865,71.35,Good
10645,0,0,0.4144,58.56,Fair
10646,0,0,0.134,86.6,Excellent
10647,0,0,0.1461,85.39,Excellent
10648,1,1,0.964,3.6,Critical
10649,1,1,0.5521,44.79,Fair
10650,1,1,0.7726,22.74,Poor
10651,0,0,0.1644,83.56,Excellent
10652,1,0,0.4102,58.98,Fair
10653,0,0,0.3551,64.49,Good
10654,1,1,0.7036,29.64,Poor
10655,1,1,0.8889,11.11,Critical
10656,1,1,0.9459,5.41,Critical
10657,0,0,0.0942,90.58,Excellent
10658,1,1,0.9165,8.35,Critical
10659,1,1,0.7912,20.88,Poor
10660,0,0,0.15,85.0,Excellent
10661,1,1,0.9504,4.96,Critical
10662,1,1,0.7937,20.63,Poor
10663,0,0,0.4234,57.66,Fair
10664,0,0,0.3636,63.64,Good
10665,1,1,0.7364,26.36,Poor
10666,0,0,0.2485,75.15,Good
10667,1,1,0.9839,1.61,Critical
10668,1,1,0.9406,5.94,Critical
10669,1,1,0.8057,19.43,Critical
10670,0,0,0.2117,78.83,Good
10671,1,1,0.5725,42.75,Fair
10672,0,0,0.2488,75.12,Good
10673,0,1,0.511,48.9,Fair
10674,0,0,0.1144,88.56,Excellent
10675,0,0,0.0608,93.92,Excellent
10676,0,0,0.1086,89.14,Excellent
10677,1,1,0.9459,5.41,Critical
10678,0,0,0.1423,85.77,Excellent
10679,1,0,0.4811,51.89,Fair
10680,1,1,0.9476,5.24,Critical
10681,1,1,0.9862,1.38,Critical
10682,0,0,0.0913,90.87,Excellent
10683,1,1,0.7142,28.58,Poor
10684,0,0,0.1108,88.92,Excellent
10685,0,0,0.1144,88.56,Excellent
10686,1,1,0.6081,39.19,Poor
10687,1,1,0.6209,37.91,Poor
10688,0,0,0.0844,91.56,Excellent
10689,0,0,0.1419,85.81,Excellent
10690,0,0,0.2142,78.58,Good
10691,1,1,0.8875,11.25,Critical
10692,0,0,0.1736,82.64,Excellent
10693,1,1,0.8916,10.84,Critical
10694,0,0,0.0943,90.57,Excellent
10695,1,1,0.7918,20.82,Poor
10696,0,0,0.1492,85.08,Excellent
10697,0,0,0.1135,88.65,Excellent
10698,0,0,0.1699,83.01,Excellent
10699,1,1,0.6774,32.26,Poor
10700,0,0,0.1272,87.28,Excellent
10701,0,1,0.5209,47.91,Fair
10702,1,1,0.8814,11.86,Critical
10703,0,0,0.0502,94.98,Excellent
10704,1,1,0.882,11.8,Critical
10705,1,1,0.928,7.2,Critical
10706,0,0,0.1082,89.18,Excellent
10707,0,0,0.0637,93.63,Excellent
10708,1,1,0.843,15.7,Critical
10709,1,1,0.9791,2.09,Critical
10710,1,1,0.8938,10.62,Critical
10711,0,0,0.0678,93.22,Excellent
10712,1,0,0.4506,54.94,Fair
10713,1,1,0.5002,49.98,Fair
10714,0,0,0.1006,89.94,Excellent
10715,1,1,0.9586,4.14,Critical
10716,1,1,0.8497,15.03,Critical
10717,0,0,0.0806,91.94,Excellent
10718,0,0,0.158,84.2,Excellent
10719,0,0,0.1608,83.92,Excellent
10720,0,0,0.279,72.1,Good
10721,1,1,0.5649,43.51,Fair
10722,0,0,0.0605,93.95,Excellent
10723,1,1,0.6802,31.98,Poor
10724,0,0,0.2218,77.82,Good
10725,0,0,0.1785,82.15,Excellent
10726,0,0,0.1745,82.55,Excellent
10727,1,1,0.9137,8.63,Critical
10728,0,0,0.1432,85.68,Excellent
10729,1,1,0.6157,38.43,Poor
10730,1,1,0.8575,14.25,Critical
10731,0,0,0.1679,83.21,Excellent
10732,1,1,0.9968,0.32,Critical
10733,1,1,0.8051,19.49,Critical
10734,1,1,0.9373,6.27,Critical
10735,0,0,0.0661,93.39,Excellent
10736,1,1,0.9709,2.91,Critical
10737,1,1,0.8094,19.06,Critical
10738,1,1,0.9137,8.63,Critical
10739,0,0,0.1666,83.34,Excellent
10740,0,0,0.2123,78.77,Good
10741,0,0,0.043,95.7,Excellent
10742,1,1,0.77,23.0,Poor
10743,0,0,0.1092,89.08,Excellent
10744,1,1,0.8421,15.79,Critical
10745,0,0,0.1869,81.31,Excellent
10746,0,0,0.3483,65.17,Good
10747,0,0,0.2178,78.22,Good
10748,0,0,0.0562,94.38,Excellent
10749,0,0,0.0652,93.48,Excellent
10750,1,1,0.8516,14.84,Critical
10751,0,0,0.1539,84.61,Excellent
10752,1,1,0.7225,27.75,Poor
10753,1,1,0.882,11.8,Critical
10754,1,1,0.9333,6.67,Critical
10755,1,1,0.5534,44.66,Fair
10756,0,0,0.1074,89.26,Excellent
10757,0,0,0.3444,65.56,Good
10758,1,1,0.8267,17.33,Critical
10759,1,1,0.8872,11.28,Critical
10760,1,1,0.9539,4.61,Critical
10761,1,1,0.6853,31.47,Poor
10762,0,0,0.1141,88.59,Excellent
10763,0,0,0.2242,77.58,Good
10764,0,0,0.1058,89.42,Excellent
10765,0,0,0.1207,87.93,Excellent
10766,0,0,0.1412,85.88,Excellent
10767,1,1,0.969,3.1,Critical
10768,0,0,0.1381,86.19,Excellent
10769,1,1,0.8626,13.74,Critical
10770,0,0,0.1976,80.24,Excellent
10771,1,1,0.9811,1.89,Critical
10772,0,0,0.0729,92.71,Excellent
10773,0,0,0.1473,85.27,Excellent
10774,1,0,0.3581,64.19,Good
10775,1,1,0.8845,11.55,Critical
10776,0,0,0.1098,89.02,Excellent
10777,1,1,0.9147,8.53,Critical
10778,0,0,0.067,93.3,Excellent
10779,0,0,0.084,91.6,Excellent
10780,1,1,0.8238,17.62,Critical
10781,0,0,0.0941,90.59,Excellent
10782,0,0,0.0483,95.17,Excellent
10783,0,0,0.1102,88.98,Excellent
10784,1,1,0.9851,1.49,Critical
10785,1,1,0.9438,5.62,Critical
10786,0,0,0.0863,91.37,Excellent
10787,1,1,0.7284,27.16,Poor
10788,1,1,0.5865,41.35,Fair
10789,0,0,0.0983,90.17,Excellent
10790,0,0,0.0757,92.43,Excellent
10791,0,0,0.1137,88.63,Excellent
10792,0,0,0.1743,82.57,Excellent
10793,0,0,0.1397,86.03,Excellent
10794,1,1,0.9332,6.68,Critical
10795,1,1,0.8359,16.41,Critical
10796,0,0,0.1332,86.68,Excellent
10797,1,1,0.9211,7.89,Critical
10798,1,1,0.8734,12.66,Critical
10799,1,1,0.8702,12.98,Critical
10800,1,1,0.9478,5.22,Critical
10801,1,1,0.9042,9.58,Critical
10802,1,0,0.362,63.8,Good
10803,0,0,0.0568,94.32,Excellent
10804,0,0,0.1087,89.13,Excellent
10805,1,1,0.9175,8.25,Critical
10806,0,0,0.1572,84.28,Excellent
10807,1,1,0.9987,0.13,Critical
10808,0,0,0.1456,85.44,Excellent
10809,0,0,0.1939,80.61,Excellent
10810,1,1,0.5208,47.92,Fair
10811,0,0,0.1275,87.25,Excellent
10812,0,0,0.1064,89.36,Excellent
10813,1,1,0.8432,15.68,Critical
10814,0,1,0.5085,49.15,Fair
10815,0,0,0.0893,91.07,Excellent
10816,0,0,0.1717,82.83,Excellent
10817,0,0,0.0412,95.88,Excellent
10818,1,1,0.7785,22.15,Poor
10819,1,1,0.8316,16.84,Critical
10820,1,1,0.8271,17.29,Critical
10821,1,1,0.7762,22.38,Poor
10822,1,1,0.5653,43.47,Fair
10823,1,1,0.9602,3.98,Critical
10824,1,1,0.9297,7.03,Critical
10825,0,0,0.102,89.8,Excellent
10826,0,0,0.2448,75.52,Good
10827,1,1,0.8539,14.61,Critical
10828,0,0,0.1502,84.98,Excellent
10829,1,1,0.9279,7.21,Critical
10830,0,0,0.1074,89.26,Excellent
10831,0,0,0.2345,76.55,Good
10832,1,1,0.9138,8.62,Critical
10833,0,0,0.0965,90.35,Excellent
10834,1,1,0.9073,9.27,Critical
10835,1,1,0.8585,14.15,Critical
10836,1,1,0.8227,17.73,Critical
10837,0,0,0.1482,85.18,Excellent
10838,1,1,0.8649,13.51,Critical
10839,0,0,0.2,80.0,Excellent
10840,1,1,0.7543,24.57,Poor
10841,0,0,0.1086,89.14,Excellent
10842,0,0,0.1103,88.97,Excellent
10843,0,0,0.1542,84.58,Excellent
10844,0,0,0.0679,93.21,Excellent
10845,0,0,0.1316,86.84,Excellent
10846,0,0,0.0586,94.14,Excellent
10847,0,0,0.2851,71.49,Good
10848,1,1,0.8052,19.48,Critical
10849,1,1,0.9371,6.29,Critical
10850,0,0,0.1644,83.56,Excellent
10851,0,0,0.1452,85.48,Excellent
10852,0,0,0.4336,56.64,Fair
10853,0,0,0.3709,62.91,Good
10854,1,1,0.925,7.5,Critical
10855,1,0,0.3834,61.66,Good
10856,1,1,0.7069,29.31,Poor
10857,0,0,0.1091,89.09,Excellent
10858,0,0,0.0863,91.37,Excellent
10859,1,1,0.8158,18.42,Critical
10860,0,0,0.1605,83.95,Excellent
10861,0,0,0.0455,95.45,Excellent
10862,0,0,0.0806,91.94,Excellent
10863,0,0,0.2384,76.16,Good
10864,1,1,0.9065,9.35,Critical
10865,1,1,0.8163,18.37,Critical
10866,0,0,0.1218,87.82,Excellent
10867,1,1,0.9172,8.28,Critical
10868,1,1,0.7579,24.21,Poor
10869,0,0,0.0647,93.53,Excellent
10870,0,0,0.0583,94.17,Excellent
10871,0,0,0.3906,60.94,Good
10872,1,1,0.9223,7.77,Critical
10873,1,1,0.9244,7.56,Critical
10874,0,0,0.1036,89.64,Excellent
10875,1,1,0.6854,31.46,Poor
10876,0,0,0.0973,90.27,Excellent
10877,1,1,0.8344,16.56,Critical
10878,0,0,0.1744,82.56,Excellent
10879,1,1,0.9509,4.91,Critical
10880,1,1,0.91,9.0,Critical
10881,0,0,0.1263,87.37,Excellent
10882,1,1,0.9562,4.38,Critical
10883,0,0,0.1413,85.87,Excellent
10884,1,1,0.7188,28.12,Poor
10885,0,0,0.124,87.6,Excellent
10886,0,0,0.0592,94.08,Excellent
10887,1,1,0.941,5.9,Critical
10888,1,1,0.7677,23.23,Poor
10889,1,1,0.9387,6.13,Critical
10890,1,1,0.9061,9.39,Critical
10891,1,1,0.992,0.8,Critical
10892,1,1,0.8103,18.97,Critical
10893,0,0,0.1102,88.98,Excellent
10894,1,0,0.4916,50.84,Fair
10895,1,1,0.8954,10.46,Critical
10896,0,0,0.0609,93.91,Excellent
10897,0,0,0.1736,82.64,Excellent
10898,0,0,0.068,93.2,Excellent
10899,1,1,0.9882,1.18,Critical
10900,0,0,0.1146,88.54,Excellent
10901,1,1,0.9925,0.75,Critical
10902,1,1,0.8589,14.11,Critical
10903,0,0,0.1755,82.45,Excellent
10904,0,0,0.1796,82.04,Excellent
10905,0,0,0.0942,90.58,Excellent
10906,1,1,0.8151,18.49,Critical
10907,0,0,0.0331,96.69,Excellent
10908,1,1,0.7978,20.22,Poor
10909,0,0,0.1964,80.36,Excellent
10910,0,0,0.1566,84.34,Excellent
10911,1,1,0.8069,19.31,Critical
10912,1,1,0.8936,10.64,Critical
10913,1,1,0.9264,7.36,Critical
10914,0,0,0.1031,89.69,Excellent
10915,1,1,0.8699,13.01,Critical
10916,0,0,0.0885,91.15,Excellent
10917,1,1,0.7701,22.99,Poor
10918,1,1,0.7962,20.38,Poor
10919,1,1,0.5671,43.29,Fair
10920,0,0,0.2161,78.39,Good
10921,1,1,0.9608,3.92,Critical
10922,1,1,0.8876,11.24,Critical
10923,1,1,0.9658,3.42,Critical
10924,0,0,0.0732,92.68,Excellent
10925,0,0,0.0393,96.07,Excellent
10926,1,1,0.8901,10.99,Critical
10927,0,0,0.087,91.3,Excellent
10928,0,0,0.0559,94.41,Excellent
10929,0,0,0.1963,80.37,Excellent
10930,1,1,0.9315,6.85,Critical
10931,0,0,0.1863,81.37,Excellent
10932,1,1,0.9662,3.38,Critical
10933,1,1,0.6973,30.27,Poor
10934,0,0,0.1133,88.67,Excellent
10935,0,0,0.0542,94.58,Excellent
10936,0,0,0.1252,87.48,Excellent
10937,0,0,0.2265,77.35,Good
10938,1,1,0.8047,19.53,Critical
10939,1,1,0.9311,6.89,Critical
10940,0,0,0.2187,78.13,Good
10941,0,0,0.1454,85.46,Excellent
10942,1,1,0.9356,6.44,Critical
10943,1,1,0.7424,25.76,Poor
10944,1,1,0.9519,4.81,Critical
10945,1,1,0.8605,13.95,Critical
10946,0,0,0.0351,96.49,Excellent
10947,1,1,0.9275,7.25,Critical
10948,1,1,0.9265,7.35,Critical
10949,0,0,0.1361,86.39,Excellent
10950,1,1,0.9634,3.66,Critical
10951,1,1,0.8928,10.72,Critical
10952,0,0,0.0634,93.66,Excellent
10953,1,1,0.5944,40.56,Fair
10954,1,1,0.9119,8.81,Critical
10955,0,0,0.1056,89.44,Excellent
10956,1,1,0.8214,17.86,Critical
10957,0,0,0.0811,91.89,Excellent
10958,0,0,0.2876,71.24,Good
10959,0,0,0.1832,81.68,Excellent
10960,1,1,0.8606,13.94,Critical
10961,0,0,0.1424,85.76,Excellent
10962,0,0,0.1866,81.34,Excellent
10963,0,0,0.1923,80.77,Excellent
10964,0,0,0.0654,93.46,Excellent
10965,0,0,0.051,94.9,Excellent
10966,1,1,0.9117,8.83,Critical
10967,0,0,0.227,77.3,Good
10968,0,0,0.2581,74.19,Good
10969,1,1,0.8856,11.44,Critical
10970,0,0,0.1468,85.32,Excellent
10971,1,1,0.8328,16.72,Critical
10972,1,1,0.9219,7.81,Critical
10973,0,0,0.2471,75.29,Good
10974,0,0,0.0777,92.23,Excellent
10975,0,0,0.1139,88.61,Excellent
10976,1,1,0.8925,10.75,Critical
10977,1,1,0.5789,42.11,Fair
10978,0,0,0.1313,86.87,Excellent
10979,0,0,0.2331,76.69,Good
10980,0,0,0.0879,91.21,Excellent
10981,0,0,0.144,85.6,Excellent
10982,1,1,0.8769,12.31,Critical
10983,1,1,0.7914,20.86,Poor
10984,0,0,0.1625,83.75,Excellent
10985,0,0,0.0614,93.86,Excellent
10986,0,0,0.0714,92.86,Excellent
10987,0,0,0.1256,87.44,Excellent
10988,1,1,0.744,25.6,Poor
10989,0,0,0.1906,80.94,Excellent
10990,1,1,0.5635,43.65,Fair
10991,0,0,0.4648,53.52,Fair
10992,0,0,0.1918,80.82,Excellent
10993,1,1,0.7564,24.36,Poor
10994,0,0,0.0996,90.04,Excellent
10995,0,0,0.1517,84.83,Excellent
10996,1,1,0.9722,2.78,Critical
10997,0,0,0.0448,95.52,Excellent
10998,0,0,0.1575,84.25,Excellent
10999,0,0,0.2736,72.64,Good
11000,1,1,0.9079,9.21,Critical
11001,0,0,0.1148,88.52,Excellent
11002,0,0,0.1218,87.82,Excellent
11003,0,0,0.0723,92.77,Excellent
11004,1,1,0.8228,17.72,Critical
11005,1,1,0.9847,1.53,Critical
11006,0,0,0.1987,80.13,Excellent
11007,1,1,0.9477,5.23,Critical
11008,1,1,0.8496,15.04,Critical
11009,1,1,0.8248,17.52,Critical
11010,0,0,0.4636,53.64,Fair
11011,1,1,0.9693,3.07,Critical
11012,0,0,0.0579,94.21,Excellent
11013,0,0,0.2381,76.19,Good
11014,0,0,0.0667,93.33,Excellent
11015,0,0,0.3381,66.19,Good
11016,0,0,0.0818,91.82,Excellent
11017,0,0,0.1117,88.83,Excellent
11018,1,1,0.7105,28.95,Poor
11019,0,0,0.1705,82.95,Excellent
11020,0,0,0.1056,89.44,Excellent
11021,1,1,0.8302,16.98,Critical
11022,0,0,0.1952,80.48,Excellent
11023,0,0,0.0863,91.37,Excellent
11024,1,1,0.9007,9.93,Critical
11025,1,1,0.8796,12.04,Critical
11026,1,1,0.924,7.6,Critical
11027,0,0,0.3758,62.42,Good
11028,0,0,0.2499,75.01,Good
11029,1,1,0.8546,14.54,Critical
11030,1,1,0.868,13.2,Critical
11031,0,0,0.1259,87.41,Excellent
11032,1,1,0.941,5.9,Critical
11033,0,0,0.2261,77.39,Good
11034,0,0,0.1845,81.55,Excellent
11035,1,1,0.8531,14.69,Critical
11036,1,1,0.5699,43.01,Fair
11037,1,1,0.867,13.3,Critical
11038,1,1,0.6276,37.24,Poor
11039,1,1,0.8097,19.03,Critical
11040,1,1,0.8919,10.81,Critical
11041,0,0,0.1594,84.06,Excellent
11042,1,1,0.8816,11.84,Critical
11043,0,0,0.1281,87.19,Excellent
11044,0,0,0.0402,95.98,Excellent
11045,0,0,0.1328,86.72,Excellent
11046,0,0,0.0957,90.43,Excellent
11047,0,0,0.2768,72.32,Good
11048,1,1,0.9274,7.26,Critical
11049,0,1,0.5491,45.09,Fair
11050,1,1,0.8024,19.76,Critical
11051,0,0,0.1121,88.79,Excellent
11052,0,0,0.0858,91.42,Excellent
11053,0,0,0.3033,69.67,Good
11054,0,0,0.1259,87.41,Excellent
11055,1,1,0.8773,12.27,Critical
11056,0,0,0.1268,87.32,Excellent
11057,0,0,0.1613,83.87,Excellent
11058,0,0,0.1552,84.48,Excellent
11059,1,1,0.9295,7.05,Critical
11060,0,0,0.1113,88.87,Excellent
11061,1,1,0.9115,8.85,Critical
11062,0,0,0.1129,88.71,Excellent
11063,0,0,0.1884,81.16,Excellent
11064,0,0,0.1294,87.06,Excellent
11065,1,1,0.946,5.4,Critical
11066,0,0,0.0843,91.57,Excellent
11067,1,1,0.8186,18.14,Critical
11068,1,1,0.9874,1.26,Critical
11069,0,0,0.2293,77.07,Good
11070,1,1,0.9284,7.16,Critical
11071,1,1,0.7606,23.94,Poor
11072,1,1,0.808,19.2,Critical
11073,1,1,0.8123,18.77,Critical
11074,0,0,0.138,86.2,Excellent
11075,1,1,0.8423,15.77,Critical
11076,1,1,0.795,20.5,Poor
11077,0,0,0.3708,62.92,Good
11078,1,1,0.6863,31.37,Poor
11079,1,1,0.9627,3.73,Critical
11080,1,1,0.9311,6.89,Critical
11081,1,1,0.6807,31.93,Poor
11082,1,1,0.9731,2.69,Critical
11083,0,0,0.1256,87.44,Excellent
11084,0,0,0.0459,95.41,Excellent
11085,0,0,0.1247,87.53,Excellent
11086,1,1,0.8129,18.71,Critical
11087,0,0,0.2211,77.89,Good
11088,0,0,0.1647,83.53,Excellent
11089,1,1,0.9692,3.08,Critical
11090,0,0,0.179,82.1,Excellent
11091,1,1,0.9327,6.73,Critical
11092,1,1,0.8546,14.54,Critical
11093,1,1,0.8794,12.06,Critical
11094,1,1,0.9213,7.87,Critical
11095,1,1,0.9407,5.93,Critical
11096,1,1,0.9387,6.13,Critical
11097,0,0,0.0955,90.45,Excellent
11098,0,0,0.1641,83.59,Excellent
11099,1,1,0.7132,28.68,Poor
11100,1,1,0.5948,40.52,Fair
11101,0,0,0.0991,90.09,Excellent
11102,1,1,0.8314,16.86,Critical
11103,1,1,0.6808,31.92,Poor
11104,0,0,0.0664,93.36,Excellent
11105,1,1,0.9266,7.34,Critical
11106,1,1,0.6399,36.01,Poor
11107,0,0,0.1215,87.85,Excellent
11108,1,1,0.7947,20.53,Poor
11109,0,0,0.0504,94.96,Excellent
11110,0,0,0.0452,95.48,Excellent
11111,0,0,0.3357,66.43,Good
11112,1,1,0.5292,47.08,Fair
11113,1,1,0.7328,26.72,Poor
11114,0,0,0.3374,66.26,Good
11115,0,0,0.0432,95.68,Excellent
11116,0,0,0.3359,66.41,Good
11117,0,0,0.1561,84.39,Excellent
11118,0,0,0.0804,91.96,Excellent
11119,0,0,0.1366,86.34,Excellent
11120,1,1,0.7529,24.71,Poor
11121,0,0,0.495,50.5,Fair
11122,1,1,0.9657,3.43,Critical
11123,1,1,0.8958,10.42,Critical
11124,1,1,0.8708,12.92,Critical
11125,0,0,0.1368,86.32,Excellent
11126,1,1,0.9308,6.92,Critical
11127,0,0,0.2631,73.69,Good
11128,0,0,0.1905,80.95,Excellent
11129,1,1,0.8305,16.95,Critical
11130,1,1,0.6817,31.83,Poor
11131,1,1,0.9243,7.57,Critical
11132,1,1,0.7217,27.83,Poor
11133,0,0,0.1209,87.91,Excellent
11134,0,0,0.0869,91.31,Excellent
11135,1,1,0.9739,2.61,Critical
11136,1,1,0.8377,16.23,Critical
11137,0,0,0.0911,90.89,Excellent
11138,1,1,0.7123,28.77,Poor
11139,0,0,0.2581,74.19,Good
11140,0,0,0.0859,91.41,Excellent
11141,1,1,0.762,23.8,Poor
11142,0,0,0.2008,79.92,Good
11143,0,0,0.1574,84.26,Excellent
11144,1,1,0.5817,41.83,Fair
11145,0,0,0.0877,91.23,Excellent
11146,1,1,0.6549,34.51,Poor
11147,0,0,0.0823,91.77,Excellent
11148,1,1,0.9775,2.25,Critical
11149,1,1,0.8975,10.25,Critical
11150,0,0,0.0834,91.66,Excellent
11151,1,1,0.9562,4.38,Critical
11152,0,0,0.1444,85.56,Excellent
11153,0,0,0.3897,61.03,Good
11154,0,0,0.3451,65.49,Good
11155,0,0,0.1137,88.63,Excellent
11156,1,1,0.8447,15.53,Critical
11157,1,1,0.85,15.0,Critical
11158,1,1,0.7709,22.91,Poor
11159,0,0,0.0592,94.08,Excellent
11160,0,0,0.1324,86.76,Excellent
11161,0,0,0.0979,90.21,Excellent
11162,0,0,0.1091,89.09,Excellent
11163,0,0,0.2834,71.66,Good
11164,0,0,0.1959,80.41,Excellent
11165,1,1,0.7692,23.08,Poor
11166,1,1,0.9178,8.22,Critical
11167,0,0,0.1668,83.32,Excellent
11168,0,0,0.4219,57.81,Fair
11169,1,1,0.9041,9.59,Critical
11170,0,0,0.0736,92.64,Excellent
11171,0,0,0.2023,79.77,Good
11172,1,1,0.9289,7.11,Critical
11173,0,1,0.7003,29.97,Poor
11174,0,0,0.2999,70.01,Good
11175,1,1,0.9744,2.56,Critical
11176,0,0,0.1015,89.85,Excellent
11177,0,0,0.1873,81.27,Excellent
11178,0,0,0.0793,92.07,Excellent
11179,0,0,0.2683,73.17,Good
11180,1,1,0.8548,14.52,Critical
11181,0,0,0.1765,82.35,Excellent
11182,1,1,0.9855,1.45,Critical
11183,0,0,0.0755,92.45,Excellent
11184,0,0,0.1961,80.39,Excellent
11185,1,1,0.9869,1.31,Critical
11186,0,0,0.1238,87.62,Excellent
11187,0,0,0.1207,87.93,Excellent
11188,0,0,0.0766,92.34,Excellent
11189,1,1,0.8453,15.47,Critical
11190,1,1,0.8018,19.82,Critical
11191,0,0,0.3435,65.65,Good
11192,0,0,0.0393,96.07,Excellent
11193,0,0,0.1197,88.03,Excellent
11194,0,0,0.1084,89.16,Excellent
11195,0,0,0.173,82.7,Excellent
11196,1,1,0.6958,30.42,Poor
11197,0,0,0.1137,88.63,Excellent
11198,1,1,0.9571,4.29,Critical
11199,0,0,0.1627,83.73,Excellent
11200,1,1,0.952,4.8,Critical
11201,1,1,0.9867,1.33,Critical
11202,1,1,0.8496,15.04,Critical
11203,0,0,0.2035,79.65,Good
11204,1,1,0.9755,2.45,Critical
11205,1,1,0.691,30.9,Poor
11206,1,1,0.922,7.8,Critical
11207,1,1,0.9126,8.74,Critical
11208,1,1,0.6282,37.18,Poor
11209,1,1,0.6813,31.87,Poor
11210,1,1,0.8239,17.61,Critical
11211,1,1,0.8975,10.25,Critical
11212,0,0,0.0539,94.61,Excellent
11213,1,1,0.8287,17.13,Critical
11214,0,0,0.0665,93.35,Excellent
11215,1,1,0.7954,20.46,Poor
11216,0,0,0.3421,65.79,Good
11217,1,1,0.8558,14.42,Critical
11218,0,1,0.5482,45.18,Fair
11219,1,1,0.7665,23.35,Poor
11220,1,1,0.581,41.9,Fair
11221,1,1,0.916,8.4,Critical
11222,0,0,0.0902,90.98,Excellent
11223,1,1,0.8631,13.69,Critical
11224,0,0,0.1101,88.99,Excellent
11225,1,1,0.79,21.0,Poor
11226,0,0,0.0758,92.42,Excellent
11227,0,0,0.1816,81.84,Excellent
11228,1,1,0.9013,9.87,Critical
11229,0,0,0.161,83.9,Excellent
11230,0,0,0.0884,91.16,Excellent
11231,1,1,0.7792,22.08,Poor
11232,1,1,0.8576,14.24,Critical
11233,1,1,0.6097,39.03,Poor
11234,0,0,0.4008,59.92,Fair
11235,0,0,0.4009,59.91,Fair
11236,1,1,0.9407,5.93,Critical
11237,0,0,0.1692,83.08,Excellent
11238,1,1,0.7397,26.03,Poor
11239,1,1,0.8708,12.92,Critical
11240,1,1,0.8109,18.91,Critical
11241,0,0,0.3192,68.08,Good
11242,1,1,0.7085,29.15,Poor
11243,1,1,0.9053,9.47,Critical
11244,0,0,0.3404,65.96,Good
11245,0,0,0.1338,86.62,Excellent
11246,0,0,0.05,95.0,Excellent
11247,1,1,0.9119,8.81,Critical
11248,0,0,0.0921,90.79,Excellent
11249,1,1,0.8139,18.61,Critical
11250,0,0,0.059,94.1,Excellent
11251,1,1,0.9536,4.64,Critical
11252,0,0,0.1227,87.73,Excellent
11253,0,0,0.143,85.7,Excellent
11254,1,1,0.6129,38.71,Poor
11255,0,0,0.142,85.8,Excellent
11256,1,1,0.641,35.9,Poor
11257,1,1,0.8736,12.64,Critical
11258,1,1,0.8526,14.74,Critical
11259,0,0,0.1411,85.89,Excellent
11260,0,0,0.1225,87.75,Excellent
11261,1,1,0.8118,18.82,Critical
11262,1,1,0.8644,13.56,Critical
11263,0,0,0.0958,90.42,Excellent
11264,1,1,0.9787,2.13,Critical
11265,1,1,0.8953,10.47,Critical
11266,1,1,0.7225,27.75,Poor
11267,1,1,0.9355,6.45,Critical
11268,1,1,0.9121,8.79,Critical
11269,1,1,0.94,6.0,Critical
11270,0,0,0.1351,86.49,Excellent
11271,1,1,0.9663,3.37,Critical
11272,1,1,0.8789,12.11,Critical
11273,1,1,0.9082,9.18,Critical
11274,0,0,0.0536,94.64,Excellent
11275,1,0,0.4878,51.22,Fair
11276,1,1,0.7151,28.49,Poor
11277,1,1,0.8576,14.24,Critical
11278,1,1,0.9348,6.52,Critical
11279,1,1,0.6205,37.95,Poor
11280,1,0,0.4982,50.18,Fair
11281,0,0,0.1928,80.72,Excellent
11282,1,1,0.8763,12.37,Critical
11283,0,0,0.0881,91.19,Excellent
11284,1,1,0.5517,44.83,Fair
11285,1,1,0.647,35.3,Poor
11286,1,1,0.8261,17.39,Critical
11287,1,1,0.8795,12.05,Critical
11288,0,0,0.1454,85.46,Excellent
11289,1,1,0.9961,0.39,Critical
11290,0,0,0.0473,95.27,Excellent
11291,1,1,0.9848,1.52,Critical
11292,0,0,0.1201,87.99,Excellent
11293,1,1,0.9047,9.53,Critical
11294,1,1,0.9143,8.57,Critical
11295,0,0,0.0671,93.29,Excellent
11296,1,1,0.7986,20.14,Poor
11297,1,1,0.954,4.6,Critical
11298,0,0,0.0527,94.73,Excellent
11299,1,1,0.945,5.5,Critical
11300,0,0,0.1476,85.24,Excellent
11301,0,0,0.1218,87.82,Excellent
11302,1,1,0.9726,2.74,Critical
11303,1,1,0.9359,6.41,Critical
11304,0,0,0.2368,76.32,Good
11305,1,1,0.6722,32.78,Poor
11306,0,0,0.1297,87.03,Excellent
11307,0,0,0.1673,83.27,Excellent
11308,0,0,0.1471,85.29,Excellent
11309,1,1,0.8518,14.82,Critical
11310,1,1,0.7769,22.31,Poor
11311,1,1,0.9793,2.07,Critical
11312,0,0,0.1482,85.18,Excellent
11313,0,0,0.0698,93.02,Excellent
11314,1,1,0.8615,13.85,Critical
11315,1,1,0.8904,10.96,Critical
11316,1,1,0.7261,27.39,Poor
11317,1,1,0.9355,6.45,Critical
11318,1,1,0.6455,35.45,Poor
11319,0,0,0.3462,65.38,Good
11320,1,1,0.8459,15.41,Critical
11321,1,1,0.6626,33.74,Poor
11322,0,0,0.0749,92.51,Excellent
11323,0,0,0.1179,88.21,Excellent
11324,1,1,0.9235,7.65,Critical
11325,0,0,0.0938,90.62,Excellent
11326,1,1,0.8147,18.53,Critical
11327,0,0,0.3645,63.55,Good
11328,1,1,0.8461,15.39,Critical
11329,0,0,0.3001,69.99,Good
11330,1,1,0.6866,31.34,Poor
11331,0,0,0.0856,91.44,Excellent
11332,0,0,0.2022,79.78,Good
11333,1,1,0.7615,23.85,Poor
11334,1,1,0.701,29.9,Poor
11335,0,0,0.0632,93.68,Excellent
11336,1,1,0.7848,21.52,Poor
11337,1,1,0.6741,32.59,Poor
11338,0,0,0.2459,75.41,Good
11339,1,1,0.9061,9.39,Critical
11340,1,1,0.9785,2.15,Critical
11341,1,1,0.8827,11.73,Critical
11342,0,0,0.0655,93.45,Excellent
11343,1,1,0.5549,44.51,Fair
11344,0,0,0.1705,82.95,Excellent
11345,1,1,0.8813,11.87,Critical
11346,0,0,0.0768,92.32,Excellent
11347,0,0,0.1281,87.19,Excellent
11348,1,1,0.8595,14.05,Critical
11349,0,0,0.1111,88.89,Excellent
11350,0,0,0.3238,67.62,Good
11351,0,0,0.0558,94.42,Excellent
11352,1,1,0.9163,8.37,Critical
11353,0,0,0.088,91.2,Excellent
11354,0,0,0.1077,89.23,Excellent
11355,0,0,0.4409,55.91,Fair
11356,1,1,0.9464,5.36,Critical
11357,1,1,0.9081,9.19,Critical
11358,1,1,0.8068,19.32,Critical
11359,0,0,0.1474,85.26,Excellent
11360,0,0,0.1964,80.36,Excellent
11361,1,1,0.9127,8.73,Critical
11362,0,0,0.2471,75.29,Good
11363,0,0,0.075,92.5,Excellent
11364,1,1,0.9256,7.44,Critical
11365,0,0,0.2182,78.18,Good
11366,0,0,0.0829,91.71,Excellent
11367,0,0,0.168,83.2,Excellent
11368,1,1,0.9608,3.92,Critical
11369,1,1,0.8787,12.13,Critical
11370,0,0,0.1241,87.59,Excellent
11371,0,0,0.0855,91.45,Excellent
11372,0,0,0.0976,90.24,Excellent
11373,0,0,0.0905,90.95,Excellent
11374,0,0,0.3161,68.39,Good
11375,0,0,0.1138,88.62,Excellent
11376,1,1,0.9233,7.67,Critical
11377,1,1,0.6707,32.93,Poor
11378,0,0,0.1172,88.28,Excellent
11379,0,0,0.1669,83.31,Excellent
11380,1,1,0.9346,6.54,Critical
11381,0,0,0.1448,85.52,Excellent
11382,0,0,0.1403,85.97,Excellent
11383,0,0,0.1853,81.47,Excellent
11384,1,1,0.8795,12.05,Critical
11385,1,1,0.95,5.0,Critical
11386,0,0,0.1345,86.55,Excellent
11387,0,0,0.0652,93.48,Excellent
11388,0,0,0.1723,82.77,Excellent
11389,0,0,0.1299,87.01,Excellent
11390,0,0,0.1322,86.78,Excellent
11391,0,0,0.0861,91.39,Excellent
11392,1,1,0.9032,9.68,Critical
11393,0,0,0.1234,87.66,Excellent
11394,0,1,0.5283,47.17,Fair
11395,1,1,0.9948,0.52,Critical
11396,0,1,0.5053,49.47,Fair
11397,1,1,0.8361,16.39,Critical
11398,0,0,0.1947,80.53,Excellent
11399,1,1,0.6855,31.45,Poor
11400,0,0,0.1475,85.25,Excellent
11401,1,1,0.9954,0.46,Critical
11402,1,1,0.765,23.5,Poor
11403,0,0,0.0899,91.01,Excellent
11404,1,1,0.766,23.4,Poor
11405,1,1,0.7298,27.02,Poor
11406,1,1,0.6074,39.26,Poor
11407,0,0,0.0614,93.86,Excellent
11408,1,1,0.6588,34.12,Poor
11409,0,0,0.0639,93.61,Excellent
11410,0,0,0.0785,92.15,Excellent
11411,0,0,0.3929,60.71,Good
11412,0,0,0.4024,59.76,Fair
11413,0,0,0.0839,91.61,Excellent
11414,0,0,0.098,90.2,Excellent
11415,1,1,0.9756,2.44,Critical
11416,1,1,0.9598,4.02,Critical
11417,1,1,0.8151,18.49,Critical
11418,0,0,0.1262,87.38,Excellent
11419,1,1,0.8577,14.23,Critical
11420,1,1,0.8891,11.09,Critical
11421,1,1,0.6798,32.02,Poor
11422,1,1,0.9529,4.71,Critical
11423,1,1,0.961,3.9,Critical
11424,0,1,0.671,32.9,Poor
11425,1,1,0.6045,39.55,Poor
11426,0,0,0.1463,85.37,Excellent
11427,1,1,0.7055,29.45,Poor
11428,1,1,0.9636,3.64,Critical
11429,1,1,0.9561,4.39,Critical
11430,1,1,0.7899,21.01,Poor
11431,0,0,0.169,83.1,Excellent
11432,1,1,0.9469,5.31,Critical
11433,1,1,0.8968,10.32,Critical
11434,1,1,0.6316,36.84,Poor
11435,1,1,0.9514,4.86,Critical
11436,0,0,0.1452,85.48,Excellent
11437,0,0,0.0771,92.29,Excellent
11438,0,0,0.1777,82.23,Excellent
11439,0,0,0.227,77.3,Good
11440,1,1,0.916,8.4,Critical
11441,1,1,0.7296,27.04,Poor
11442,0,0,0.1592,84.08,Excellent
11443,0,0,0.2005,79.95,Good
11444,1,1,0.791,20.9,Poor
11445,0,0,0.1264,87.36,Excellent
11446,1,1,0.8096,19.04,Critical
11447,1,1,0.7815,21.85,Poor
11448,0,0,0.1993,80.07,Excellent
11449,0,0,0.1988,80.12,Excellent
11450,1,1,0.7137,28.63,Poor
11451,1,1,0.9221,7.79,Critical
11452,1,1,0.8145,18.55,Critical
11453,0,0,0.1695,83.05,Excellent
11454,0,0,0.1434,85.66,Excellent
11455,0,0,0.1475,85.25,Excellent
11456,0,0,0.2406,75.94,Good
11457,1,0,0.4384,56.16,Fair
11458,0,0,0.2567,74.33,Good
11459,0,0,0.2091,79.09,Good
11460,1,1,0.9827,1.73,Critical
11461,0,0,0.1337,86.63,Excellent
11462,1,1,0.8412,15.88,Critical
11463,0,0,0.2385,76.15,Good
11464,1,1,0.8443,15.57,Critical
11465,0,0,0.0724,92.76,Excellent
11466,1,1,0.7384,26.16,Poor
11467,1,1,0.9442,5.58,Critical
11468,0,0,0.0516,94.84,Excellent
11469,1,1,0.9316,6.84,Critical
11470,1,1,0.8951,10.49,Critical
11471,1,1,0.8323,16.77,Critical
11472,0,0,0.1498,85.02,Excellent
11473,1,1,0.6581,34.19,Poor
11474,0,0,0.0953,90.47,Excellent
11475,0,0,0.0771,92.29,Excellent
11476,1,1,0.9652,3.48,Critical
11477,0,0,0.0745,92.55,Excellent
11478,1,1,0.9508,4.92,Critical
11479,0,0,0.1477,85.23,Excellent
11480,1,1,0.6702,32.98,Poor
11481,1,1,0.9955,0.45,Critical
11482,0,0,0.3155,68.45,Good
11483,0,0,0.1626,83.74,Excellent
11484,0,0,0.0944,90.56,Excellent
11485,0,0,0.2213,77.87,Good
11486,1,1,0.9455,5.45,Critical
11487,0,0,0.2136,78.64,Good
11488,0,0,0.4959,50.41,Fair
11489,1,1,0.9902,0.98,Critical
11490,0,0,0.1882,81.18,Excellent
11491,0,0,0.1636,83.64,Excellent
11492,1,1,0.8565,14.35,Critical
11493,0,0,0.1588,84.12,Excellent
11494,1,1,0.8371,16.29,Critical
11495,0,0,0.1134,88.66,Excellent
11496,0,0,0.1448,85.52,Excellent
11497,0,0,0.2355,76.45,Good
11498,1,1,0.9038,9.62,Critical
11499,0,0,0.0758,92.42,Excellent
11500,0,0,0.3013,69.87,Good
11501,0,0,0.1251,87.49,Excellent
11502,1,1,0.9266,7.34,Critical
11503,1,1,0.7455,25.45,Poor
11504,1,1,0.8101,18.99,Critical
11505,1,1,0.8101,18.99,Critical
11506,0,0,0.0857,91.43,Excellent
11507,1,1,0.6415,35.85,Poor
11508,0,0,0.0528,94.72,Excellent
11509,1,1,0.9297,7.03,Critical
11510,1,1,0.7459,25.41,Poor
11511,1,1,0.8918,10.82,Critical
11512,0,0,0.1371,86.29,Excellent
11513,1,1,0.9213,7.87,Critical
11514,1,1,0.7388,26.12,Poor
11515,0,0,0.0714,92.86,Excellent
11516,0,0,0.1336,86.64,Excellent
11517,1,1,0.825,17.5,Critical
11518,1,1,0.854,14.6,Critical
11519,0,0,0.13,87.0,Excellent
11520,1,1,0.8357,16.43,Critical
11521,1,1,0.8464,15.36,Critical
11522,0,0,0.4605,53.95,Fair
11523,0,0,0.0634,93.66,Excellent
11524,0,0,0.0883,91.17,Excellent
11525,1,1,0.9512,4.88,Critical
11526,1,1,0.8398,16.02,Critical
11527,0,0,0.0651,93.49,Excellent
11528,1,1,0.9176,8.24,Critical
11529,0,0,0.0884,91.16,Excellent
11530,1,1,0.9091,9.09,Critical
11531,1,1,0.8742,12.58,Critical
11532,0,0,0.3367,66.33,Good
11533,1,1,0.8538,14.62,Critical
11534,1,1,0.8459,15.41,Critical
11535,0,0,0.1181,88.19,Excellent
11536,1,1,0.8146,18.54,Critical
11537,0,0,0.1787,82.13,Excellent
11538,1,1,0.7848,21.52,Poor
11539,0,0,0.0989,90.11,Excellent
11540,1,1,0.8883,11.17,Critical
11541,1,1,0.8751,12.49,Critical
11542,0,0,0.0636,93.64,Excellent
11543,0,0,0.0389,96.11,Excellent
11544,1,1,0.9677,3.23,Critical
11545,1,1,0.7385,26.15,Poor
11546,1,1,0.8308,16.92,Critical
11547,1,1,0.9138,8.62,Critical
11548,0,0,0.2139,78.61,Good
11549,0,0,0.3598,64.02,Good
11550,0,0,0.0798,92.02,Excellent
11551,1,1,0.9273,7.27,Critical
11552,0,0,0.1036,89.64,Excellent
11553,0,0,0.2268,77.32,Good
11554,1,1,0.8291,17.09,Critical
11555,0,0,0.106,89.4,Excellent
11556,0,0,0.1325,86.75,Excellent
11557,0,0,0.1673,83.27,Excellent
11558,1,1,0.7962,20.38,Poor
11559,1,1,0.7979,20.21,Poor
11560,0,0,0.1076,89.24,Excellent
11561,1,1,0.833,16.7,Critical
11562,1,1,0.6249,37.51,Poor
11563,1,1,0.9802,1.98,Critical
11564,0,0,0.1872,81.28,Excellent
11565,0,0,0.1967,80.33,Excellent
11566,0,0,0.4782,52.18,Fair
11567,0,0,0.1066,89.34,Excellent
11568,1,1,0.8038,19.62,Critical
11569,0,0,0.1576,84.24,Excellent
11570,0,0,0.0932,90.68,Excellent
11571,1,1,0.7475,25.25,Poor
11572,0,0,0.2067,79.33,Good
11573,0,0,0.0984,90.16,Excellent
11574,1,1,0.9461,5.39,Critical
11575,0,0,0.1803,81.97,Excellent
11576,0,0,0.1181,88.19,Excellent
11577,0,0,0.1259,87.41,Excellent
11578,0,0,0.1262,87.38,Excellent
11579,1,1,0.9166,8.34,Critical
11580,0,0,0.1615,83.85,Excellent
11581,1,1,0.9341,6.59,Critical
11582,0,0,0.1341,86.59,Excellent
11583,0,0,0.1178,88.22,Excellent
11584,0,0,0.1133,88.67,Excellent
11585,0,0,0.3781,62.19,Good
11586,0,0,0.2185,78.15,Good
11587,0,0,0.0851,91.49,Excellent
11588,0,0,0.1892,81.08,Excellent
11589,0,0,0.1534,84.66,Excellent
11590,0,0,0.3151,68.49,Good
11591,1,1,0.9228,7.72,Critical
11592,1,1,0.8592,14.08,Critical
11593,0,0,0.0801,91.99,Excellent
11594,0,0,0.058,94.2,Excellent
11595,1,1,0.9405,5.95,Critical
11596,0,0,0.2221,77.79,Good
11597,0,0,0.2031,79.69,Good
11598,1,1,0.6336,36.64,Poor
11599,1,1,0.9547,4.53,Critical
11600,0,0,0.1198,88.02,Excellent
11601,0,0,0.2103,78.97,Good
11602,1,1,0.9198,8.02,Critical
11603,1,1,0.703,29.7,Poor
11604,1,1,0.791,20.9,Poor
11605,0,0,0.1105,88.95,Excellent
11606,1,1,0.9239,7.61,Critical
11607,1,1,0.7946,20.54,Poor
11608,0,0,0.1607,83.93,Excellent
11609,0,0,0.1631,83.69,Excellent
11610,1,1,0.9128,8.72,Critical
11611,1,1,0.8943,10.57,Critical
11612,1,1,0.7742,22.58,Poor
11613,0,0,0.0683,93.17,Excellent
11614,1,1,0.925,7.5,Critical
11615,0,0,0.0886,91.14,Excellent
11616,0,0,0.0922,90.78,Excellent
11617,1,1,0.8825,11.75,Critical
11618,0,0,0.0841,91.59,Excellent
11619,1,1,0.9025,9.75,Critical
11620,1,1,0.9044,9.56,Critical
11621,0,0,0.1083,89.17,Excellent
11622,1,1,0.7546,24.54,Poor
11623,0,0,0.1165,88.35,Excellent
11624,1,1,0.7781,22.19,Poor
11625,1,1,0.9364,6.36,Critical
11626,0,0,0.1916,80.84,Excellent
11627,0,0,0.2247,77.53,Good
11628,0,0,0.2318,76.82,Good
11629,1,1,0.8935,10.65,Critical
11630,1,1,0.7574,24.26,Poor
11631,0,0,0.2574,74.26,Good
11632,0,0,0.0607,93.93,Excellent
11633,0,0,0.3519,64.81,Good
11634,0,0,0.18,82.0,Excellent
11635,1,1,0.8919,10.81,Critical
11636,0,0,0.1153,88.47,Excellent
11637,1,1,0.7177,28.23,Poor
11638,0,0,0.1201,87.99,Excellent
11639,0,0,0.1326,86.74,Excellent
11640,0,0,0.2011,79.89,Good
11641,1,1,0.8119,18.81,Critical
11642,0,0,0.1857,81.43,Excellent
11643,1,1,0.7809,21.91,Poor
11644,1,0,0.486,51.4,Fair
11645,1,1,0.847,15.3,Critical
11646,0,0,0.1872,81.28,Excellent
11647,0,0,0.2492,75.08,Good
11648,0,0,0.2037,79.63,Good
11649,0,0,0.2629,73.71,Good
11650,1,1,0.5572,44.28,Fair
11651,1,1,0.8404,15.96,Critical
11652,1,1,0.9036,9.64,Critical
11653,0,0,0.0931,90.69,Excellent
11654,0,0,0.3065,69.35,Good
11655,1,1,0.9195,8.05,Critical
11656,0,0,0.0527,94.73,Excellent
11657,0,0,0.1187,88.13,Excellent
11658,1,1,0.9074,9.26,Critical
11659,1,1,0.9272,7.28,Critical
11660,1,1,0.9381,6.19,Critical
11661,1,1,0.9925,0.75,Critical
11662,0,0,0.1756,82.44,Excellent
11663,0,0,0.066,93.4,Excellent
11664,1,1,0.936,6.4,Critical
11665,1,1,0.8441,15.59,Critical
11666,1,1,0.7389,26.11,Poor
11667,1,1,0.8345,16.55,Critical
11668,1,1,0.9444,5.56,Critical
11669,0,0,0.1016,89.84,Excellent
11670,1,1,0.7103,28.97,Poor
11671,1,1,0.8479,15.21,Critical
11672,1,1,0.906,9.4,Critical
11673,0,0,0.0718,92.82,Excellent
11674,0,0,0.0643,93.57,Excellent
11675,1,1,0.9134,8.66,Critical
11676,0,0,0.1328,86.72,Excellent
11677,1,1,0.5014,49.86,Fair
11678,1,1,0.7318,26.82,Poor
11679,1,1,0.8863,11.37,Critical
11680,0,0,0.2531,74.69,Good
11681,1,1,0.9216,7.84,Critical
11682,0,0,0.2657,73.43,Good
11683,1,1,0.8536,14.64,Critical
11684,0,0,0.1542,84.58,Excellent
11685,0,0,0.1416,85.84,Excellent
11686,1,1,0.9062,9.38,Critical
11687,0,0,0.1335,86.65,Excellent
11688,0,0,0.0959,90.41,Excellent
11689,1,1,0.9614,3.86,Critical
11690,1,1,0.9447,5.53,Critical
11691,1,0,0.4325,56.75,Fair
11692,0,0,0.3026,69.74,Good
11693,0,0,0.1503,84.97,Excellent
11694,0,0,0.1777,82.23,Excellent
11695,1,1,0.5263,47.37,Fair
11696,0,0,0.1326,86.74,Excellent
11697,1,1,0.6675,33.25,Poor
11698,0,0,0.0934,90.66,Excellent
11699,0,0,0.0814,91.86,Excellent
11700,0,0,0.2266,77.34,Good
11701,1,1,0.614,38.6,Poor
11702,1,1,0.8756,12.44,Critical
11703,1,1,0.8384,16.16,Critical
11704,0,0,0.2214,77.86,Good
11705,0,0,0.1696,83.04,Excellent
11706,1,1,0.8176,18.24,Critical
11707,0,0,0.18,82.0,Excellent
11708,0,0,0.0668,93.32,Excellent
11709,1,1,0.8054,19.46,Critical
11710,1,1,0.9659,3.41,Critical
11711,1,1,0.6376,36.24,Poor
11712,0,0,0.1153,88.47,Excellent
11713,0,0,0.0804,91.96,Excellent
11714,1,1,0.9149,8.51,Critical
11715,0,0,0.2287,77.13,Good
11716,1,1,0.7927,20.73,Poor
11717,0,0,0.1384,86.16,Excellent
11718,1,1,0.741,25.9,Poor
11719,1,1,0.6063,39.37,Poor
11720,1,1,0.9801,1.99,Critical
11721,0,0,0.062,93.8,Excellent
11722,1,1,0.7039,29.61,Poor
11723,0,0,0.4002,59.98,Fair
11724,1,1,0.7062,29.38,Poor
11725,0,0,0.1325,86.75,Excellent
11726,0,0,0.2835,71.65,Good
11727,0,0,0.2346,76.54,Good
11728,1,1,0.8745,12.55,Critical
11729,1,1,0.8164,18.36,Critical
11730,1,1,0.8208,17.92,Critical
11731,1,1,0.944,5.6,Critical
11732,1,1,0.923,7.7,Critical
11733,1,1,0.7372,26.28,Poor
11734,0,0,0.0973,90.27,Excellent
11735,1,1,0.8203,17.97,Critical
11736,1,1,0.9102,8.98,Critical
11737,0,0,0.0594,94.06,Excellent
11738,1,1,0.949,5.1,Critical
11739,1,1,0.931,6.9,Critical
11740,1,1,0.8703,12.97,Critical
11741,1,1,0.8883,11.17,Critical
11742,1,1,0.6394,36.06,Poor
11743,0,0,0.0869,91.31,Excellent
11744,0,0,0.0688,93.12,Excellent
11745,1,1,0.7673,23.27,Poor
11746,0,0,0.0973,90.27,Excellent
11747,1,1,0.9036,9.64,Critical
11748,1,1,0.949,5.1,Critical
11749,1,1,0.972,2.8,Critical
11750,1,0,0.4735,52.65,Fair
11751,0,0,0.1509,84.91,Excellent
11752,1,1,0.7418,25.82,Poor
11753,0,0,0.0691,93.09,Excellent
11754,1,1,0.9067,9.33,Critical
11755,1,1,0.9184,8.16,Critical
11756,1,0,0.33,67.0,Good
11757,1,1,0.9047,9.53,Critical
11758,1,0,0.4315,56.85,Fair
11759,0,0,0.0729,92.71,Excellent
11760,1,1,0.9359,6.41,Critical
11761,1,1,0.6817,31.83,Poor
11762,1,1,0.9217,7.83,Critical
11763,0,0,0.1608,83.92,Excellent
11764,0,0,0.0551,94.49,Excellent
11765,0,0,0.406,59.4,Fair
11766,1,1,0.95,5.0,Critical
11767,1,1,0.827,17.3,Critical
11768,0,0,0.1042,89.58,Excellent
11769,0,0,0.2845,71.55,Good
11770,1,0,0.487,51.3,Fair
11771,1,1,0.8855,11.45,Critical
11772,0,0,0.3129,68.71,Good
11773,0,0,0.1279,87.21,Excellent
11774,1,1,0.928,7.2,Critical
11775,0,0,0.121,87.9,Excellent
11776,1,1,0.9837,1.63,Critical
11777,1,1,0.8139,18.61,Critical
11778,0,0,0.0605,93.95,Excellent
11779,0,0,0.1338,86.62,Excellent
11780,0,0,0.2835,71.65,Good
11781,1,1,0.6303,36.97,Poor
11782,0,0,0.28,72.0,Good
11783,0,0,0.0637,93.63,Excellent
11784,0,0,0.085,91.5,Excellent
11785,0,0,0.056,94.4,Excellent
11786,1,1,0.9296,7.04,Critical
11787,1,1,0.6445,35.55,Poor
11788,0,0,0.1291,87.09,Excellent
11789,1,1,0.5784,42.16,Fair
11790,1,1,0.7885,21.15,Poor
11791,1,1,0.858,14.2,Critical
11792,0,0,0.0758,92.42,Excellent
11793,0,0,0.0893,91.07,Excellent
11794,1,1,0.8549,14.51,Critical
11795,0,0,0.1989,80.11,Excellent
11796,1,1,0.5299,47.01,Fair
11797,1,1,0.5076,49.24,Fair
11798,1,1,0.8935,10.65,Critical
11799,0,0,0.1829,81.71,Excellent
11800,1,1,0.7373,26.27,Poor
11801,1,1,0.7846,21.54,Poor
11802,1,1,0.9481,5.19,Critical
11803,1,0,0.4224,57.76,Fair
11804,1,1,0.8582,14.18,Critical
11805,1,1,0.7998,20.02,Poor
11806,1,1,0.866,13.4,Critical
11807,1,1,0.9452,5.48,Critical
11808,1,1,0.8426,15.74,Critical
11809,0,0,0.192,80.8,Excellent
11810,0,0,0.1687,83.13,Excellent
11811,0,0,0.0974,90.26,Excellent
11812,0,0,0.0737,92.63,Excellent
11813,1,1,0.863,13.7,Critical
11814,1,1,0.7392,26.08,Poor
11815,1,1,0.8075,19.25,Critical
11816,1,1,0.9427,5.73,Critical
11817,0,0,0.2322,76.78,Good
11818,0,0,0.4649,53.51,Fair
11819,0,0,0.0844,91.56,Excellent
11820,0,0,0.168,83.2,Excellent
11821,1,1,0.9637,3.63,Critical
11822,1,1,0.8859,11.41,Critical
11823,0,0,0.121,87.9,Excellent
11824,1,1,0.7627,23.73,Poor
11825,1,1,0.8564,14.36,Critical
11826,0,0,0.0256,97.44,Excellent
11827,0,0,0.1062,89.38,Excellent
11828,0,0,0.049,95.1,Excellent
11829,0,0,0.0771,92.29,Excellent
11830,1,1,0.8057,19.43,Critical
11831,1,1,0.7884,21.16,Poor
11832,1,1,0.8245,17.55,Critical
11833,0,0,0.0803,91.97,Excellent
11834,0,0,0.2205,77.95,Good
11835,0,0,0.183,81.7,Excellent
11836,0,0,0.0845,91.55,Excellent
11837,0,0,0.0932,90.68,Excellent
11838,0,0,0.1624,83.76,Excellent
11839,0,0,0.1705,82.95,Excellent
11840,1,1,0.808,19.2,Critical
11841,0,0,0.0658,93.42,Excellent
11842,0,0,0.0959,90.41,Excellent
11843,0,0,0.1862,81.38,Excellent
11844,1,1,0.938,6.2,Critical
11845,0,0,0.16,84.0,Excellent
11846,1,1,0.8703,12.97,Critical
11847,1,1,0.7088,29.12,Poor
11848,0,0,0.1068,89.32,Excellent
11849,0,0,0.2004,79.96,Good
11850,1,1,0.8137,18.63,Critical
11851,0,0,0.1341,86.59,Excellent
11852,1,1,0.952,4.8,Critical
11853,0,0,0.1218,87.82,Excellent
11854,0,0,0.2369,76.31,Good
11855,1,1,0.7043,29.57,Poor
11856,1,1,0.7124,28.76,Poor
11857,1,1,0.8415,15.85,Critical
11858,1,1,0.9393,6.07,Critical
11859,1,1,0.9299,7.01,Critical
11860,0,0,0.1059,89.41,Excellent
11861,1,1,0.8365,16.35,Critical
11862,0,0,0.1128,88.72,Excellent
11863,0,0,0.0777,92.23,Excellent
11864,0,0,0.1064,89.36,Excellent
11865,0,0,0.0852,91.48,Excellent
11866,1,1,0.7641,23.59,Poor
11867,0,0,0.192,80.8,Excellent
11868,0,0,0.2546,74.54,Good
11869,0,0,0.1285,87.15,Excellent
11870,0,0,0.112,88.8,Excellent
11871,0,0,0.1967,80.33,Excellent
11872,0,0,0.1372,86.28,Excellent
11873,0,0,0.0863,91.37,Excellent
11874,1,1,0.9291,7.09,Critical
11875,0,0,0.1253,87.47,Excellent
11876,1,1,0.8597,14.03,Critical
11877,1,1,0.752,24.8,Poor
11878,0,0,0.1021,89.79,Excellent
11879,0,0,0.1606,83.94,Excellent
11880,1,1,0.7083,29.17,Poor
11881,1,1,0.8701,12.99,Critical
11882,1,1,0.7628,23.72,Poor
11883,1,1,0.9687,3.13,Critical
11884,1,1,0.7118,28.82,Poor
11885,1,1,0.9389,6.11,Critical
11886,1,1,0.9423,5.77,Critical
11887,1,1,0.7879,21.21,Poor
11888,1,1,0.9811,1.89,Critical
11889,1,1,0.9531,4.69,Critical
11890,1,1,0.6266,37.34,Poor
11891,1,1,0.8647,13.53,Critical
11892,1,1,0.8255,17.45,Critical
11893,1,1,0.9259,7.41,Critical
11894,1,1,0.9137,8.63,Critical
11895,0,0,0.0538,94.62,Excellent
11896,1,1,0.6806,31.94,Poor
11897,0,0,0.1352,86.48,Excellent
11898,0,0,0.1699,83.01,Excellent
11899,1,1,0.7462,25.38,Poor
11900,0,0,0.1113,88.87,Excellent
11901,1,1,0.8122,18.78,Critical
11902,1,1,0.8282,17.18,Critical
11903,0,0,0.1086,89.14,Excellent
11904,1,1,0.9293,7.07,Critical
11905,1,1,0.8468,15.32,Critical
11906,0,0,0.1733,82.67,Excellent
11907,1,1,0.9302,6.98,Critical
11908,1,1,0.9367,6.33,Critical
11909,1,1,0.6579,34.21,Poor
11910,1,1,0.6688,33.12,Poor
11911,1,1,0.7174,28.26,Poor
11912,1,1,0.7629,23.71,Poor
11913,1,1,0.8521,14.79,Critical
11914,1,1,0.809,19.1,Critical
11915,1,1,0.8477,15.23,Critical
11916,1,1,0.9285,7.15,Critical
11917,0,0,0.1303,86.97,Excellent
11918,0,0,0.102,89.8,Excellent
11919,0,0,0.1243,87.57,Excellent
11920,0,0,0.3527,64.73,Good
11921,1,1,0.8414,15.86,Critical
11922,1,1,0.9458,5.42,Critical
11923,1,1,0.6209,37.91,Poor
11924,1,1,0.9576,4.24,Critical
11925,0,0,0.0415,95.85,Excellent
11926,1,1,0.911,8.9,Critical
11927,1,1,0.9188,8.12,Critical
11928,0,0,0.1842,81.58,Excellent
11929,0,0,0.0837,91.63,Excellent
11930,1,1,0.967,3.3,Critical
11931,0,0,0.146,85.4,Excellent
11932,1,1,0.8526,14.74,Critical
11933,1,1,0.9109,8.91,Critical
11934,1,1,0.944,5.6,Critical
11935,0,0,0.1983,80.17,Excellent
11936,1,1,0.9399,6.01,Critical
11937,1,1,0.9679,3.21,Critical
11938,1,1,0.9289,7.11,Critical
11939,1,1,0.8611,13.89,Critical
11940,1,1,0.9339,6.61,Critical
11941,1,1,0.8207,17.93,Critical
11942,1,1,0.9536,4.64,Critical
11943,1,1,0.7295,27.05,Poor
11944,1,1,0.7427,25.73,Poor
11945,1,1,0.552,44.8,Fair
11946,0,0,0.119,88.1,Excellent
11947,1,1,0.8886,11.14,Critical
11948,0,0,0.2087,79.13,Good
11949,1,1,0.8665,13.35,Critical
11950,0,0,0.194,80.6,Excellent
11951,1,1,0.8502,14.98,Critical
11952,1,1,0.7289,27.11,Poor
11953,1,1,0.9341,6.59,Critical
11954,1,1,0.5592,44.08,Fair
11955,1,1,0.8215,17.85,Critical
11956,1,1,0.9326,6.74,Critical
11957,1,1,0.8321,16.79,Critical
11958,0,0,0.1754,82.46,Excellent
11959,1,1,0.8123,18.77,Critical
11960,1,1,0.9918,0.82,Critical
11961,0,0,0.0656,93.44,Excellent
11962,0,0,0.2902,70.98,Good
11963,1,1,0.7294,27.06,Poor
11964,1,1,0.8643,13.57,Critical
11965,0,0,0.1261,87.39,Excellent
11966,1,1,0.8948,10.52,Critical
11967,1,1,0.8827,11.73,Critical
11968,1,1,0.7983,20.17,Poor
11969,1,1,0.8328,16.72,Critical
11970,1,1,0.9199,8.01,Critical
11971,0,0,0.2117,78.83,Good
11972,0,0,0.1076,89.24,Excellent
11973,0,0,0.0903,90.97,Excellent
11974,0,0,0.151,84.9,Excellent
11975,0,0,0.1752,82.48,Excellent
11976,1,1,0.8537,14.63,Critical
11977,0,0,0.2561,74.39,Good
11978,0,0,0.0571,94.29,Excellent
11979,0,0,0.098,90.2,Excellent
11980,0,1,0.5096,49.04,Fair
11981,0,0,0.1825,81.75,Excellent
11982,1,1,0.9758,2.42,Critical
11983,0,0,0.1983,80.17,Excellent
11984,0,0,0.2325,76.75,Good
11985,0,0,0.2436,75.64,Good
11986,0,0,0.1291,87.09,Excellent
11987,0,0,0.0687,93.13,Excellent
11988,0,0,0.1431,85.69,Excellent
11989,1,1,0.9193,8.07,Critical
11990,0,0,0.3025,69.75,Good
11991,1,1,0.9189,8.11,Critical
11992,1,1,0.8347,16.53,Critical
11993,0,0,0.0653,93.47,Excellent
11994,1,1,0.9266,7.34,Critical
11995,1,1,0.9003,9.97,Critical
11996,0,0,0.099,90.1,Excellent
11997,1,1,0.934,6.6,Critical
11998,0,0,0.0777,92.23,Excellent
11999,0,0,0.3137,68.63,Good
12000,0,0,0.1454,85.46,Excellent
12001,1,1,0.9498,5.02,Critical
12002,1,1,0.7971,20.29,Poor
12003,1,1,0.969,3.1,Critical
12004,0,0,0.1708,82.92,Excellent
12005,1,1,0.9503,4.97,Critical
12006,1,1,0.9596,4.04,Critical
12007,1,1,0.9504,4.96,Critical
12008,1,1,0.8954,10.46,Critical
12009,0,0,0.1096,89.04,Excellent
12010,1,1,0.5733,42.67,Fair
12011,1,1,0.763,23.7,Poor
12012,1,1,0.9832,1.68,Critical
12013,1,1,0.6493,35.07,Poor
12014,1,1,0.7978,20.22,Poor
12015,0,0,0.0882,91.18,Excellent
12016,0,0,0.2478,75.22,Good
12017,0,0,0.2189,78.11,Good
12018,0,0,0.0524,94.76,Excellent
12019,1,1,0.6979,30.21,Poor
12020,0,0,0.1898,81.02,Excellent
12021,1,1,0.8974,10.26,Critical
12022,0,0,0.1188,88.12,Excellent
12023,1,1,0.6404,35.96,Poor
12024,1,1,0.8875,11.25,Critical
12025,0,0,0.0774,92.26,Excellent
12026,0,0,0.094,90.6,Excellent
12027,1,1,0.863,13.7,Critical
12028,0,0,0.0832,91.68,Excellent
12029,1,1,0.6049,39.51,Poor
12030,0,0,0.2666,73.34,Good
12031,0,0,0.0907,90.93,Excellent
12032,1,1,0.811,18.9,Critical
12033,1,1,0.9173,8.27,Critical
12034,0,0,0.0753,92.47,Excellent
12035,0,0,0.074,92.6,Excellent
12036,0,0,0.0928,90.72,Excellent
12037,1,1,0.9044,9.56,Critical
12038,0,0,0.0649,93.51,Excellent
12039,0,0,0.1857,81.43,Excellent
12040,0,0,0.083,91.7,Excellent
12041,0,0,0.1586,84.14,Excellent
12042,1,0,0.4383,56.17,Fair
12043,1,1,0.9698,3.02,Critical
12044,0,0,0.1103,88.97,Excellent
12045,1,1,0.8309,16.91,Critical
12046,1,1,0.9256,7.44,Critical
12047,0,0,0.1262,87.38,Excellent
12048,0,0,0.1239,87.61,Excellent
12049,1,1,0.9497,5.03,Critical
12050,0,0,0.1926,80.74,Excellent
12051,1,1,0.6939,30.61,Poor
12052,1,1,0.8229,17.71,Critical
12053,1,1,0.8365,16.35,Critical
12054,1,1,0.9508,4.92,Critical
12055,1,1,0.9387,6.13,Critical
12056,0,0,0.1011,89.89,Excellent
12057,0,0,0.2732,72.68,Good
12058,0,0,0.0773,92.27,Excellent
12059,1,1,0.557,44.3,Fair
12060,1,1,0.5537,44.63,Fair
12061,0,0,0.0799,92.01,Excellent
12062,0,0,0.1774,82.26,Excellent
12063,0,0,0.1781,82.19,Excellent
12064,0,0,0.1486,85.14,Excellent
12065,0,0,0.0998,90.02,Excellent
12066,1,1,0.9058,9.42,Critical
12067,1,1,0.9476,5.24,Critical
12068,1,1,0.8807,11.93,Critical
12069,0,0,0.0534,94.66,Excellent
12070,0,0,0.1004,89.96,Excellent
12071,0,0,0.0402,95.98,Excellent
12072,0,0,0.056,94.4,Excellent
12073,1,1,0.7949,20.51,Poor
12074,0,0,0.0999,90.01,Excellent
12075,0,0,0.3795,62.05,Good
12076,1,1,0.8929,10.71,Critical
12077,1,1,0.9226,7.74,Critical
12078,0,0,0.0754,92.46,Excellent
12079,0,1,0.6682,33.18,Poor
12080,0,0,0.3251,67.49,Good
12081,0,0,0.2175,78.25,Good
12082,0,0,0.1501,84.99,Excellent
12083,0,0,0.0597,94.03,Excellent
12084,1,1,0.9179,8.21,Critical
12085,0,0,0.1176,88.24,Excellent
12086,0,0,0.0607,93.93,Excellent
12087,0,0,0.0928,90.72,Excellent
12088,1,1,0.9082,9.18,Critical
12089,0,0,0.0682,93.18,Excellent
12090,1,1,0.9818,1.82,Critical
12091,1,1,0.8376,16.24,Critical
12092,0,0,0.0449,95.51,Excellent
12093,1,1,0.9616,3.84,Critical
12094,1,1,0.9485,5.15,Critical
12095,0,0,0.4588,54.12,Fair
12096,0,0,0.262,73.8,Good
12097,0,0,0.2378,76.22,Good
12098,1,1,0.9162,8.38,Critical
12099,0,0,0.0635,93.65,Excellent
12100,1,1,0.8359,16.41,Critical
12101,1,1,0.9217,7.83,Critical
12102,0,0,0.1156,88.44,Excellent
12103,0,0,0.1017,89.83,Excellent
12104,1,1,0.7816,21.84,Poor
12105,0,0,0.1141,88.59,Excellent
12106,1,1,0.8983,10.17,Critical
12107,0,0,0.4259,57.41,Fair
12108,0,0,0.1278,87.22,Excellent
12109,0,0,0.0941,90.59,Excellent
12110,1,1,0.8328,16.72,Critical
12111,1,1,0.9476,5.24,Critical
12112,0,0,0.1864,81.36,Excellent
12113,0,0,0.2895,71.05,Good
12114,0,0,0.0893,91.07,Excellent
12115,1,1,0.8591,14.09,Critical
12116,1,1,0.8725,12.75,Critical
12117,0,0,0.2092,79.08,Good
12118,1,1,0.7677,23.23,Poor
12119,0,0,0.1024,89.76,Excellent
12120,1,1,0.8067,19.33,Critical
12121,0,0,0.1549,84.51,Excellent
12122,1,1,0.9039,9.61,Critical
12123,1,1,0.9635,3.65,Critical
12124,0,0,0.3858,61.42,Good
12125,1,1,0.8864,11.36,Critical
12126,1,1,0.7521,24.79,Poor
12127,1,1,0.9537,4.63,Critical
12128,1,1,0.77,23.0,Poor
12129,0,0,0.178,82.2,Excellent
12130,1,1,0.7867,21.33,Poor
12131,1,1,0.5029,49.71,Fair
12132,1,1,0.7331,26.69,Poor
12133,1,1,0.9409,5.91,Critical
12134,0,0,0.117,88.3,Excellent
12135,1,1,0.8907,10.93,Critical
12136,1,1,0.9167,8.33,Critical
12137,1,1,0.8455,15.45,Critical
12138,0,0,0.4964,50.36,Fair
12139,1,1,0.6758,32.42,Poor
12140,1,1,0.6434,35.66,Poor
12141,0,0,0.0506,94.94,Excellent
12142,0,0,0.2357,76.43,Good
12143,0,0,0.3363,66.37,Good
12144,1,1,0.8987,10.13,Critical
12145,0,0,0.0588,94.12,Excellent
12146,0,0,0.1785,82.15,Excellent
12147,1,1,0.8926,10.74,Critical
12148,0,0,0.1264,87.36,Excellent
12149,1,1,0.9079,9.21,Critical
12150,1,1,0.9124,8.76,Critical
12151,0,0,0.1757,82.43,Excellent
12152,1,1,0.9595,4.05,Critical
12153,0,0,0.3007,69.93,Good
12154,0,0,0.273,72.7,Good
12155,0,0,0.1407,85.93,Excellent
12156,1,1,0.8098,19.02,Critical
12157,0,0,0.0525,94.75,Excellent
12158,0,0,0.0893,91.07,Excellent
12159,1,1,0.8451,15.49,Critical
12160,0,0,0.2983,70.17,Good
12161,0,0,0.0857,91.43,Excellent
12162,1,1,0.8864,11.36,Critical
12163,1,1,0.8504,14.96,Critical
12164,1,1,0.6487,35.13,Poor
12165,1,1,0.7656,23.44,Poor
12166,0,0,0.1009,89.91,Excellent
12167,1,1,0.9179,8.21,Critical
12168,0,0,0.1859,81.41,Excellent
12169,0,0,0.0969,90.31,Excellent
12170,1,1,0.9289,7.11,Critical
12171,0,0,0.1606,83.94,Excellent
12172,1,1,0.9132,8.68,Critical
12173,1,1,0.8806,11.94,Critical
12174,1,1,0.9817,1.83,Critical
12175,0,0,0.1597,84.03,Excellent
12176,0,0,0.0392,96.08,Excellent
12177,0,0,0.1633,83.67,Excellent
12178,0,0,0.2553,74.47,Good
12179,0,0,0.1194,88.06,Excellent
12180,0,0,0.1397,86.03,Excellent
12181,0,0,0.1408,85.92,Excellent
12182,1,1,0.9547,4.53,Critical
12183,0,0,0.1375,86.25,Excellent
12184,0,0,0.3498,65.02,Good
12185,0,0,0.1972,80.28,Excellent
12186,1,1,0.8888,11.12,Critical
12187,0,0,0.1449,85.51,Excellent
12188,1,1,0.8915,10.85,Critical
12189,0,0,0.1257,87.43,Excellent
12190,1,1,0.9253,7.47,Critical
12191,1,1,0.9384,6.16,Critical
12192,1,1,0.6893,31.07,Poor
12193,0,0,0.1338,86.62,Excellent
12194,1,1,0.8484,15.16,Critical
12195,1,1,0.9326,6.74,Critical
12196,1,1,0.8554,14.46,Critical
12197,0,0,0.0956,90.44,Excellent
12198,0,0,0.1097,89.03,Excellent
12199,0,0,0.1082,89.18,Excellent
12200,0,0,0.1467,85.33,Excellent
12201,0,0,0.0931,90.69,Excellent
12202,1,1,0.8929,10.71,Critical
12203,0,0,0.0778,92.22,Excellent
12204,0,0,0.0998,90.02,Excellent
12205,1,1,0.7172,28.28,Poor
12206,1,1,0.9492,5.08,Critical
12207,1,1,0.8937,10.63,Critical
12208,1,1,0.8356,16.44,Critical
12209,1,1,0.8136,18.64,Critical
12210,0,0,0.0329,96.71,Excellent
12211,0,0,0.1428,85.72,Excellent
12212,1,1,0.9359,6.41,Critical
12213,0,0,0.1289,87.11,Excellent
12214,1,1,0.5785,42.15,Fair
12215,0,0,0.4026,59.74,Fair
12216,0,0,0.2002,79.98,Good
12217,1,1,0.593,40.7,Fair
12218,1,1,0.8682,13.18,Critical
12219,0,0,0.1227,87.73,Excellent
12220,0,0,0.255,74.5,Good
12221,0,0,0.076,92.4,Excellent
12222,1,0,0.4267,57.33,Fair
12223,0,0,0.1504,84.96,Excellent
12224,0,0,0.0446,95.54,Excellent
12225,0,0,0.2809,71.91,Good
12226,0,0,0.2767,72.33,Good
12227,1,1,0.8723,12.77,Critical
12228,1,1,0.9392,6.08,Critical
12229,1,1,0.9682,3.18,Critical
12230,1,1,0.8984,10.16,Critical
12231,1,1,0.7206,27.94,Poor
12232,0,0,0.3341,66.59,Good
12233,0,0,0.0914,90.86,Excellent
12234,0,0,0.1771,82.29,Excellent
12235,0,0,0.4018,59.82,Fair
12236,1,1,0.807,19.3,Critical
12237,0,0,0.0946,90.54,Excellent
12238,0,0,0.1113,88.87,Excellent
12239,0,0,0.4779,52.21,Fair
12240,0,0,0.0814,91.86,Excellent
12241,1,1,0.566,43.4,Fair
12242,0,0,0.1195,88.05,Excellent
12243,1,1,0.7594,24.06,Poor
12244,1,1,0.9157,8.43,Critical
12245,0,0,0.1699,83.01,Excellent
12246,0,0,0.0299,97.01,Excellent
12247,1,1,0.9238,7.62,Critical
12248,1,1,0.6286,37.14,Poor
12249,1,1,0.8947,10.53,Critical
12250,0,0,0.2532,74.68,Good
12251,1,1,0.9506,4.94,Critical
12252,0,0,0.1249,87.51,Excellent
12253,1,1,0.8708,12.92,Critical
12254,0,0,0.3562,64.38,Good
12255,1,1,0.758,24.2,Poor
12256,1,1,0.6241,37.59,Poor
12257,0,0,0.0927,90.73,Excellent
12258,1,1,0.9619,3.81,Critical
12259,0,0,0.2205,77.95,Good
12260,1,1,0.7091,29.09,Poor
12261,1,1,0.9292,7.08,Critical
12262,0,0,0.2118,78.82,Good
12263,1,1,0.8447,15.53,Critical
12264,1,1,0.8534,14.66,Critical
12265,0,0,0.1002,89.98,Excellent
12266,1,1,0.9773,2.27,Critical
12267,0,0,0.0666,93.34,Excellent
12268,1,1,0.6163,38.37,Poor
12269,0,0,0.3658,63.42,Good
12270,1,1,0.8689,13.11,Critical
12271,1,1,0.9151,8.49,Critical
12272,0,0,0.1485,85.15,Excellent
12273,1,1,0.8936,10.64,Critical
12274,1,1,0.8813,11.87,Critical
12275,1,1,0.775,22.5,Poor
12276,0,0,0.3252,67.48,Good
12277,1,1,0.6409,35.91,Poor
12278,0,0,0.0727,92.73,Excellent
12279,0,0,0.0491,95.09,Excellent
12280,1,1,0.9946,0.54,Critical
12281,1,1,0.7989,20.11,Poor
12282,0,0,0.2441,75.59,Good
12283,0,0,0.2119,78.81,Good
12284,0,0,0.0842,91.58,Excellent
12285,1,1,0.9911,0.89,Critical
12286,1,1,0.9376,6.24,Critical
12287,0,0,0.2545,74.55,Good
12288,1,1,0.6207,37.93,Poor
12289,1,1,0.6905,30.95,Poor
12290,0,0,0.0848,91.52,Excellent
12291,0,0,0.0784,92.16,Excellent
12292,1,1,0.7506,24.94,Poor
12293,1,1,0.8665,13.35,Critical
12294,0,0,0.0581,94.19,Excellent
12295,0,0,0.157,84.3,Excellent
12296,0,0,0.1472,85.28,Excellent
12297,0,0,0.2393,76.07,Good
12298,0,0,0.0555,94.45,Excellent
12299,1,1,0.7807,21.93,Poor
12300,0,0,0.1831,81.69,Excellent
12301,0,0,0.1124,88.76,Excellent
12302,1,1,0.8689,13.11,Critical
12303,1,1,0.8989,10.11,Critical
12304,0,0,0.1809,81.91,Excellent
12305,1,1,0.9744,2.56,Critical
12306,1,1,0.5816,41.84,Fair
12307,0,0,0.1847,81.53,Excellent
12308,1,1,0.8357,16.43,Critical
12309,0,0,0.106,89.4,Excellent
12310,1,1,0.6709,32.91,Poor
12311,0,0,0.0838,91.62,Excellent
12312,1,1,0.7464,25.36,Poor
12313,0,0,0.125,87.5,Excellent
12314,0,0,0.2081,79.19,Good
12315,0,0,0.1779,82.21,Excellent
12316,1,1,0.5066,49.34,Fair
12317,0,0,0.1975,80.25,Excellent
12318,0,0,0.279,72.1,Good
12319,0,0,0.17,83.0,Excellent
12320,1,1,0.8606,13.94,Critical
12321,0,0,0.1648,83.52,Excellent
12322,0,0,0.0991,90.09,Excellent
12323,1,1,0.9907,0.93,Critical
12324,0,0,0.1769,82.31,Excellent
12325,0,0,0.0748,92.52,Excellent
12326,1,1,0.8637,13.63,Critical
12327,0,0,0.2863,71.37,Good
12328,1,1,0.9286,7.14,Critical
12329,0,0,0.0698,93.02,Excellent
12330,1,1,0.569,43.1,Fair
12331,0,0,0.0585,94.15,Excellent
12332,0,0,0.2383,76.17,Good
12333,0,0,0.0982,90.18,Excellent
12334,0,0,0.199,80.1,Excellent
12335,0,0,0.1274,87.26,Excellent
12336,0,0,0.1319,86.81,Excellent
12337,0,1,0.5212,47.88,Fair
12338,0,0,0.0361,96.39,Excellent
12339,1,1,0.9065,9.35,Critical
12340,0,0,0.1073,89.27,Excellent
12341,1,1,0.9197,8.03,Critical
12342,0,0,0.0606,93.94,Excellent
12343,1,1,0.9338,6.62,Critical
12344,1,1,0.886,11.4,Critical
12345,0,0,0.0441,95.59,Excellent
12346,1,1,0.9266,7.34,Critical
12347,0,0,0.1167,88.33,Excellent
12348,0,0,0.2769,72.31,Good
12349,0,0,0.0449,95.51,Excellent
12350,1,1,0.5793,42.07,Fair
12351,0,0,0.3674,63.26,Good
12352,1,1,0.9155,8.45,Critical
12353,0,0,0.1226,87.74,Excellent
12354,1,1,0.9452,5.48,Critical
12355,1,1,0.7882,21.18,Poor
12356,1,1,0.8968,10.32,Critical
12357,0,0,0.0947,90.53,Excellent
12358,1,1,0.8686,13.14,Critical
12359,0,0,0.1307,86.93,Excellent
12360,0,0,0.134,86.6,Excellent
12361,0,0,0.1179,88.21,Excellent
12362,0,0,0.07,93.0,Excellent
12363,0,0,0.1086,89.14,Excellent
12364,0,0,0.1223,87.77,Excellent
12365,1,1,0.7778,22.22,Poor
12366,1,1,0.9164,8.36,Critical
12367,0,0,0.2089,79.11,Good
12368,1,0,0.4955,50.45,Fair
12369,1,1,0.8485,15.15,Critical
12370,1,1,0.5679,43.21,Fair
12371,0,1,0.6407,35.93,Poor
12372,1,1,0.5793,42.07,Fair
12373,0,0,0.0808,91.92,Excellent
12374,0,0,0.1253,87.47,Excellent
12375,0,0,0.0877,91.23,Excellent
12376,1,1,0.9547,4.53,Critical
12377,1,1,0.5287,47.13,Fair
12378,1,1,0.5512,44.88,Fair
12379,0,0,0.2125,78.75,Good
12380,1,1,0.9615,3.85,Critical
12381,0,0,0.3954,60.46,Good
12382,1,0,0.3352,66.48,Good
12383,0,0,0.1276,87.24,Excellent
12384,0,0,0.0671,93.29,Excellent
12385,0,0,0.1376,86.24,Excellent
12386,1,1,0.767,23.3,Poor
12387,0,0,0.1151,88.49,Excellent
12388,0,0,0.4454,55.46,Fair
12389,0,0,0.0599,94.01,Excellent
12390,0,0,0.3214,67.86,Good
12391,0,0,0.4088,59.12,Fair
12392,1,1,0.5579,44.21,Fair
12393,0,0,0.2506,74.94,Good
12394,0,0,0.1577,84.23,Excellent
12395,0,0,0.2097,79.03,Good
12396,0,0,0.1241,87.59,Excellent
12397,0,0,0.3519,64.81,Good
12398,1,1,0.8517,14.83,Critical
12399,1,1,0.82,18.0,Critical
12400,1,1,0.9714,2.86,Critical
12401,0,0,0.1221,87.79,Excellent
12402,1,1,0.8499,15.01,Critical
12403,1,1,0.8687,13.13,Critical
12404,0,0,0.1138,88.62,Excellent
12405,1,1,0.7927,20.73,Poor
12406,1,1,0.8929,10.71,Critical
12407,1,0,0.4827,51.73,Fair
12408,0,0,0.1745,82.55,Excellent
12409,0,0,0.1021,89.79,Excellent
12410,0,0,0.0775,92.25,Excellent
12411,1,1,0.7736,22.64,Poor
12412,1,1,0.7191,28.09,Poor
12413,1,1,0.9561,4.39,Critical
12414,1,1,0.9422,5.78,Critical
12415,0,0,0.184,81.6,Excellent
12416,1,1,0.6276,37.24,Poor
12417,1,1,0.913,8.7,Critical
12418,1,1,0.8994,10.06,Critical
12419,1,1,0.7543,24.57,Poor
12420,1,0,0.4762,52.38,Fair
12421,0,0,0.1137,88.63,Excellent
12422,1,1,0.8516,14.84,Critical
12423,0,0,0.078,92.2,Excellent
12424,1,1,0.7336,26.64,Poor
12425,0,0,0.1869,81.31,Excellent
12426,0,0,0.106,89.4,Excellent
12427,0,0,0.3226,67.74,Good
12428,0,0,0.061,93.9,Excellent
12429,1,1,0.8976,10.24,Critical
12430,0,0,0.3731,62.69,Good
12431,0,0,0.2045,79.55,Good
12432,1,1,0.8911,10.89,Critical
12433,0,0,0.1943,80.57,Excellent
12434,1,1,0.9308,6.92,Critical
12435,1,1,0.8217,17.83,Critical
12436,0,0,0.2996,70.04,Good
12437,0,0,0.1413,85.87,Excellent
12438,0,0,0.1616,83.84,Excellent
12439,0,0,0.0424,95.76,Excellent
12440,1,1,0.939,6.1,Critical
12441,0,0,0.2678,73.22,Good
12442,0,0,0.0589,94.11,Excellent
12443,0,0,0.1332,86.68,Excellent
12444,0,0,0.1832,81.68,Excellent
12445,0,0,0.2207,77.93,Good
12446,1,1,0.9294,7.06,Critical
12447,0,0,0.128,87.2,Excellent
12448,1,1,0.6033,39.67,Poor
12449,0,0,0.1672,83.28,Excellent
12450,0,0,0.0587,94.13,Excellent
12451,0,0,0.1105,88.95,Excellent
12452,0,0,0.2964,70.36,Good
12453,0,0,0.0996,90.04,Excellent
12454,1,1,0.8375,16.25,Critical
12455,1,1,0.8866,11.34,Critical
12456,0,0,0.056,94.4,Excellent
12457,1,1,0.6068,39.32,Poor
12458,0,0,0.1953,80.47,Excellent
12459,0,0,0.0736,92.64,Excellent
12460,0,0,0.152,84.8,Excellent
12461,0,0,0.2493,75.07,Good
12462,0,0,0.1684,83.16,Excellent
12463,0,0,0.2412,75.88,Good
12464,0,0,0.1104,88.96,Excellent
12465,0,0,0.0557,94.43,Excellent
12466,0,0,0.0806,91.94,Excellent
12467,1,1,0.7557,24.43,Poor
12468,0,0,0.0669,93.31,Excellent
12469,0,0,0.1018,89.82,Excellent
12470,1,1,0.8449,15.51,Critical
12471,1,1,0.9279,7.21,Critical
12472,1,1,0.9279,7.21,Critical
12473,1,1,0.8435,15.65,Critical
12474,0,0,0.1123,88.77,Excellent
12475,1,1,0.9148,8.52,Critical
12476,0,0,0.1029,89.71,Excellent
12477,1,1,0.8352,16.48,Critical
12478,0,0,0.3648,63.52,Good
12479,0,0,0.1452,85.48,Excellent
12480,0,0,0.3701,62.99,Good
12481,0,0,0.3485,65.15,Good
12482,1,1,0.7913,20.87,Poor
12483,1,1,0.8665,13.35,Critical
12484,1,1,0.9123,8.77,Critical
12485,1,1,0.7294,27.06,Poor
12486,1,1,0.5491,45.09,Fair
12487,1,1,0.9038,9.62,Critical
12488,0,0,0.045,95.5,Excellent
12489,1,1,0.9923,0.77,Critical
12490,1,1,0.8524,14.76,Critical
12491,1,1,0.6988,30.12,Poor
12492,1,1,0.9565,4.35,Critical
12493,0,0,0.187,81.3,Excellent
12494,0,0,0.1356,86.44,Excellent
12495,0,0,0.1943,80.57,Excellent
12496,0,0,0.0454,95.46,Excellent
12497,0,0,0.0989,90.11,Excellent
12498,1,1,0.9734,2.66,Critical
12499,0,0,0.1487,85.13,Excellent
12500,1,1,0.9094,9.06,Critical
12501,0,0,0.1957,80.43,Excellent
12502,0,0,0.1676,83.24,Excellent
12503,0,0,0.0774,92.26,Excellent
12504,1,1,0.8917,10.83,Critical
12505,0,0,0.0609,93.91,Excellent
12506,1,1,0.8121,18.79,Critical
12507,0,0,0.039,96.1,Excellent
12508,0,0,0.0436,95.64,Excellent
12509,0,0,0.0985,90.15,Excellent
12510,0,0,0.0806,91.94,Excellent
12511,0,0,0.0794,92.06,Excellent
12512,1,1,0.9705,2.95,Critical
12513,1,1,0.9023,9.77,Critical
12514,0,0,0.3821,61.79,Good
12515,0,0,0.1112,88.88,Excellent
12516,0,0,0.3091,69.09,Good
12517,1,1,0.7403,25.97,Poor
12518,0,0,0.0473,95.27,Excellent
12519,0,0,0.0466,95.34,Excellent
12520,0,0,0.1529,84.71,Excellent
12521,1,1,0.8989,10.11,Critical
12522,1,1,0.7259,27.41,Poor
12523,1,1,0.6004,39.96,Poor
12524,0,0,0.4127,58.73,Fair
12525,1,1,0.8963,10.37,Critical
12526,1,1,0.8893,11.07,Critical
12527,1,1,0.8001,19.99,Critical
12528,1,1,0.9499,5.01,Critical
12529,1,1,0.924,7.6,Critical
12530,1,1,0.9596,4.04,Critical
12531,1,1,0.857,14.3,Critical
12532,0,0,0.1241,87.59,Excellent
12533,0,0,0.2597,74.03,Good
12534,0,0,0.3046,69.54,Good
12535,0,0,0.2483,75.17,Good
12536,0,0,0.4649,53.51,Fair
12537,0,0,0.0647,93.53,Excellent
12538,1,1,0.6839,31.61,Poor
12539,0,0,0.1184,88.16,Excellent
12540,1,1,0.578,42.2,Fair
12541,0,0,0.2105,78.95,Good
12542,0,0,0.0669,93.31,Excellent
12543,0,0,0.3576,64.24,Good
12544,1,1,0.7984,20.16,Poor
12545,0,0,0.2061,79.39,Good
12546,0,0,0.1861,81.39,Excellent
12547,0,0,0.2077,79.23,Good
12548,0,0,0.2277,77.23,Good
12549,1,1,0.8891,11.09,Critical
12550,0,0,0.2353,76.47,Good
12551,0,0,0.2412,75.88,Good
12552,0,0,0.0646,93.54,Excellent
12553,1,1,0.9697,3.03,Critical
12554,1,1,0.8166,18.34,Critical
12555,1,1,0.9288,7.12,Critical
12556,1,0,0.4273,57.27,Fair
12557,1,1,0.9876,1.24,Critical
12558,0,0,0.0693,93.07,Excellent
12559,1,1,0.7375,26.25,Poor
12560,0,0,0.2042,79.58,Good
12561,1,1,0.912,8.8,Critical
12562,0,0,0.2062,79.38,Good
12563,1,1,0.6363,36.37,Poor
12564,0,0,0.0921,90.79,Excellent
12565,1,1,0.5964,40.36,Fair
12566,0,0,0.1179,88.21,Excellent
12567,0,0,0.111,88.9,Excellent
12568,1,1,0.8219,17.81,Critical
12569,0,0,0.1416,85.84,Excellent
12570,0,0,0.1179,88.21,Excellent
12571,0,0,0.1517,84.83,Excellent
12572,0,0,0.0496,95.04,Excellent
12573,1,1,0.8866,11.34,Critical
12574,1,1,0.6279,37.21,Poor
12575,1,1,0.8073,19.27,Critical
12576,0,0,0.0964,90.36,Excellent
12577,0,0,0.0354,96.46,Excellent
12578,0,0,0.1624,83.76,Excellent
12579,1,1,0.5547,44.53,Fair
12580,1,1,0.8609,13.91,Critical
12581,1,1,0.6323,36.77,Poor
12582,1,1,0.8841,11.59,Critical
12583,0,0,0.1242,87.58,Excellent
12584,1,1,0.9,10.0,Critical
12585,0,0,0.1525,84.75,Excellent
12586,0,0,0.0942,90.58,Excellent
12587,1,1,0.9234,7.66,Critical
12588,0,0,0.1224,87.76,Excellent
12589,0,0,0.0807,91.93,Excellent
12590,1,1,0.9586,4.14,Critical
12591,0,0,0.1611,83.89,Excellent
12592,1,1,0.9395,6.05,Critical
12593,0,0,0.0381,96.19,Excellent
12594,0,0,0.3278,67.22,Good
12595,0,0,0.1069,89.31,Excellent
12596,0,0,0.133,86.7,Excellent
12597,1,1,0.835,16.5,Critical
12598,1,1,0.9832,1.68,Critical
12599,0,0,0.0557,94.43,Excellent
12600,1,1,0.7013,29.87,Poor
12601,1,1,0.6726,32.74,Poor
12602,0,0,0.2688,73.12,Good
12603,1,0,0.423,57.7,Fair
12604,1,1,0.7985,20.15,Poor
12605,1,1,0.8629,13.71,Critical
12606,0,0,0.1796,82.04,Excellent
12607,0,0,0.0879,91.21,Excellent
12608,1,1,0.9584,4.16,Critical
12609,0,0,0.4946,50.54,Fair
12610,1,1,0.8274,17.26,Critical
12611,0,1,0.5064,49.36,Fair
12612,0,0,0.4436,55.64,Fair
12613,1,1,0.8875,11.25,Critical
12614,1,1,0.6316,36.84,Poor
12615,1,1,0.9788,2.12,Critical
12616,0,0,0.1176,88.24,Excellent
12617,1,1,0.7327,26.73,Poor
12618,1,1,0.5562,44.38,Fair
12619,0,0,0.1344,86.56,Excellent
12620,1,1,0.7514,24.86,Poor
12621,0,0,0.1356,86.44,Excellent
12622,1,1,0.7824,21.76,Poor
12623,0,0,0.3566,64.34,Good
12624,0,0,0.1593,84.07,Excellent
12625,0,0,0.0658,93.42,Excellent
12626,0,0,0.284,71.6,Good
12627,0,0,0.0934,90.66,Excellent
12628,1,1,0.7897,21.03,Poor
12629,1,1,0.9125,8.75,Critical
12630,0,0,0.1769,82.31,Excellent
12631,0,0,0.1611,83.89,Excellent
12632,1,1,0.822,17.8,Critical
12633,0,0,0.3874,61.26,Good
12634,0,0,0.0814,91.86,Excellent
12635,0,0,0.3756,62.44,Good
12636,1,1,0.6121,38.79,Poor
12637,1,1,0.9826,1.74,Critical
12638,0,0,0.282,71.8,Good
12639,1,1,0.7284,27.16,Poor
12640,1,1,0.7621,23.79,Poor
12641,0,0,0.2195,78.05,Good
12642,0,0,0.0747,92.53,Excellent
12643,0,0,0.0789,92.11,Excellent
12644,0,0,0.1362,86.38,Excellent
12645,0,0,0.1139,88.61,Excellent
12646,0,0,0.1599,84.01,Excellent
12647,0,0,0.2254,77.46,Good
12648,0,0,0.1206,87.94,Excellent
12649,1,1,0.8727,12.73,Critical
12650,0,1,0.6449,35.51,Poor
12651,1,1,0.7712,22.88,Poor
12652,1,1,0.9053,9.47,Critical
12653,1,1,0.8924,10.76,Critical
12654,1,1,0.7241,27.59,Poor
12655,1,1,0.5999,40.01,Fair
12656,0,0,0.2034,79.66,Good
12657,0,0,0.1121,88.79,Excellent
12658,0,0,0.1281,87.19,Excellent
12659,0,0,0.2018,79.82,Good
12660,1,1,0.5999,40.01,Fair
12661,1,1,0.9751,2.49,Critical
12662,1,1,0.8739,12.61,Critical
12663,1,1,0.8464,15.36,Critical
12664,0,0,0.0527,94.73,Excellent
12665,0,0,0.285,71.5,Good
12666,0,0,0.0548,94.52,Excellent
12667,0,0,0.1506,84.94,Excellent
12668,1,1,0.7334,26.66,Poor
12669,1,1,0.846,15.4,Critical
12670,1,1,0.6015,39.85,Poor
12671,0,0,0.0908,90.92,Excellent
12672,1,1,0.5697,43.03,Fair
12673,0,0,0.0661,93.39,Excellent
12674,0,0,0.1457,85.43,Excellent
12675,0,0,0.3478,65.22,Good
12676,1,1,0.8589,14.11,Critical
12677,1,1,0.7798,22.02,Poor
12678,0,0,0.1206,87.94,Excellent
12679,0,0,0.2716,72.84,Good
12680,0,0,0.0655,93.45,Excellent
12681,1,0,0.4186,58.14,Fair
12682,1,1,0.8116,18.84,Critical
12683,1,1,0.9737,2.63,Critical
12684,1,1,0.9276,7.24,Critical
12685,0,0,0.1057,89.43,Excellent
12686,1,1,0.8892,11.08,Critical
12687,0,0,0.1383,86.17,Excellent
12688,1,1,0.9144,8.56,Critical
12689,1,1,0.8744,12.56,Critical
12690,1,1,0.9136,8.64,Critical
12691,1,1,0.8576,14.24,Critical
12692,0,0,0.166,83.4,Excellent
12693,1,1,0.8805,11.95,Critical
12694,1,1,0.9303,6.97,Critical
12695,0,0,0.1453,85.47,Excellent
12696,0,0,0.0851,91.49,Excellent
12697,1,1,0.8015,19.85,Critical
12698,1,1,0.8381,16.19,Critical
12699,0,0,0.0756,92.44,Excellent
12700,0,0,0.0918,90.82,Excellent
12701,0,0,0.1327,86.73,Excellent
12702,1,1,0.8897,11.03,Critical
12703,1,1,0.8327,16.73,Critical
12704,1,1,0.7812,21.88,Poor
12705,1,1,0.9667,3.33,Critical
12706,1,1,0.8613,13.87,Critical
12707,1,1,0.8705,12.95,Critical
12708,1,1,0.7985,20.15,Poor
12709,1,1,0.9608,3.92,Critical
12710,0,0,0.1114,88.86,Excellent
12711,0,0,0.1443,85.57,Excellent
12712,1,1,0.7532,24.68,Poor
12713,1,1,0.7299,27.01,Poor
12714,0,0,0.2085,79.15,Good
12715,1,1,0.9621,3.79,Critical
12716,1,1,0.6534,34.66,Poor
12717,0,0,0.3726,62.74,Good
12718,0,0,0.0508,94.92,Excellent
12719,1,1,0.6726,32.74,Poor
12720,1,1,0.925,7.5,Critical
12721,0,0,0.1123,88.77,Excellent
12722,1,1,0.8028,19.72,Critical
12723,1,1,0.7823,21.77,Poor
12724,1,1,0.8988,10.12,Critical
12725,0,0,0.0734,92.66,Excellent
12726,1,1,0.6838,31.62,Poor
12727,1,1,0.936,6.4,Critical
12728,0,0,0.0808,91.92,Excellent
12729,0,0,0.1118,88.82,Excellent
12730,1,1,0.7971,20.29,Poor
12731,1,1,0.5657,43.43,Fair
12732,0,0,0.1596,84.04,Excellent
12733,1,1,0.6968,30.32,Poor
12734,1,1,0.7941,20.59,Poor
12735,1,1,0.9398,6.02,Critical
12736,1,1,0.7967,20.33,Poor
12737,0,0,0.1964,80.36,Excellent
12738,0,0,0.1368,86.32,Excellent
12739,1,1,0.9397,6.03,Critical
12740,0,0,0.074,92.6,Excellent
12741,0,0,0.1528,84.72,Excellent
12742,0,0,0.2623,73.77,Good
12743,1,1,0.8296,17.04,Critical
12744,1,1,0.8481,15.19,Critical
12745,1,1,0.8863,11.37,Critical
12746,0,0,0.2974,70.26,Good
12747,1,1,0.6343,36.57,Poor
12748,1,1,0.9771,2.29,Critical
12749,0,0,0.0555,94.45,Excellent
12750,0,0,0.1309,86.91,Excellent
12751,1,1,0.9072,9.28,Critical
12752,1,1,0.8626,13.74,Critical
12753,0,0,0.1473,85.27,Excellent
12754,0,0,0.1179,88.21,Excellent
12755,1,1,0.9753,2.47,Critical
12756,0,0,0.0989,90.11,Excellent
12757,0,0,0.1915,80.85,Excellent
12758,1,1,0.9289,7.11,Critical
12759,1,1,0.9713,2.87,Critical
12760,0,0,0.1518,84.82,Excellent
12761,1,1,0.9464,5.36,Critical
12762,1,0,0.4089,59.11,Fair
12763,0,0,0.1218,87.82,Excellent
12764,1,1,0.8415,15.85,Critical
12765,0,0,0.1541,84.59,Excellent
12766,0,0,0.2111,78.89,Good
12767,0,0,0.3204,67.96,Good
12768,0,0,0.0972,90.28,Excellent
12769,1,1,0.864,13.6,Critical
12770,1,1,0.964,3.6,Critical
12771,1,1,0.808,19.2,Critical
12772,1,1,0.9622,3.78,Critical
12773,1,1,0.5173,48.27,Fair
12774,0,0,0.0693,93.07,Excellent
12775,0,0,0.2605,73.95,Good
12776,0,0,0.1366,86.34,Excellent
12777,1,1,0.879,12.1,Critical
12778,1,1,0.9164,8.36,Critical
12779,1,1,0.8924,10.76,Critical
12780,1,1,0.5209,47.91,Fair
12781,0,0,0.2723,72.77,Good
12782,0,0,0.0366,96.34,Excellent
12783,1,1,0.9236,7.64,Critical
12784,0,0,0.133,86.7,Excellent
12785,0,0,0.0857,91.43,Excellent
12786,1,1,0.7206,27.94,Poor
12787,1,1,0.9395,6.05,Critical
12788,1,1,0.9449,5.51,Critical
12789,1,1,0.9381,6.19,Critical
12790,1,1,0.9468,5.32,Critical
12791,0,0,0.1313,86.87,Excellent
12792,0,0,0.1221,87.79,Excellent
12793,0,0,0.0811,91.89,Excellent
12794,0,0,0.1162,88.38,Excellent
12795,1,1,0.6851,31.49,Poor
12796,0,0,0.1357,86.43,Excellent
12797,0,0,0.3382,66.18,Good
12798,1,1,0.8991,10.09,Critical
12799,0,0,0.1102,88.98,Excellent
12800,0,0,0.1368,86.32,Excellent
12801,1,1,0.9649,3.51,Critical
12802,1,1,0.92,8.0,Critical
12803,0,0,0.0909,90.91,Excellent
12804,0,0,0.0791,92.09,Excellent
12805,1,1,0.9636,3.64,Critical
12806,1,1,0.9266,7.34,Critical
12807,1,1,0.928,7.2,Critical
12808,1,1,0.89,11.0,Critical
12809,0,0,0.1108,88.92,Excellent
12810,1,1,0.9782,2.18,Critical
12811,1,1,0.9766,2.34,Critical
12812,0,0,0.2191,78.09,Good
12813,1,0,0.4677,53.23,Fair
12814,1,1,0.9633,3.67,Critical
12815,1,1,0.9205,7.95,Critical
12816,0,0,0.11,89.0,Excellent
12817,1,1,0.8409,15.91,Critical
12818,1,1,0.7786,22.14,Poor
12819,1,1,0.9276,7.24,Critical
12820,1,1,0.7913,20.87,Poor
12821,0,0,0.311,68.9,Good
12822,0,0,0.0857,91.43,Excellent
12823,0,0,0.0702,92.98,Excellent
12824,0,0,0.1118,88.82,Excellent
12825,0,0,0.1967,80.33,Excellent
12826,0,0,0.1351,86.49,Excellent
12827,0,0,0.127,87.3,Excellent
12828,1,1,0.915,8.5,Critical
12829,1,1,0.9765,2.35,Critical
12830,0,0,0.0892,91.08,Excellent
12831,0,0,0.087,91.3,Excellent
12832,0,0,0.2768,72.32,Good
12833,0,0,0.1621,83.79,Excellent
12834,1,1,0.8826,11.74,Critical
12835,1,1,0.7628,23.72,Poor
12836,1,1,0.8464,15.36,Critical
12837,0,0,0.1289,87.11,Excellent
12838,0,0,0.1495,85.05,Excellent
12839,1,1,0.9803,1.97,Critical
12840,0,0,0.3373,66.27,Good
12841,1,1,0.8679,13.21,Critical
12842,0,0,0.3954,60.46,Good
12843,1,1,0.7021,29.79,Poor
12844,1,1,0.7698,23.02,Poor
12845,0,0,0.1903,80.97,Excellent
12846,1,1,0.8774,12.26,Critical
12847,1,1,0.7655,23.45,Poor
12848,1,1,0.8355,16.45,Critical
12849,1,1,0.9468,5.32,Critical
12850,1,1,0.7499,25.01,Poor
12851,0,0,0.1087,89.13,Excellent
12852,0,0,0.1064,89.36,Excellent
12853,0,0,0.0913,90.87,Excellent
12854,1,1,0.6887,31.13,Poor
12855,0,0,0.2014,79.86,Good
12856,0,0,0.1682,83.18,Excellent
12857,1,1,0.9308,6.92,Critical
12858,0,0,0.1096,89.04,Excellent
12859,1,1,0.8006,19.94,Critical
12860,1,1,0.8446,15.54,Critical
12861,1,1,0.7295,27.05,Poor
12862,1,1,0.8812,11.88,Critical
12863,1,1,0.9294,7.06,Critical
12864,1,1,0.7381,26.19,Poor
12865,1,1,0.9069,9.31,Critical
12866,1,1,0.6798,32.02,Poor
12867,1,1,0.9136,8.64,Critical
12868,0,0,0.3278,67.22,Good
12869,0,0,0.2211,77.89,Good
12870,1,1,0.9465,5.35,Critical
12871,0,0,0.1466,85.34,Excellent
12872,1,1,0.8583,14.17,Critical
12873,0,0,0.1411,85.89,Excellent
12874,0,0,0.1237,87.63,Excellent
12875,1,1,0.9916,0.84,Critical
12876,1,0,0.4335,56.65,Fair
12877,0,0,0.2713,72.87,Good
12878,0,0,0.3662,63.38,Good
12879,0,0,0.1063,89.37,Excellent
12880,1,1,0.8912,10.88,Critical
12881,1,1,0.858,14.2,Critical
12882,0,0,0.1613,83.87,Excellent
12883,0,0,0.2535,74.65,Good
12884,0,0,0.0622,93.78,Excellent
12885,1,0,0.3882,61.18,Good
12886,1,1,0.9416,5.84,Critical
12887,1,1,0.9006,9.94,Critical
12888,0,0,0.124,87.6,Excellent
12889,1,1,0.9321,6.79,Critical
12890,1,1,0.6732,32.68,Poor
12891,0,0,0.1368,86.32,Excellent
12892,1,1,0.9231,7.69,Critical
12893,0,0,0.1559,84.41,Excellent
12894,0,0,0.0793,92.07,Excellent
12895,0,0,0.1413,85.87,Excellent
12896,1,1,0.8301,16.99,Critical
12897,1,1,0.8985,10.15,Critical
12898,0,0,0.16,84.0,Excellent
12899,1,1,0.8504,14.96,Critical
12900,0,0,0.1489,85.11,Excellent
12901,1,1,0.8975,10.25,Critical
12902,0,0,0.1109,88.91,Excellent
12903,0,0,0.1098,89.02,Excellent
12904,0,0,0.2789,72.11,Good
12905,0,0,0.3251,67.49,Good
12906,0,0,0.13,87.0,Excellent
12907,1,1,0.7689,23.11,Poor
12908,0,0,0.1188,88.12,Excellent
12909,0,0,0.0519,94.81,Excellent
12910,0,0,0.0873,91.27,Excellent
12911,1,1,0.7653,23.47,Poor
12912,1,1,0.9474,5.26,Critical
12913,0,0,0.0736,92.64,Excellent
12914,1,1,0.7686,23.14,Poor
12915,0,0,0.143,85.7,Excellent
12916,0,0,0.1653,83.47,Excellent
12917,1,1,0.9642,3.58,Critical
12918,1,1,0.8643,13.57,Critical
12919,0,0,0.3497,65.03,Good
12920,1,1,0.7776,22.24,Poor
12921,0,0,0.098,90.2,Excellent
12922,1,1,0.905,9.5,Critical
12923,1,1,0.8879,11.21,Critical
12924,0,0,0.1412,85.88,Excellent
12925,0,0,0.0331,96.69,Excellent
12926,0,0,0.1303,86.97,Excellent
12927,0,0,0.0702,92.98,Excellent
12928,0,0,0.2304,76.96,Good
12929,1,1,0.9148,8.52,Critical
12930,1,1,0.8597,14.03,Critical
12931,0,0,0.1918,80.82,Excellent
12932,1,1,0.9712,2.88,Critical
12933,0,0,0.2004,79.96,Good
12934,1,1,0.9344,6.56,Critical
12935,1,1,0.9003,9.97,Critical
12936,0,0,0.1684,83.16,Excellent
12937,1,1,0.9007,9.93,Critical
12938,0,0,0.1402,85.98,Excellent
12939,1,1,0.8043,19.57,Critical
12940,1,1,0.9484,5.16,Critical
12941,0,0,0.1806,81.94,Excellent
12942,1,1,0.9658,3.42,Critical
12943,0,0,0.1673,83.27,Excellent
12944,1,1,0.9442,5.58,Critical
12945,0,0,0.0747,92.53,Excellent
12946,0,0,0.0802,91.98,Excellent
12947,0,0,0.0928,90.72,Excellent
12948,0,0,0.0919,90.81,Excellent
12949,1,1,0.9023,9.77,Critical
12950,1,1,0.8622,13.78,Critical
12951,1,1,0.9189,8.11,Critical
12952,0,0,0.1488,85.12,Excellent
12953,1,1,0.7333,26.67,Poor
12954,0,0,0.1517,84.83,Excellent
12955,1,1,0.9724,2.76,Critical
12956,1,1,0.9089,9.11,Critical
12957,0,0,0.0873,91.27,Excellent
12958,1,1,0.9249,7.51,Critical
12959,0,0,0.0521,94.79,Excellent
12960,1,0,0.4188,58.12,Fair
12961,0,0,0.1621,83.79,Excellent
12962,0,0,0.1101,88.99,Excellent
12963,1,1,0.9523,4.77,Critical
12964,0,0,0.3703,62.97,Good
12965,0,0,0.1117,88.83,Excellent
12966,0,0,0.1026,89.74,Excellent
12967,0,0,0.1588,84.12,Excellent
12968,1,1,0.9583,4.17,Critical
12969,0,0,0.0635,93.65,Excellent
12970,1,1,0.9145,8.55,Critical
12971,0,0,0.2448,75.52,Good
12972,0,0,0.2056,79.44,Good
12973,1,0,0.3949,60.51,Good
12974,1,1,0.9428,5.72,Critical
12975,1,0,0.3845,61.55,Good
12976,1,1,0.8687,13.13,Critical
12977,0,0,0.1562,84.38,Excellent
12978,1,1,0.8918,10.82,Critical
12979,1,1,0.7105,28.95,Poor
12980,0,0,0.0954,90.46,Excellent
12981,0,0,0.1239,87.61,Excellent
12982,0,0,0.3161,68.39,Good
12983,1,1,0.8767,12.33,Critical
12984,1,1,0.6224,37.76,Poor
12985,0,0,0.107,89.3,Excellent
12986,0,0,0.345,65.5,Good
12987,1,1,0.9557,4.43,Critical
12988,1,1,0.8896,11.04,Critical
12989,0,0,0.1147,88.53,Excellent
12990,1,1,0.8861,11.39,Critical
12991,0,0,0.1136,88.64,Excellent
12992,0,0,0.0748,92.52,Excellent
12993,1,1,0.8689,13.11,Critical
12994,0,0,0.211,78.9,Good
12995,0,0,0.1218,87.82,Excellent
12996,1,1,0.7887,21.13,Poor
12997,0,0,0.0644,93.56,Excellent
12998,1,0,0.3805,61.95,Good
12999,0,0,0.0974,90.26,Excellent
13000,1,1,0.8377,16.23,Critical
13001,1,1,0.8616,13.84,Critical
13002,1,1,0.6122,38.78,Poor
13003,0,0,0.3213,67.87,Good
13004,0,0,0.1198,88.02,Excellent
13005,1,1,0.787,21.3,Poor
13006,1,1,0.7788,22.12,Poor
13007,1,1,0.9289,7.11,Critical
13008,1,1,0.9822,1.78,Critical
13009,1,1,0.8517,14.83,Critical
13010,1,1,0.9191,8.09,Critical
13011,1,1,0.5312,46.88,Fair
13012,0,0,0.1604,83.96,Excellent
13013,0,0,0.1374,86.26,Excellent
13014,1,1,0.7813,21.87,Poor
13015,1,1,0.8805,11.95,Critical
13016,0,0,0.0718,92.82,Excellent
13017,0,0,0.1901,80.99,Excellent
13018,0,0,0.215,78.5,Good
13019,0,0,0.1501,84.99,Excellent
13020,0,0,0.1196,88.04,Excellent
13021,1,1,0.8984,10.16,Critical
13022,0,0,0.0853,91.47,Excellent
13023,1,1,0.9269,7.31,Critical
13024,0,0,0.1814,81.86,Excellent
13025,0,0,0.1995,80.05,Excellent
13026,1,1,0.9116,8.84,Critical
13027,0,0,0.3773,62.27,Good
13028,1,1,0.9373,6.27,Critical
13029,1,1,0.8443,15.57,Critical
13030,0,0,0.0727,92.73,Excellent
13031,0,0,0.3676,63.24,Good
13032,1,1,0.8238,17.62,Critical
13033,0,0,0.0877,91.23,Excellent
13034,0,0,0.0405,95.95,Excellent
13035,1,1,0.9514,4.86,Critical
13036,0,0,0.1198,88.02,Excellent
13037,1,1,0.7288,27.12,Poor
13038,0,0,0.1137,88.63,Excellent
13039,1,1,0.6279,37.21,Poor
13040,1,1,0.9202,7.98,Critical
13041,0,0,0.0786,92.14,Excellent
13042,0,0,0.098,90.2,Excellent
13043,0,0,0.1947,80.53,Excellent
13044,1,1,0.9423,5.77,Critical
13045,0,0,0.0698,93.02,Excellent
13046,1,1,0.9515,4.85,Critical
13047,0,0,0.1824,81.76,Excellent
13048,0,0,0.3999,60.01,Good
13049,1,0,0.4706,52.94,Fair
13050,0,0,0.1251,87.49,Excellent
13051,1,1,0.8066,19.34,Critical
13052,0,0,0.0815,91.85,Excellent
13053,0,0,0.1985,80.15,Excellent
13054,1,1,0.9642,3.58,Critical
13055,1,1,0.7551,24.49,Poor
13056,1,1,0.9598,4.02,Critical
13057,0,0,0.3037,69.63,Good
13058,0,0,0.0829,91.71,Excellent
13059,1,1,0.8629,13.71,Critical
13060,0,0,0.0435,95.65,Excellent
13061,0,0,0.1396,86.04,Excellent
13062,1,1,0.9318,6.82,Critical
13063,1,1,0.6146,38.54,Poor
13064,0,0,0.1773,82.27,Excellent
13065,1,1,0.6185,38.15,Poor
13066,1,1,0.6994,30.06,Poor
13067,0,0,0.1279,87.21,Excellent
13068,0,1,0.5214,47.86,Fair
13069,0,0,0.1471,85.29,Excellent
13070,1,1,0.8027,19.73,Critical
13071,1,1,0.7954,20.46,Poor
13072,0,0,0.0921,90.79,Excellent
13073,0,0,0.1827,81.73,Excellent
13074,1,1,0.9121,8.79,Critical
13075,1,1,0.695,30.5,Poor
13076,1,1,0.7522,24.78,Poor
13077,1,1,0.9524,4.76,Critical
13078,0,0,0.1326,86.74,Excellent
13079,0,0,0.2829,71.71,Good
13080,0,0,0.0573,94.27,Excellent
13081,0,0,0.4231,57.69,Fair
13082,1,1,0.7905,20.95,Poor
13083,0,0,0.206,79.4,Good
13084,0,0,0.1279,87.21,Excellent
13085,0,0,0.074,92.6,Excellent
13086,1,1,0.5087,49.13,Fair
13087,0,0,0.242,75.8,Good
13088,1,1,0.9723,2.77,Critical
13089,1,1,0.8565,14.35,Critical
13090,0,0,0.1204,87.96,Excellent
13091,0,0,0.3575,64.25,Good
13092,1,0,0.4621,53.79,Fair
13093,1,1,0.646,35.4,Poor
13094,0,0,0.3441,65.59,Good
13095,0,0,0.179,82.1,Excellent
13096,1,1,0.9598,4.02,Critical
13097,0,0,0.1287,87.13,Excellent
13098,0,0,0.1408,85.92,Excellent
13099,1,1,0.8833,11.67,Critical
13100,1,1,0.9551,4.49,Critical
13101,0,0,0.4431,55.69,Fair
13102,0,0,0.07,93.0,Excellent
13103,0,0,0.0873,91.27,Excellent
13104,1,1,0.88,12.0,Critical
13105,1,1,0.9769,2.31,Critical
13106,1,1,0.9547,4.53,Critical
13107,1,1,0.9261,7.39,Critical
13108,1,1,0.8301,16.99,Critical
13109,0,0,0.223,77.7,Good
13110,1,1,0.9776,2.24,Critical
13111,0,0,0.1158,88.42,Excellent
13112,0,0,0.1541,84.59,Excellent
13113,0,0,0.1513,84.87,Excellent
13114,0,0,0.2915,70.85,Good
13115,1,1,0.971,2.9,Critical
13116,1,1,0.5842,41.58,Fair
13117,1,1,0.5682,43.18,Fair
13118,0,0,0.2342,76.58,Good
13119,1,1,0.7848,21.52,Poor
13120,0,0,0.3958,60.42,Good
13121,0,0,0.4954,50.46,Fair
13122,0,0,0.0905,90.95,Excellent
13123,0,0,0.0784,92.16,Excellent
13124,0,0,0.2819,71.81,Good
13125,1,1,0.6504,34.96,Poor
13126,1,0,0.2853,71.47,Good
13127,0,0,0.1685,83.15,Excellent
13128,0,0,0.084,91.6,Excellent
13129,0,0,0.1983,80.17,Excellent
13130,1,1,0.9258,7.42,Critical
13131,0,0,0.1718,82.82,Excellent
13132,0,0,0.3136,68.64,Good
13133,0,0,0.2033,79.67,Good
13134,1,1,0.7528,24.72,Poor
13135,0,0,0.079,92.1,Excellent
13136,0,0,0.0715,92.85,Excellent
13137,1,1,0.8513,14.87,Critical
13138,0,0,0.1075,89.25,Excellent
13139,1,1,0.8202,17.98,Critical
13140,1,1,0.9462,5.38,Critical
13141,1,1,0.9073,9.27,Critical
13142,0,0,0.1436,85.64,Excellent
13143,0,0,0.1121,88.79,Excellent
13144,1,1,0.6843,31.57,Poor
13145,1,1,0.912,8.8,Critical
13146,0,0,0.1174,88.26,Excellent
13147,1,1,0.7776,22.24,Poor
13148,0,1,0.5896,41.04,Fair
13149,0,0,0.0931,90.69,Excellent
13150,1,1,0.8811,11.89,Critical
13151,1,1,0.8178,18.22,Critical
13152,1,0,0.3073,69.27,Good
13153,0,0,0.148,85.2,Excellent
13154,0,0,0.417,58.3,Fair
13155,0,0,0.1187,88.13,Excellent
13156,1,1,0.9053,9.47,Critical
13157,0,0,0.0791,92.09,Excellent
13158,0,0,0.1031,89.69,Excellent
13159,0,0,0.1422,85.78,Excellent
13160,0,0,0.1318,86.82,Excellent
13161,0,0,0.1514,84.86,Excellent
13162,1,1,0.8526,14.74,Critical
13163,0,0,0.3334,66.66,Good
13164,0,0,0.1446,85.54,Excellent
13165,1,1,0.9177,8.23,Critical
13166,1,1,0.9237,7.63,Critical
13167,0,0,0.0545,94.55,Excellent
13168,0,0,0.121,87.9,Excellent
13169,1,1,0.7398,26.02,Poor
13170,0,0,0.1586,84.14,Excellent
13171,0,0,0.0757,92.43,Excellent
13172,1,1,0.9657,3.43,Critical
13173,1,1,0.7617,23.83,Poor
13174,1,1,0.674,32.6,Poor
13175,0,0,0.096,90.4,Excellent
13176,0,0,0.1525,84.75,Excellent
13177,0,0,0.2597,74.03,Good
13178,1,1,0.8039,19.61,Critical
13179,0,0,0.1825,81.75,Excellent
13180,0,0,0.1045,89.55,Excellent
13181,0,0,0.1163,88.37,Excellent
13182,0,0,0.484,51.6,Fair
13183,1,1,0.7842,21.58,Poor
13184,1,1,0.9034,9.66,Critical
13185,1,1,0.8882,11.18,Critical
13186,1,1,0.8645,13.55,Critical
13187,1,1,0.8295,17.05,Critical
13188,0,0,0.2669,73.31,Good
13189,0,0,0.323,67.7,Good
13190,0,0,0.1029,89.71,Excellent
13191,0,0,0.2013,79.87,Good
13192,1,1,0.981,1.9,Critical
13193,1,1,0.7461,25.39,Poor
13194,0,0,0.1098,89.02,Excellent
13195,0,0,0.041,95.9,Excellent
13196,1,1,0.9166,8.34,Critical
13197,0,0,0.134,86.6,Excellent
13198,0,0,0.0616,93.84,Excellent
13199,1,1,0.7634,23.66,Poor
13200,1,1,0.7786,22.14,Poor
13201,0,0,0.1553,84.47,Excellent
13202,1,1,0.838,16.2,Critical
13203,0,0,0.1293,87.07,Excellent
13204,0,0,0.2028,79.72,Good
13205,1,1,0.9155,8.45,Critical
13206,0,0,0.1572,84.28,Excellent
13207,0,0,0.1321,86.79,Excellent
13208,0,0,0.1789,82.11,Excellent
13209,0,0,0.2782,72.18,Good
13210,1,1,0.9456,5.44,Critical
13211,1,1,0.6671,33.29,Poor
13212,0,0,0.2017,79.83,Good
13213,0,0,0.0796,92.04,Excellent
13214,1,1,0.9323,6.77,Critical
13215,0,0,0.1143,88.57,Excellent
13216,1,1,0.9316,6.84,Critical
13217,0,0,0.0591,94.09,Excellent
13218,0,0,0.1777,82.23,Excellent
13219,0,0,0.0613,93.87,Excellent
13220,1,1,0.8976,10.24,Critical
13221,0,0,0.0886,91.14,Excellent
13222,0,0,0.0906,90.94,Excellent
13223,0,0,0.2884,71.16,Good
13224,1,1,0.8225,17.75,Critical
13225,1,1,0.6817,31.83,Poor
13226,1,1,0.9176,8.24,Critical
13227,0,0,0.0423,95.77,Excellent
13228,0,0,0.105,89.5,Excellent
13229,1,1,0.8028,19.72,Critical
13230,1,1,0.731,26.9,Poor
13231,1,1,0.6948,30.52,Poor
13232,0,0,0.1337,86.63,Excellent
13233,0,0,0.2435,75.65,Good
13234,1,1,0.6843,31.57,Poor
13235,0,0,0.086,91.4,Excellent
13236,0,0,0.2153,78.47,Good
13237,1,1,0.8881,11.19,Critical
13238,0,0,0.1554,84.46,Excellent
13239,1,1,0.6799,32.01,Poor
13240,0,0,0.1513,84.87,Excellent
13241,0,0,0.1421,85.79,Excellent
13242,0,0,0.2169,78.31,Good
13243,1,1,0.888,11.2,Critical
13244,1,1,0.9113,8.87,Critical
13245,0,0,0.0713,92.87,Excellent
13246,0,0,0.0476,95.24,Excellent
13247,1,1,0.7608,23.92,Poor
13248,0,0,0.1456,85.44,Excellent
13249,0,0,0.2396,76.04,Good
13250,0,0,0.1677,83.23,Excellent
13251,0,0,0.3413,65.87,Good
13252,1,1,0.9664,3.36,Critical
13253,0,0,0.1699,83.01,Excellent
13254,1,1,0.6666,33.34,Poor
13255,1,1,0.9164,8.36,Critical
13256,1,1,0.7628,23.72,Poor
13257,1,1,0.709,29.1,Poor
13258,0,0,0.1962,80.38,Excellent
13259,1,1,0.8031,19.69,Critical
13260,0,0,0.1366,86.34,Excellent
13261,1,1,0.7545,24.55,Poor
13262,0,0,0.0697,93.03,Excellent
13263,0,0,0.0984,90.16,Excellent
13264,0,0,0.0788,92.12,Excellent
13265,0,0,0.2045,79.55,Good
13266,0,0,0.1552,84.48,Excellent
13267,1,1,0.8852,11.48,Critical
13268,0,0,0.0362,96.38,Excellent
13269,0,0,0.1496,85.04,Excellent
13270,0,0,0.2912,70.88,Good
13271,0,0,0.0907,90.93,Excellent
13272,1,1,0.7729,22.71,Poor
13273,1,1,0.608,39.2,Poor
13274,1,1,0.7068,29.32,Poor
13275,0,0,0.1358,86.42,Excellent
13276,1,1,0.852,14.8,Critical
13277,1,1,0.7675,23.25,Poor
13278,1,1,0.8825,11.75,Critical
13279,0,0,0.072,92.8,Excellent
13280,0,0,0.1261,87.39,Excellent
13281,0,0,0.1353,86.47,Excellent
13282,1,1,0.8054,19.46,Critical
13283,1,1,0.9185,8.15,Critical
13284,0,0,0.0852,91.48,Excellent
13285,0,0,0.0791,92.09,Excellent
13286,0,0,0.0859,91.41,Excellent
13287,1,1,0.9466,5.34,Critical
13288,0,0,0.0493,95.07,Excellent
13289,0,0,0.1124,88.76,Excellent
13290,1,1,0.8513,14.87,Critical
13291,1,1,0.8287,17.13,Critical
13292,0,0,0.2867,71.33,Good
13293,1,1,0.8071,19.29,Critical
13294,0,0,0.0719,92.81,Excellent
13295,0,0,0.1055,89.45,Excellent
13296,1,1,0.8901,10.99,Critical
13297,0,0,0.1299,87.01,Excellent
13298,1,1,0.97,3.0,Critical
13299,1,1,0.9203,7.97,Critical
13300,1,1,0.936,6.4,Critical
13301,0,0,0.3643,63.57,Good
13302,1,0,0.1821,81.79,Excellent
13303,0,0,0.1317,86.83,Excellent
13304,0,0,0.2406,75.94,Good
13305,0,0,0.2141,78.59,Good
13306,0,0,0.2056,79.44,Good
13307,1,1,0.6051,39.49,Poor
13308,1,1,0.8305,16.95,Critical
13309,0,0,0.1622,83.78,Excellent
13310,0,0,0.2757,72.43,Good
13311,1,1,0.8604,13.96,Critical
13312,1,1,0.9463,5.37,Critical
13313,1,1,0.9307,6.93,Critical
13314,0,0,0.2513,74.87,Good
13315,0,0,0.2004,79.96,Good
13316,0,0,0.0875,91.25,Excellent
13317,0,0,0.0772,92.28,Excellent
13318,1,1,0.7486,25.14,Poor
13319,0,0,0.2855,71.45,Good
13320,0,0,0.0635,93.65,Excellent
13321,1,1,0.707,29.3,Poor
13322,0,0,0.0547,94.53,Excellent
13323,0,0,0.2804,71.96,Good
13324,1,1,0.5755,42.45,Fair
13325,1,1,0.8296,17.04,Critical
13326,1,1,0.7962,20.38,Poor
13327,1,1,0.8492,15.08,Critical
13328,1,1,0.6324,36.76,Poor
13329,1,1,0.8965,10.35,Critical
13330,1,1,0.7857,21.43,Poor
13331,0,0,0.3862,61.38,Good
13332,1,1,0.6313,36.87,Poor
13333,1,1,0.9919,0.81,Critical
13334,0,0,0.1638,83.62,Excellent
13335,0,0,0.0982,90.18,Excellent
13336,0,0,0.0778,92.22,Excellent
13337,1,1,0.9745,2.55,Critical
13338,0,0,0.0406,95.94,Excellent
13339,1,1,0.9568,4.32,Critical
13340,0,0,0.1621,83.79,Excellent
13341,1,1,0.8785,12.15,Critical
13342,0,0,0.1472,85.28,Excellent
13343,1,1,0.9591,4.09,Critical
13344,1,1,0.7333,26.67,Poor
13345,0,0,0.1732,82.68,Excellent
13346,0,0,0.4719,52.81,Fair
13347,1,1,0.872,12.8,Critical
13348,0,0,0.1427,85.73,Excellent
13349,0,0,0.0755,92.45,Excellent
13350,0,0,0.094,90.6,Excellent
13351,1,1,0.7015,29.85,Poor
13352,0,0,0.1764,82.36,Excellent
13353,1,1,0.8946,10.54,Critical
13354,0,1,0.5218,47.82,Fair
13355,1,1,0.6727,32.73,Poor
13356,1,1,0.8775,12.25,Critical
13357,1,1,0.8786,12.14,Critical
13358,1,1,0.9159,8.41,Critical
13359,1,1,0.9786,2.14,Critical
13360,0,0,0.0944,90.56,Excellent
13361,1,1,0.7159,28.41,Poor
13362,1,1,0.8537,14.63,Critical
13363,1,1,0.9246,7.54,Critical
13364,1,1,0.954,4.6,Critical
13365,1,1,0.9309,6.91,Critical
13366,0,0,0.2267,77.33,Good
13367,0,1,0.5669,43.31,Fair
13368,1,1,0.9488,5.12,Critical
13369,0,0,0.098,90.2,Excellent
13370,0,0,0.1592,84.08,Excellent
13371,0,0,0.1881,81.19,Excellent
13372,1,1,0.836,16.4,Critical
13373,0,0,0.0875,91.25,Excellent
13374,1,1,0.9746,2.54,Critical
13375,1,1,0.8896,11.04,Critical
13376,0,0,0.1941,80.59,Excellent
13377,1,1,0.9482,5.18,Critical
13378,0,0,0.1774,82.26,Excellent
13379,1,0,0.4059,59.41,Fair
13380,1,1,0.9012,9.88,Critical
13381,1,1,0.7846,21.54,Poor
13382,1,1,0.973,2.7,Critical
13383,0,0,0.3776,62.24,Good
13384,1,1,0.947,5.3,Critical
13385,0,0,0.0756,92.44,Excellent
13386,0,0,0.0395,96.05,Excellent
13387,1,1,0.8581,14.19,Critical
13388,0,0,0.0959,90.41,Excellent
13389,0,0,0.07,93.0,Excellent
13390,0,0,0.33,67.0,Good
13391,1,1,0.9065,9.35,Critical
13392,0,0,0.3259,67.41,Good
13393,0,0,0.2071,79.29,Good
13394,0,0,0.1279,87.21,Excellent
13395,1,1,0.9202,7.98,Critical
13396,0,0,0.0558,94.42,Excellent
13397,0,0,0.094,90.6,Excellent
13398,0,0,0.1178,88.22,Excellent
13399,1,1,0.5679,43.21,Fair
13400,0,0,0.0788,92.12,Excellent
13401,1,1,0.8725,12.75,Critical
13402,0,0,0.046,95.4,Excellent
13403,0,0,0.0972,90.28,Excellent
13404,0,0,0.0418,95.82,Excellent
13405,0,0,0.1253,87.47,Excellent
13406,0,0,0.129,87.1,Excellent
13407,1,1,0.8011,19.89,Critical
13408,0,0,0.0669,93.31,Excellent
13409,1,1,0.9295,7.05,Critical
13410,0,0,0.0934,90.66,Excellent
13411,1,1,0.9168,8.32,Critical
13412,0,0,0.1023,89.77,Excellent
13413,0,0,0.3766,62.34,Good
13414,0,0,0.0561,94.39,Excellent
13415,0,0,0.1137,88.63,Excellent
13416,0,0,0.0529,94.71,Excellent
13417,0,0,0.1581,84.19,Excellent
13418,1,1,0.8716,12.84,Critical
13419,0,0,0.2543,74.57,Good
13420,1,1,0.9847,1.53,Critical
13421,0,0,0.3696,63.04,Good
13422,0,0,0.3255,67.45,Good
13423,0,0,0.033,96.7,Excellent
13424,0,0,0.112,88.8,Excellent
13425,0,0,0.0963,90.37,Excellent
13426,0,0,0.2309,76.91,Good
13427,1,1,0.9578,4.22,Critical
13428,1,1,0.967,3.3,Critical
13429,0,0,0.077,92.3,Excellent
13430,1,1,0.9775,2.25,Critical
13431,0,0,0.0593,94.07,Excellent
13432,0,0,0.1943,80.57,Excellent
13433,0,0,0.0691,93.09,Excellent
13434,1,1,0.8642,13.58,Critical
13435,0,0,0.0717,92.83,Excellent
13436,1,1,0.8737,12.63,Critical
13437,0,1,0.6171,38.29,Poor
13438,1,1,0.799,20.1,Poor
13439,0,0,0.187,81.3,Excellent
13440,1,1,0.6374,36.26,Poor
13441,0,0,0.0756,92.44,Excellent
13442,1,1,0.9137,8.63,Critical
13443,0,0,0.179,82.1,Excellent
13444,1,1,0.9435,5.65,Critical
13445,1,1,0.9076,9.24,Critical
13446,1,1,0.9059,9.41,Critical
13447,1,1,0.9191,8.09,Critical
13448,0,0,0.0645,93.55,Excellent
13449,1,1,0.7821,21.79,Poor
13450,1,1,0.9754,2.46,Critical
13451,0,0,0.091,90.9,Excellent
13452,1,1,0.8131,18.69,Critical
13453,1,1,0.9017,9.83,Critical
13454,0,0,0.0623,93.77,Excellent
13455,1,1,0.894,10.6,Critical
13456,1,1,0.7897,21.03,Poor
13457,1,1,0.8989,10.11,Critical
13458,1,1,0.8493,15.07,Critical
13459,0,0,0.1623,83.77,Excellent
13460,1,1,0.5962,40.38,Fair
13461,1,1,0.5747,42.53,Fair
13462,1,1,0.9384,6.16,Critical
13463,1,1,0.7993,20.07,Poor
13464,1,1,0.5818,41.82,Fair
13465,1,1,0.6256,37.44,Poor
13466,0,0,0.1698,83.02,Excellent
13467,1,1,0.8468,15.32,Critical
13468,1,1,0.8789,12.11,Critical
13469,1,1,0.7718,22.82,Poor
13470,1,1,0.8708,12.92,Critical
13471,1,1,0.6052,39.48,Poor
13472,1,1,0.9123,8.77,Critical
13473,1,1,0.8263,17.37,Critical
13474,0,0,0.0893,91.07,Excellent
13475,1,1,0.7494,25.06,Poor
13476,0,0,0.1722,82.78,Excellent
13477,0,0,0.2223,77.77,Good
13478,1,1,0.9519,4.81,Critical
13479,1,1,0.8955,10.45,Critical
13480,0,0,0.095,90.5,Excellent
13481,1,1,0.9221,7.79,Critical
13482,0,0,0.1104,88.96,Excellent
13483,0,0,0.0684,93.16,Excellent
13484,1,1,0.7532,24.68,Poor
13485,0,0,0.0643,93.57,Excellent
13486,0,0,0.2824,71.76,Good
13487,0,0,0.2227,77.73,Good
13488,0,0,0.1132,88.68,Excellent
13489,0,0,0.2733,72.67,Good
13490,1,1,0.9048,9.52,Critical
13491,0,0,0.1262,87.38,Excellent
13492,0,0,0.101,89.9,Excellent
13493,1,1,0.9295,7.05,Critical
13494,0,0,0.1309,86.91,Excellent
13495,0,0,0.3333,66.67,Good
13496,0,0,0.0923,90.77,Excellent
13497,0,0,0.1366,86.34,Excellent
13498,0,0,0.3402,65.98,Good
13499,0,0,0.1176,88.24,Excellent
13500,1,1,0.9179,8.21,Critical
13501,0,0,0.2849,71.51,Good
13502,0,0,0.1615,83.85,Excellent
13503,1,1,0.9532,4.68,Critical
13504,0,0,0.3222,67.78,Good
13505,0,0,0.0852,91.48,Excellent
13506,1,1,0.6768,32.32,Poor
13507,1,0,0.4932,50.68,Fair
13508,0,0,0.296,70.4,Good
13509,0,0,0.0695,93.05,Excellent
13510,1,1,0.628,37.2,Poor
13511,0,0,0.0847,91.53,Excellent
13512,0,1,0.5482,45.18,Fair
13513,1,1,0.9015,9.85,Critical
13514,0,0,0.1076,89.24,Excellent
13515,0,0,0.1133,88.67,Excellent
13516,0,0,0.0857,91.43,Excellent
13517,0,0,0.0417,95.83,Excellent
13518,0,0,0.0524,94.76,Excellent
13519,0,0,0.1824,81.76,Excellent
13520,1,1,0.9295,7.05,Critical
13521,0,0,0.1631,83.69,Excellent
13522,0,0,0.1157,88.43,Excellent
13523,1,1,0.9725,2.75,Critical
13524,0,0,0.0835,91.65,Excellent
13525,0,0,0.1183,88.17,Excellent
13526,1,0,0.4499,55.01,Fair
13527,1,1,0.5589,44.11,Fair
13528,0,0,0.1655,83.45,Excellent
13529,0,0,0.1148,88.52,Excellent
13530,0,0,0.387,61.3,Good
13531,1,1,0.9521,4.79,Critical
13532,1,1,0.8653,13.47,Critical
13533,1,1,0.6632,33.68,Poor
13534,0,0,0.1518,84.82,Excellent
13535,0,0,0.1369,86.31,Excellent
13536,0,0,0.1517,84.83,Excellent
13537,1,1,0.5353,46.47,Fair
13538,0,0,0.2589,74.11,Good
13539,0,0,0.0991,90.09,Excellent
13540,0,0,0.13,87.0,Excellent
13541,1,1,0.9177,8.23,Critical
13542,1,1,0.6984,30.16,Poor
13543,1,1,0.9156,8.44,Critical
13544,0,0,0.2847,71.53,Good
13545,1,1,0.9698,3.02,Critical
13546,0,0,0.2126,78.74,Good
13547,1,1,0.5589,44.11,Fair
13548,1,1,0.8651,13.49,Critical
13549,1,1,0.7544,24.56,Poor
13550,1,1,0.9329,6.71,Critical
13551,1,1,0.7628,23.72,Poor
13552,0,0,0.0905,90.95,Excellent
13553,0,0,0.148,85.2,Excellent
13554,1,1,0.9874,1.26,Critical
13555,1,1,0.883,11.7,Critical
13556,1,1,0.9109,8.91,Critical
13557,1,1,0.9422,5.78,Critical
13558,1,1,0.9281,7.19,Critical
13559,1,1,0.8711,12.89,Critical
13560,1,1,0.8715,12.85,Critical
13561,0,0,0.0654,93.46,Excellent
13562,1,1,0.5171,48.29,Fair
13563,1,1,0.8473,15.27,Critical
13564,0,0,0.1254,87.46,Excellent
13565,1,1,0.9484,5.16,Critical
13566,1,1,0.9274,7.26,Critical
13567,1,1,0.9213,7.87,Critical
13568,1,1,0.7355,26.45,Poor
13569,1,1,0.6526,34.74,Poor
13570,0,0,0.1595,84.05,Excellent
13571,0,0,0.1226,87.74,Excellent
13572,0,0,0.121,87.9,Excellent
13573,0,0,0.495,50.5,Fair
13574,1,1,0.8912,10.88,Critical
13575,1,1,0.8863,11.37,Critical
13576,0,0,0.3011,69.89,Good
13577,0,0,0.0842,91.58,Excellent
13578,1,1,0.9312,6.88,Critical
13579,0,0,0.2149,78.51,Good
13580,0,0,0.1162,88.38,Excellent
13581,1,1,0.7462,25.38,Poor
13582,0,0,0.1302,86.98,Excellent
13583,1,1,0.9131,8.69,Critical
13584,1,1,0.9621,3.79,Critical
13585,0,0,0.0785,92.15,Excellent
13586,1,1,0.8306,16.94,Critical
13587,0,0,0.1794,82.06,Excellent
13588,0,0,0.185,81.5,Excellent
13589,1,1,0.8315,16.85,Critical
13590,0,0,0.1312,86.88,Excellent
13591,0,0,0.1058,89.42,Excellent
13592,1,1,0.965,3.5,Critical
13593,1,1,0.8594,14.06,Critical
13594,0,0,0.1154,88.46,Excellent
13595,0,0,0.1753,82.47,Excellent
13596,0,0,0.0951,90.49,Excellent
13597,1,1,0.8126,18.74,Critical
13598,1,1,0.7778,22.22,Poor
13599,0,0,0.0928,90.72,Excellent
13600,0,0,0.1872,81.28,Excellent
13601,1,1,0.939,6.1,Critical
13602,0,0,0.0902,90.98,Excellent
13603,0,0,0.1155,88.45,Excellent
13604,0,0,0.1316,86.84,Excellent
13605,0,1,0.5821,41.79,Fair
13606,1,1,0.8321,16.79,Critical
13607,1,1,0.8565,14.35,Critical
13608,0,0,0.2733,72.67,Good
13609,0,0,0.1535,84.65,Excellent
13610,1,1,0.6839,31.61,Poor
13611,0,0,0.0767,92.33,Excellent
13612,0,0,0.1035,89.65,Excellent
13613,1,1,0.8879,11.21,Critical
13614,0,0,0.095,90.5,Excellent
13615,1,1,0.9433,5.67,Critical
13616,1,1,0.8857,11.43,Critical
13617,1,1,0.5364,46.36,Fair
13618,0,0,0.1365,86.35,Excellent
13619,1,1,0.7587,24.13,Poor
13620,0,0,0.1265,87.35,Excellent
13621,1,1,0.7274,27.26,Poor
13622,1,1,0.9569,4.31,Critical
13623,1,1,0.9183,8.17,Critical
13624,0,0,0.0892,91.08,Excellent
13625,0,0,0.1387,86.13,Excellent
13626,1,1,0.9098,9.02,Critical
13627,1,1,0.8814,11.86,Critical
13628,1,1,0.7004,29.96,Poor
13629,1,1,0.7321,26.79,Poor
13630,0,0,0.3225,67.75,Good
13631,1,1,0.8216,17.84,Critical
13632,0,0,0.0679,93.21,Excellent
13633,0,0,0.2466,75.34,Good
13634,1,1,0.9172,8.28,Critical
13635,0,0,0.335,66.5,Good
13636,0,0,0.3064,69.36,Good
13637,0,0,0.3754,62.46,Good
13638,1,1,0.9214,7.86,Critical
13639,0,0,0.2115,78.85,Good
13640,0,0,0.256,74.4,Good
13641,0,0,0.2511,74.89,Good
13642,1,1,0.8822,11.78,Critical
13643,0,0,0.1031,89.69,Excellent
13644,1,1,0.8926,10.74,Critical
13645,0,0,0.1118,88.82,Excellent
13646,1,1,0.8991,10.09,Critical
13647,0,0,0.1949,80.51,Excellent
13648,0,0,0.1561,84.39,Excellent
13649,1,1,0.9035,9.65,Critical
13650,1,1,0.9335,6.65,Critical
13651,1,0,0.4744,52.56,Fair
13652,1,1,0.9289,7.11,Critical
13653,1,1,0.9026,9.74,Critical
13654,1,1,0.6119,38.81,Poor
13655,1,1,0.8805,11.95,Critical
13656,1,1,0.8337,16.63,Critical
13657,0,0,0.1807,81.93,Excellent
13658,1,1,0.971,2.9,Critical
13659,0,0,0.2622,73.78,Good
13660,0,0,0.0414,95.86,Excellent
13661,0,0,0.3894,61.06,Good
13662,1,1,0.8249,17.51,Critical
13663,0,0,0.1154,88.46,Excellent
13664,1,1,0.7067,29.33,Poor
13665,0,0,0.3651,63.49,Good
13666,1,1,0.7944,20.56,Poor
13667,0,0,0.1663,83.37,Excellent
13668,0,0,0.254,74.6,Good
13669,0,0,0.0692,93.08,Excellent
13670,0,0,0.1006,89.94,Excellent
13671,1,1,0.9139,8.61,Critical
13672,0,0,0.2388,76.12,Good
13673,1,1,0.8891,11.09,Critical
13674,0,0,0.1089,89.11,Excellent
13675,0,0,0.2569,74.31,Good
13676,0,0,0.0917,90.83,Excellent
13677,0,0,0.1738,82.62,Excellent
13678,0,0,0.1853,81.47,Excellent
13679,1,1,0.9694,3.06,Critical
13680,0,0,0.3437,65.63,Good
13681,1,0,0.4539,54.61,Fair
13682,1,1,0.5944,40.56,Fair
13683,1,1,0.8843,11.57,Critical
13684,1,1,0.9221,7.79,Critical
13685,0,0,0.3385,66.15,Good
13686,1,1,0.8499,15.01,Critical
13687,1,1,0.8831,11.69,Critical
13688,0,0,0.2201,77.99,Good
13689,1,1,0.9584,4.16,Critical
13690,1,1,0.9355,6.45,Critical
13691,1,1,0.8292,17.08,Critical
13692,0,0,0.3068,69.32,Good
13693,1,1,0.9711,2.89,Critical
13694,0,0,0.2115,78.85,Good
13695,0,0,0.2263,77.37,Good
13696,1,1,0.7639,23.61,Poor
13697,1,1,0.9343,6.57,Critical
13698,0,0,0.2693,73.07,Good
13699,1,1,0.5125,48.75,Fair
13700,1,1,0.869,13.1,Critical
13701,0,0,0.0699,93.01,Excellent
13702,0,0,0.2352,76.48,Good
13703,0,0,0.1192,88.08,Excellent
13704,1,1,0.9586,4.14,Critical
13705,0,0,0.0803,91.97,Excellent
13706,1,1,0.869,13.1,Critical
13707,0,0,0.1047,89.53,Excellent
13708,1,1,0.833,16.7,Critical
13709,1,1,0.9214,7.86,Critical
13710,0,0,0.1634,83.66,Excellent
13711,0,0,0.1297,87.03,Excellent
13712,1,1,0.9087,9.13,Critical
13713,1,1,0.8255,17.45,Critical
13714,0,0,0.0739,92.61,Excellent
13715,0,0,0.2564,74.36,Good
13716,1,1,0.9035,9.65,Critical
13717,1,1,0.9158,8.42,Critical
13718,0,0,0.1711,82.89,Excellent
13719,0,0,0.147,85.3,Excellent
13720,0,0,0.0685,93.15,Excellent
13721,1,1,0.9694,3.06,Critical
13722,1,1,0.744,25.6,Poor
13723,0,0,0.3907,60.93,Good
13724,1,1,0.9846,1.54,Critical
13725,0,0,0.1781,82.19,Excellent
13726,0,0,0.1874,81.26,Excellent
13727,0,0,0.1576,84.24,Excellent
13728,0,0,0.2749,72.51,Good
13729,0,0,0.0719,92.81,Excellent
13730,0,0,0.3352,66.48,Good
13731,0,0,0.2306,76.94,Good
13732,0,0,0.2067,79.33,Good
13733,0,0,0.081,91.9,Excellent
13734,0,0,0.1014,89.86,Excellent
13735,1,1,0.9107,8.93,Critical
13736,1,1,0.8438,15.62,Critical
13737,0,0,0.1422,85.78,Excellent
13738,0,0,0.4002,59.98,Fair
13739,0,0,0.141,85.9,Excellent
13740,1,1,0.8422,15.78,Critical
13741,1,1,0.916,8.4,Critical
13742,1,1,0.9325,6.75,Critical
13743,1,1,0.7596,24.04,Poor
13744,0,0,0.0553,94.47,Excellent
13745,0,0,0.1611,83.89,Excellent
13746,0,0,0.0681,93.19,Excellent
13747,0,0,0.0799,92.01,Excellent
13748,0,0,0.2136,78.64,Good
13749,1,1,0.9731,2.69,Critical
13750,1,1,0.8655,13.45,Critical
13751,0,0,0.1682,83.18,Excellent
13752,1,1,0.9272,7.28,Critical
13753,0,0,0.1282,87.18,Excellent
13754,0,0,0.3097,69.03,Good
13755,0,0,0.258,74.2,Good
13756,0,0,0.0738,92.62,Excellent
13757,1,0,0.4637,53.63,Fair
13758,0,0,0.1044,89.56,Excellent
13759,1,1,0.9626,3.74,Critical
13760,0,0,0.1807,81.93,Excellent
13761,0,0,0.0708,92.92,Excellent
13762,0,0,0.073,92.7,Excellent
13763,1,1,0.9331,6.69,Critical
13764,1,1,0.915,8.5,Critical
13765,0,0,0.1002,89.98,Excellent
13766,1,1,0.9297,7.03,Critical
13767,0,0,0.061,93.9,Excellent
13768,1,1,0.8925,10.75,Critical
13769,1,1,0.8393,16.07,Critical
13770,0,0,0.286,71.4,Good
13771,1,1,0.9638,3.62,Critical
13772,0,0,0.4179,58.21,Fair
13773,0,0,0.1541,84.59,Excellent
13774,0,0,0.126,87.4,Excellent
13775,0,0,0.4749,52.51,Fair
13776,1,1,0.9591,4.09,Critical
13777,1,1,0.9035,9.65,Critical
13778,0,0,0.1507,84.93,Excellent
13779,0,0,0.0919,90.81,Excellent
13780,1,1,0.9353,6.47,Critical
13781,0,0,0.0732,92.68,Excellent
13782,0,0,0.0687,93.13,Excellent
13783,1,1,0.6705,32.95,Poor
13784,1,1,0.8601,13.99,Critical
13785,0,0,0.0849,91.51,Excellent
13786,1,0,0.4841,51.59,Fair
13787,1,1,0.8122,18.78,Critical
13788,0,0,0.1153,88.47,Excellent
13789,1,1,0.9473,5.27,Critical
13790,1,1,0.8387,16.13,Critical
13791,0,0,0.1202,87.98,Excellent
13792,1,1,0.8305,16.95,Critical
13793,1,0,0.4975,50.25,Fair
13794,1,1,0.8308,16.92,Critical
13795,1,1,0.9716,2.84,Critical
13796,1,1,0.8409,15.91,Critical
13797,1,1,0.8942,10.58,Critical
13798,0,0,0.1831,81.69,Excellent
13799,0,0,0.1259,87.41,Excellent
13800,0,0,0.1429,85.71,Excellent
13801,0,0,0.1663,83.37,Excellent
13802,1,1,0.7757,22.43,Poor
13803,1,1,0.8529,14.71,Critical
13804,0,0,0.2419,75.81,Good
13805,1,1,0.8004,19.96,Critical
13806,0,0,0.1071,89.29,Excellent
13807,0,0,0.1514,84.86,Excellent
13808,0,0,0.119,88.1,Excellent
13809,1,1,0.7855,21.45,Poor
13810,0,0,0.0787,92.13,Excellent
13811,1,1,0.9469,5.31,Critical
13812,0,0,0.1908,80.92,Excellent
13813,0,0,0.0381,96.19,Excellent
13814,1,1,0.8942,10.58,Critical
13815,1,1,0.6302,36.98,Poor
13816,1,1,0.8452,15.48,Critical
13817,0,0,0.0613,93.87,Excellent
13818,0,0,0.1936,80.64,Excellent
13819,0,0,0.084,91.6,Excellent
13820,0,0,0.0929,90.71,Excellent
13821,1,1,0.9075,9.25,Critical
13822,0,0,0.1194,88.06,Excellent
13823,1,1,0.9106,8.94,Critical
13824,1,1,0.8054,19.46,Critical
13825,1,1,0.9658,3.42,Critical
13826,1,1,0.849,15.1,Critical
13827,0,0,0.1503,84.97,Excellent
13828,0,0,0.1272,87.28,Excellent
13829,0,0,0.2258,77.42,Good
13830,0,0,0.0893,91.07,Excellent
13831,0,0,0.0759,92.41,Excellent
13832,1,1,0.567,43.3,Fair
13833,1,1,0.8574,14.26,Critical
13834,1,1,0.9004,9.96,Critical
13835,1,1,0.8971,10.29,Critical
13836,0,0,0.1251,87.49,Excellent
13837,1,1,0.9036,9.64,Critical
13838,1,1,0.6641,33.59,Poor
13839,0,0,0.3078,69.22,Good
13840,1,1,0.9283,7.17,Critical
13841,0,0,0.099,90.1,Excellent
13842,1,1,0.6219,37.81,Poor
13843,1,1,0.9666,3.34,Critical
13844,1,1,0.9793,2.07,Critical
13845,1,1,0.8175,18.25,Critical
13846,1,1,0.9173,8.27,Critical
13847,1,1,0.6304,36.96,Poor
13848,0,0,0.2879,71.21,Good
13849,1,1,0.9773,2.27,Critical
13850,0,0,0.0769,92.31,Excellent
13851,1,1,0.7328,26.72,Poor
13852,1,1,0.7988,20.12,Poor
13853,1,1,0.6757,32.43,Poor
13854,1,1,0.8036,19.64,Critical
13855,0,0,0.0501,94.99,Excellent
13856,0,0,0.0526,94.74,Excellent
13857,1,1,0.6432,35.68,Poor
13858,0,0,0.2182,78.18,Good
13859,0,0,0.0485,95.15,Excellent
13860,1,1,0.9354,6.46,Critical
13861,1,1,0.8593,14.07,Critical
13862,0,0,0.1172,88.28,Excellent
13863,1,1,0.8506,14.94,Critical
13864,1,1,0.939,6.1,Critical
13865,0,0,0.153,84.7,Excellent
13866,1,1,0.8708,12.92,Critical
13867,1,1,0.724,27.6,Poor
13868,0,0,0.058,94.2,Excellent
13869,1,1,0.9147,8.53,Critical
13870,0,0,0.1153,88.47,Excellent
13871,0,0,0.2907,70.93,Good
13872,1,1,0.6498,35.02,Poor
13873,0,0,0.1708,82.92,Excellent
13874,1,1,0.8131,18.69,Critical
13875,0,0,0.0568,94.32,Excellent
13876,0,0,0.2289,77.11,Good
13877,0,0,0.086,91.4,Excellent
13878,1,1,0.9176,8.24,Critical
13879,0,0,0.0563,94.37,Excellent
13880,0,0,0.0503,94.97,Excellent
13881,1,1,0.977,2.3,Critical
13882,0,0,0.1158,88.42,Excellent
13883,1,1,0.9382,6.18,Critical
13884,0,0,0.1156,88.44,Excellent
13885,0,0,0.1287,87.13,Excellent
13886,1,1,0.9459,5.41,Critical
13887,0,0,0.182,81.8,Excellent
13888,1,1,0.826,17.4,Critical
13889,1,1,0.8331,16.69,Critical
13890,0,0,0.0936,90.64,Excellent
13891,1,1,0.8107,18.93,Critical
13892,1,1,0.7399,26.01,Poor
13893,0,0,0.1393,86.07,Excellent
13894,0,0,0.1425,85.75,Excellent
13895,1,1,0.9098,9.02,Critical
13896,1,1,0.8439,15.61,Critical
13897,0,0,0.2314,76.86,Good
13898,0,0,0.0577,94.23,Excellent
13899,0,0,0.1209,87.91,Excellent
13900,0,0,0.0718,92.82,Excellent
13901,1,1,0.7939,20.61,Poor
13902,0,0,0.0552,94.48,Excellent
13903,1,1,0.9471,5.29,Critical
13904,1,1,0.832,16.8,Critical
13905,0,0,0.124,87.6,Excellent
13906,0,0,0.1272,87.28,Excellent
13907,1,1,0.7168,28.32,Poor
13908,1,1,0.8355,16.45,Critical
13909,1,0,0.3849,61.51,Good
13910,0,0,0.2689,73.11,Good
13911,0,0,0.2175,78.25,Good
13912,0,0,0.144,85.6,Excellent
13913,0,0,0.0975,90.25,Excellent
13914,0,0,0.1063,89.37,Excellent
13915,1,1,0.854,14.6,Critical
13916,1,0,0.4849,51.51,Fair
13917,1,1,0.6792,32.08,Poor
13918,1,1,0.8924,10.76,Critical
13919,1,1,0.9023,9.77,Critical
13920,1,1,0.7256,27.44,Poor
13921,1,1,0.8893,11.07,Critical
13922,1,1,0.9889,1.11,Critical
13923,1,1,0.6367,36.33,Poor
13924,1,1,0.781,21.9,Poor
13925,0,0,0.1207,87.93,Excellent
13926,0,0,0.0965,90.35,Excellent
13927,1,1,0.9312,6.88,Critical
13928,1,1,0.906,9.4,Critical
13929,0,0,0.0877,91.23,Excellent
13930,1,1,0.6538,34.62,Poor
13931,0,0,0.0721,92.79,Excellent
13932,0,0,0.3323,66.77,Good
13933,0,0,0.105,89.5,Excellent
13934,1,1,0.6692,33.08,Poor
13935,1,1,0.7189,28.11,Poor
13936,1,1,0.9633,3.67,Critical
13937,1,1,0.8869,11.31,Critical
13938,0,0,0.1052,89.48,Excellent
13939,0,0,0.0643,93.57,Excellent
13940,0,0,0.1691,83.09,Excellent
13941,0,0,0.2059,79.41,Good
13942,1,1,0.9538,4.62,Critical
13943,0,0,0.1004,89.96,Excellent
13944,1,1,0.8059,19.41,Critical
13945,0,0,0.1605,83.95,Excellent
13946,0,0,0.0593,94.07,Excellent
13947,0,0,0.1454,85.46,Excellent
13948,0,0,0.0915,90.85,Excellent
13949,0,0,0.1662,83.38,Excellent
13950,1,1,0.8574,14.26,Critical
13951,0,0,0.1528,84.72,Excellent
13952,0,0,0.0594,94.06,Excellent
13953,0,0,0.3446,65.54,Good
13954,0,0,0.1436,85.64,Excellent
13955,1,1,0.8117,18.83,Critical
13956,0,0,0.0587,94.13,Excellent
13957,0,0,0.2227,77.73,Good
13958,1,1,0.9858,1.42,Critical
13959,1,1,0.9717,2.83,Critical
13960,1,1,0.9276,7.24,Critical
13961,1,1,0.86,14.0,Critical
13962,0,0,0.17,83.0,Excellent
13963,0,0,0.0748,92.52,Excellent
13964,1,1,0.6973,30.27,Poor
13965,0,0,0.1587,84.13,Excellent
13966,1,1,0.9447,5.53,Critical
13967,0,0,0.2593,74.07,Good
13968,1,1,0.9818,1.82,Critical
13969,0,0,0.1375,86.25,Excellent
13970,1,1,0.9406,5.94,Critical
13971,1,1,0.9674,3.26,Critical
13972,1,1,0.9615,3.85,Critical
13973,1,1,0.8473,15.27,Critical
13974,0,0,0.0881,91.19,Excellent
13975,1,1,0.9162,8.38,Critical
13976,0,0,0.0898,91.02,Excellent
13977,1,1,0.9413,5.87,Critical
13978,1,1,0.8342,16.58,Critical
13979,1,1,0.6254,37.46,Poor
13980,1,1,0.9505,4.95,Critical
13981,1,1,0.7192,28.08,Poor
13982,0,0,0.121,87.9,Excellent
13983,1,1,0.8221,17.79,Critical
13984,0,0,0.1555,84.45,Excellent
13985,1,1,0.8209,17.91,Critical
13986,1,1,0.8886,11.14,Critical
13987,0,0,0.1012,89.88,Excellent
13988,0,0,0.0539,94.61,Excellent
13989,1,1,0.8536,14.64,Critical
13990,1,1,0.9073,9.27,Critical
13991,1,1,0.8079,19.21,Critical
13992,0,0,0.0726,92.74,Excellent
13993,0,0,0.0509,94.91,Excellent
13994,0,0,0.3315,66.85,Good
13995,0,0,0.1896,81.04,Excellent
13996,1,1,0.8021,19.79,Critical
13997,0,0,0.3577,64.23,Good
13998,1,0,0.3823,61.77,Good
13999,0,0,0.1365,86.35,Excellent
14000,1,1,0.9563,4.37,Critical
14001,0,0,0.1378,86.22,Excellent
14002,1,1,0.689,31.1,Poor
14003,0,0,0.2131,78.69,Good
14004,0,0,0.1882,81.18,Excellent
14005,1,1,0.8077,19.23,Critical
14006,0,0,0.0928,90.72,Excellent
14007,1,1,0.5432,45.68,Fair
14008,1,1,0.6975,30.25,Poor
14009,0,0,0.1238,87.62,Excellent
14010,1,1,0.8071,19.29,Critical
14011,0,0,0.1278,87.22,Excellent
14012,0,0,0.2124,78.76,Good
14013,1,1,0.6344,36.56,Poor
14014,1,1,0.9177,8.23,Critical
14015,0,0,0.3568,64.32,Good
14016,0,0,0.1148,88.52,Excellent
14017,1,1,0.7522,24.78,Poor
14018,0,0,0.0533,94.67,Excellent
14019,0,0,0.3531,64.69,Good
14020,0,0,0.1869,81.31,Excellent
14021,0,0,0.1858,81.42,Excellent
14022,0,0,0.0729,92.71,Excellent
14023,0,0,0.2812,71.88,Good
14024,0,0,0.0848,91.52,Excellent
14025,1,1,0.857,14.3,Critical
14026,0,0,0.145,85.5,Excellent
14027,0,0,0.0804,91.96,Excellent
14028,1,1,0.8484,15.16,Critical
14029,0,0,0.0346,96.54,Excellent
14030,1,1,0.9434,5.66,Critical
14031,1,1,0.9758,2.42,Critical
14032,1,1,0.8685,13.15,Critical
14033,1,1,0.7997,20.03,Poor
14034,1,1,0.7446,25.54,Poor
14035,1,1,0.7355,26.45,Poor
14036,1,1,0.9453,5.47,Critical
14037,1,1,0.8488,15.12,Critical
14038,1,1,0.7836,21.64,Poor
14039,0,0,0.1547,84.53,Excellent
14040,1,1,0.9656,3.44,Critical
14041,0,0,0.1806,81.94,Excellent
14042,0,0,0.3136,68.64,Good
14043,1,1,0.9214,7.86,Critical
14044,0,0,0.2578,74.22,Good
14045,1,1,0.7482,25.18,Poor
14046,1,1,0.9693,3.07,Critical
14047,1,1,0.933,6.7,Critical
14048,0,0,0.2025,79.75,Good
14049,1,1,0.7532,24.68,Poor
14050,0,0,0.2634,73.66,Good
14051,0,0,0.0896,91.04,Excellent
14052,1,1,0.8535,14.65,Critical
14053,1,1,0.9319,6.81,Critical
14054,0,0,0.21,79.0,Good
14055,1,1,0.8583,14.17,Critical
14056,1,1,0.7489,25.11,Poor
14057,0,0,0.4043,59.57,Fair
14058,0,0,0.1017,89.83,Excellent
14059,0,0,0.1072,89.28,Excellent
14060,0,0,0.0622,93.78,Excellent
14061,0,0,0.367,63.3,Good
14062,0,0,0.1666,83.34,Excellent
14063,0,0,0.1237,87.63,Excellent
14064,1,1,0.7843,21.57,Poor
14065,1,1,0.9215,7.85,Critical
14066,1,1,0.9589,4.11,Critical
14067,1,1,0.9463,5.37,Critical
14068,1,1,0.7985,20.15,Poor
14069,1,1,0.9018,9.82,Critical
14070,1,1,0.8832,11.68,Critical
14071,0,0,0.0713,92.87,Excellent
14072,1,1,0.8923,10.77,Critical
14073,0,0,0.0924,90.76,Excellent
14074,0,0,0.0677,93.23,Excellent
14075,1,1,0.8025,19.75,Critical
14076,1,1,0.6233,37.67,Poor
14077,0,0,0.1473,85.27,Excellent
14078,0,0,0.2139,78.61,Good
14079,0,0,0.0528,94.72,Excellent
14080,0,0,0.0574,94.26,Excellent
14081,0,0,0.111,88.9,Excellent
14082,1,1,0.6054,39.46,Poor
14083,0,0,0.0674,93.26,Excellent
14084,1,1,0.7103,28.97,Poor
14085,1,1,0.9504,4.96,Critical
14086,0,0,0.0717,92.83,Excellent
14087,1,1,0.6329,36.71,Poor
14088,0,0,0.2837,71.63,Good
14089,0,0,0.3133,68.67,Good
14090,0,0,0.1663,83.37,Excellent
14091,1,1,0.5809,41.91,Fair
14092,1,1,0.9196,8.04,Critical
14093,0,0,0.2619,73.81,Good
14094,1,1,0.9327,6.73,Critical
14095,0,0,0.049,95.1,Excellent
14096,1,1,0.9103,8.97,Critical
14097,0,0,0.1248,87.52,Excellent
14098,0,0,0.0925,90.75,Excellent
14099,1,1,0.9692,3.08,Critical
14100,0,0,0.1388,86.12,Excellent
14101,1,1,0.7172,28.28,Poor
14102,0,0,0.2279,77.21,Good
14103,1,1,0.8387,16.13,Critical
14104,0,0,0.092,90.8,Excellent
14105,1,1,0.987,1.3,Critical
14106,0,0,0.0605,93.95,Excellent
14107,1,1,0.9544,4.56,Critical
14108,1,1,0.8677,13.23,Critical
14109,0,0,0.0616,93.84,Excellent
14110,0,0,0.1824,81.76,Excellent
14111,1,1,0.8566,14.34,Critical
14112,1,1,0.9807,1.93,Critical
14113,0,0,0.307,69.3,Good
14114,1,1,0.8351,16.49,Critical
14115,1,0,0.4737,52.63,Fair
14116,0,0,0.1481,85.19,Excellent
14117,0,0,0.1154,88.46,Excellent
14118,0,0,0.1283,87.17,Excellent
14119,0,0,0.1078,89.22,Excellent
14120,0,0,0.1358,86.42,Excellent
14121,0,0,0.1008,89.92,Excellent
14122,1,1,0.8645,13.55,Critical
14123,0,0,0.0482,95.18,Excellent
14124,1,1,0.6542,34.58,Poor
14125,1,1,0.9143,8.57,Critical
14126,0,0,0.0558,94.42,Excellent
14127,1,1,0.8072,19.28,Critical
14128,0,0,0.0667,93.33,Excellent
14129,0,0,0.1865,81.35,Excellent
14130,1,1,0.9062,9.38,Critical
14131,1,1,0.8869,11.31,Critical
14132,1,1,0.8785,12.15,Critical
14133,1,1,0.9291,7.09,Critical
14134,1,1,0.9737,2.63,Critical
14135,0,0,0.2269,77.31,Good
14136,1,1,0.8737,12.63,Critical
14137,1,1,0.9378,6.22,Critical
14138,0,0,0.2277,77.23,Good
14139,1,1,0.8473,15.27,Critical
14140,0,0,0.1275,87.25,Excellent
14141,0,0,0.2425,75.75,Good
14142,1,0,0.4192,58.08,Fair
14143,1,1,0.9523,4.77,Critical
14144,1,1,0.9261,7.39,Critical
14145,1,1,0.9703,2.97,Critical
14146,1,1,0.7889,21.11,Poor
14147,1,1,0.8948,10.52,Critical
14148,1,1,0.9198,8.02,Critical
14149,0,0,0.0707,92.93,Excellent
14150,0,0,0.1415,85.85,Excellent
14151,1,1,0.8445,15.55,Critical
14152,1,1,0.9651,3.49,Critical
14153,1,1,0.8511,14.89,Critical
14154,1,1,0.9047,9.53,Critical
14155,0,0,0.1208,87.92,Excellent
14156,0,0,0.154,84.6,Excellent
14157,1,1,0.9431,5.69,Critical
14158,0,0,0.1483,85.17,Excellent
14159,0,0,0.1318,86.82,Excellent
14160,1,1,0.8801,11.99,Critical
14161,0,0,0.0572,94.28,Excellent
14162,1,1,0.8485,15.15,Critical
14163,1,1,0.6733,32.67,Poor
14164,1,1,0.8996,10.04,Critical
14165,0,0,0.24,76.0,Good
14166,0,0,0.2181,78.19,Good
14167,1,1,0.9212,7.88,Critical
14168,1,1,0.5215,47.85,Fair
14169,1,1,0.7132,28.68,Poor
14170,1,1,0.7153,28.47,Poor
14171,0,0,0.223,77.7,Good
14172,0,0,0.2534,74.66,Good
14173,0,0,0.0752,92.48,Excellent
14174,0,0,0.0818,91.82,Excellent
14175,0,0,0.2064,79.36,Good
14176,1,1,0.7594,24.06,Poor
14177,1,1,0.9184,8.16,Critical
14178,0,0,0.1778,82.22,Excellent
14179,0,0,0.2057,79.43,Good
14180,1,1,0.8309,16.91,Critical
14181,1,1,0.5763,42.37,Fair
14182,0,0,0.0729,92.71,Excellent
14183,1,1,0.7969,20.31,Poor
14184,1,1,0.7268,27.32,Poor
14185,0,0,0.1552,84.48,Excellent
14186,1,1,0.52,48.0,Fair
14187,0,0,0.2212,77.88,Good
14188,1,1,0.8995,10.05,Critical
14189,0,0,0.2728,72.72,Good
14190,0,0,0.3919,60.81,Good
14191,0,0,0.2287,77.13,Good
14192,1,1,0.7068,29.32,Poor
14193,1,0,0.4136,58.64,Fair
14194,0,0,0.1975,80.25,Excellent
14195,1,1,0.9632,3.68,Critical
14196,1,1,0.9813,1.87,Critical
14197,0,0,0.0789,92.11,Excellent
14198,1,1,0.8542,14.58,Critical
14199,1,1,0.5913,40.87,Fair
14200,1,1,0.7487,25.13,Poor
14201,0,0,0.0745,92.55,Excellent
14202,1,1,0.884,11.6,Critical
14203,1,1,0.8578,14.22,Critical
14204,1,1,0.9792,2.08,Critical
14205,0,0,0.0868,91.32,Excellent
14206,0,0,0.0775,92.25,Excellent
14207,1,1,0.8269,17.31,Critical
14208,0,0,0.0797,92.03,Excellent
14209,0,0,0.1555,84.45,Excellent
14210,1,1,0.9679,3.21,Critical
14211,0,0,0.143,85.7,Excellent
14212,0,0,0.1272,87.28,Excellent
14213,1,1,0.9098,9.02,Critical
14214,0,0,0.1242,87.58,Excellent
14215,1,1,0.7719,22.81,Poor
14216,1,1,0.9149,8.51,Critical
14217,1,1,0.8752,12.48,Critical
14218,0,0,0.0885,91.15,Excellent
14219,0,0,0.0984,90.16,Excellent
14220,0,0,0.2139,78.61,Good
14221,1,0,0.3295,67.05,Good
14222,1,1,0.8123,18.77,Critical
14223,1,1,0.879,12.1,Critical
14224,0,0,0.1821,81.79,Excellent
14225,0,0,0.2207,77.93,Good
14226,1,1,0.7868,21.32,Poor
14227,1,1,0.8799,12.01,Critical
14228,1,1,0.5114,48.86,Fair
14229,0,0,0.1386,86.14,Excellent
14230,0,0,0.3885,61.15,Good
14231,1,1,0.6111,38.89,Poor
14232,0,0,0.0609,93.91,Excellent
14233,1,1,0.9711,2.89,Critical
14234,0,0,0.0899,91.01,Excellent
14235,0,0,0.1117,88.83,Excellent
14236,1,1,0.7962,20.38,Poor
14237,1,1,0.8374,16.26,Critical
14238,0,0,0.1704,82.96,Excellent
14239,1,1,0.9078,9.22,Critical
14240,0,0,0.0891,91.09,Excellent
14241,0,0,0.102,89.8,Excellent
14242,1,1,0.8207,17.93,Critical
14243,1,1,0.6709,32.91,Poor
14244,1,1,0.6388,36.12,Poor
14245,1,1,0.7224,27.76,Poor
14246,0,0,0.1094,89.06,Excellent
14247,1,1,0.926,7.4,Critical
14248,1,1,0.8371,16.29,Critical
14249,1,1,0.7555,24.45,Poor
14250,1,1,0.8794,12.06,Critical
14251,0,0,0.0977,90.23,Excellent
14252,0,0,0.2981,70.19,Good
14253,1,1,0.8215,17.85,Critical
14254,1,1,0.9162,8.38,Critical
14255,0,0,0.2989,70.11,Good
14256,0,0,0.1485,85.15,Excellent
14257,0,0,0.2875,71.25,Good
14258,0,0,0.114,88.6,Excellent
14259,0,0,0.1345,86.55,Excellent
14260,0,0,0.157,84.3,Excellent
14261,1,1,0.8764,12.36,Critical
14262,1,1,0.6585,34.15,Poor
14263,0,0,0.3088,69.12,Good
14264,1,1,0.7476,25.24,Poor
14265,0,0,0.1058,89.42,Excellent
14266,1,1,0.7637,23.63,Poor
14267,0,0,0.0948,90.52,Excellent
14268,0,0,0.0843,91.57,Excellent
14269,1,1,0.911,8.9,Critical
14270,1,1,0.8173,18.27,Critical
14271,1,1,0.5635,43.65,Fair
14272,0,0,0.2353,76.47,Good
14273,1,1,0.9221,7.79,Critical
14274,0,0,0.1854,81.46,Excellent
14275,1,1,0.9656,3.44,Critical
14276,1,1,0.8691,13.09,Critical
14277,0,0,0.2055,79.45,Good
14278,1,1,0.8581,14.19,Critical
14279,0,0,0.1333,86.67,Excellent
14280,1,1,0.8291,17.09,Critical
14281,0,0,0.1201,87.99,Excellent
14282,0,0,0.1003,89.97,Excellent
14283,0,0,0.124,87.6,Excellent
14284,1,1,0.8652,13.48,Critical
14285,0,0,0.105,89.5,Excellent
14286,0,0,0.1853,81.47,Excellent
14287,1,1,0.7391,26.09,Poor
14288,1,1,0.9455,5.45,Critical
14289,1,1,0.9307,6.93,Critical
14290,1,1,0.6776,32.24,Poor
14291,1,1,0.8515,14.85,Critical
14292,1,1,0.9408,5.92,Critical
14293,0,0,0.1914,80.86,Excellent
14294,1,1,0.799,20.1,Poor
14295,1,1,0.8369,16.31,Critical
14296,0,0,0.0647,93.53,Excellent
14297,1,1,0.8366,16.34,Critical
14298,1,1,0.8211,17.89,Critical
14299,1,1,0.9709,2.91,Critical
14300,0,0,0.1567,84.33,Excellent
14301,1,1,0.9361,6.39,Critical
14302,0,0,0.0873,91.27,Excellent
14303,1,1,0.6233,37.67,Poor
14304,1,1,0.9232,7.68,Critical
14305,1,1,0.9144,8.56,Critical
14306,0,0,0.3952,60.48,Good
14307,0,0,0.2351,76.49,Good
14308,0,0,0.0563,94.37,Excellent
14309,0,0,0.1379,86.21,Excellent
14310,0,0,0.1682,83.18,Excellent
14311,1,1,0.8827,11.73,Critical
14312,0,0,0.103,89.7,Excellent
14313,1,1,0.7186,28.14,Poor
14314,0,0,0.2725,72.75,Good
14315,0,0,0.0462,95.38,Excellent
14316,0,0,0.2254,77.46,Good
14317,1,1,0.8529,14.71,Critical
14318,1,1,0.8159,18.41,Critical
14319,1,1,0.9327,6.73,Critical
14320,1,1,0.7806,21.94,Poor
14321,0,0,0.0944,90.56,Excellent
14322,1,1,0.6732,32.68,Poor
14323,1,1,0.936,6.4,Critical
14324,1,1,0.8585,14.15,Critical
14325,0,0,0.0859,91.41,Excellent
14326,1,1,0.8585,14.15,Critical
14327,0,0,0.0627,93.73,Excellent
14328,1,1,0.8305,16.95,Critical
14329,0,0,0.2138,78.62,Good
14330,1,1,0.9563,4.37,Critical
14331,0,0,0.1062,89.38,Excellent
14332,0,0,0.093,90.7,Excellent
14333,0,0,0.2658,73.42,Good
14334,0,0,0.2419,75.81,Good
14335,0,0,0.1007,89.93,Excellent
14336,1,1,0.9395,6.05,Critical
14337,1,1,0.8724,12.76,Critical
14338,1,1,0.6068,39.32,Poor
14339,0,0,0.113,88.7,Excellent
14340,0,0,0.2728,72.72,Good
14341,1,1,0.957,4.3,Critical
14342,1,1,0.7937,20.63,Poor
14343,1,1,0.9016,9.84,Critical
14344,1,0,0.4486,55.14,Fair
14345,1,1,0.8626,13.74,Critical
14346,0,0,0.1547,84.53,Excellent
14347,1,1,0.9025,9.75,Critical
14348,1,1,0.8429,15.71,Critical
14349,1,1,0.9151,8.49,Critical
14350,0,0,0.137,86.3,Excellent
14351,1,1,0.9653,3.47,Critical
14352,0,0,0.1615,83.85,Excellent
14353,1,1,0.9502,4.98,Critical
14354,1,1,0.9026,9.74,Critical
14355,1,1,0.6874,31.26,Poor
14356,1,1,0.9497,5.03,Critical
14357,0,0,0.0754,92.46,Excellent
14358,1,1,0.8982,10.18,Critical
14359,0,0,0.1289,87.11,Excellent
14360,0,0,0.3135,68.65,Good
14361,1,1,0.6564,34.36,Poor
14362,1,1,0.9383,6.17,Critical
14363,1,1,0.9878,1.22,Critical
14364,1,1,0.9121,8.79,Critical
14365,1,1,0.9497,5.03,Critical
14366,0,0,0.0225,97.75,Excellent
14367,0,0,0.1375,86.25,Excellent
14368,1,1,0.902,9.8,Critical
14369,0,0,0.122,87.8,Excellent
14370,0,0,0.0835,91.65,Excellent
14371,0,0,0.1354,86.46,Excellent
14372,0,0,0.0634,93.66,Excellent
14373,1,1,0.9265,7.35,Critical
14374,0,0,0.0695,93.05,Excellent
14375,1,1,0.9154,8.46,Critical
14376,0,0,0.0683,93.17,Excellent
14377,0,0,0.0339,96.61,Excellent
14378,0,0,0.0478,95.22,Excellent
14379,0,0,0.1344,86.56,Excellent
14380,1,1,0.5217,47.83,Fair
14381,0,0,0.1797,82.03,Excellent
14382,1,1,0.8341,16.59,Critical
14383,0,0,0.1116,88.84,Excellent
14384,1,1,0.8782,12.18,Critical
14385,0,0,0.1084,89.16,Excellent
14386,0,0,0.1085,89.15,Excellent
14387,0,0,0.0717,92.83,Excellent
14388,1,1,0.9026,9.74,Critical
14389,1,1,0.5762,42.38,Fair
14390,0,0,0.1204,87.96,Excellent
14391,1,1,0.6868,31.32,Poor
14392,0,1,0.5753,42.47,Fair
14393,0,0,0.2325,76.75,Good
14394,0,0,0.0744,92.56,Excellent
14395,0,0,0.1648,83.52,Excellent
14396,0,0,0.117,88.3,Excellent
14397,1,1,0.9424,5.76,Critical
14398,1,1,0.9932,0.68,Critical
14399,1,1,0.9793,2.07,Critical
14400,0,0,0.1088,89.12,Excellent
14401,1,1,0.9853,1.47,Critical
14402,0,0,0.1038,89.62,Excellent
14403,0,0,0.1316,86.84,Excellent
14404,1,1,0.9026,9.74,Critical
14405,0,0,0.2426,75.74,Good
14406,1,1,0.9463,5.37,Critical
14407,0,0,0.1932,80.68,Excellent
14408,0,0,0.134,86.6,Excellent
14409,1,1,0.6668,33.32,Poor
14410,0,0,0.0464,95.36,Excellent
14411,1,1,0.8585,14.15,Critical
14412,0,0,0.0439,95.61,Excellent
14413,0,0,0.1286,87.14,Excellent
14414,0,0,0.3506,64.94,Good
14415,1,1,0.7479,25.21,Poor
14416,1,1,0.89,11.0,Critical
14417,1,1,0.7344,26.56,Poor
14418,0,0,0.1462,85.38,Excellent
14419,0,0,0.1754,82.46,Excellent
14420,1,0,0.4225,57.75,Fair
14421,1,1,0.8402,15.98,Critical
14422,1,1,0.5799,42.01,Fair
14423,0,0,0.1842,81.58,Excellent
14424,0,0,0.0804,91.96,Excellent
14425,1,1,0.9024,9.76,Critical
14426,1,1,0.7919,20.81,Poor
14427,1,1,0.861,13.9,Critical
14428,0,0,0.1136,88.64,Excellent
14429,0,0,0.0679,93.21,Excellent
14430,1,1,0.6532,34.68,Poor
14431,0,0,0.1636,83.64,Excellent
14432,0,0,0.0944,90.56,Excellent
14433,0,0,0.1234,87.66,Excellent
14434,0,0,0.0584,94.16,Excellent
14435,1,1,0.6982,30.18,Poor
14436,0,0,0.1815,81.85,Excellent
14437,0,0,0.4389,56.11,Fair
14438,1,1,0.8835,11.65,Critical
14439,0,0,0.141,85.9,Excellent
14440,1,1,0.9398,6.02,Critical
14441,1,1,0.9077,9.23,Critical
14442,0,0,0.1448,85.52,Excellent
14443,1,1,0.847,15.3,Critical
14444,0,0,0.0819,91.81,Excellent
14445,0,0,0.4305,56.95,Fair
14446,1,1,0.7155,28.45,Poor
14447,0,0,0.411,58.9,Fair
14448,1,1,0.9597,4.03,Critical
14449,0,0,0.0426,95.74,Excellent
14450,0,0,0.0789,92.11,Excellent
14451,0,0,0.1414,85.86,Excellent
14452,1,1,0.7152,28.48,Poor
14453,1,1,0.8576,14.24,Critical
14454,1,1,0.9505,4.95,Critical
14455,1,1,0.8239,17.61,Critical
14456,0,0,0.1775,82.25,Excellent
14457,0,0,0.1081,89.19,Excellent
14458,0,0,0.3995,60.05,Good
14459,1,1,0.9184,8.16,Critical
14460,0,0,0.3447,65.53,Good
14461,0,0,0.3722,62.78,Good
14462,1,1,0.5172,48.28,Fair
14463,0,0,0.0939,90.61,Excellent
14464,0,0,0.124,87.6,Excellent
14465,1,1,0.6661,33.39,Poor
14466,1,1,0.6955,30.45,Poor
14467,1,1,0.9139,8.61,Critical
14468,0,0,0.0719,92.81,Excellent
14469,1,1,0.7921,20.79,Poor
14470,0,0,0.4555,54.45,Fair
14471,0,0,0.0742,92.58,Excellent
14472,0,0,0.1109,88.91,Excellent
14473,1,1,0.9504,4.96,Critical
14474,1,1,0.8928,10.72,Critical
14475,0,0,0.3811,61.89,Good
14476,0,0,0.1126,88.74,Excellent
14477,1,1,0.6453,35.47,Poor
14478,1,1,0.7972,20.28,Poor
14479,0,0,0.123,87.7,Excellent
14480,1,1,0.9535,4.65,Critical
14481,0,0,0.2142,78.58,Good
14482,1,1,0.8627,13.73,Critical
14483,1,0,0.4681,53.19,Fair
14484,0,0,0.1101,88.99,Excellent
14485,1,1,0.8787,12.13,Critical
14486,1,1,0.862,13.8,Critical
14487,0,0,0.1921,80.79,Excellent
14488,1,1,0.9932,0.68,Critical
14489,0,0,0.3807,61.93,Good
14490,1,1,0.9557,4.43,Critical
14491,1,1,0.9881,1.19,Critical
14492,0,0,0.1102,88.98,Excellent
14493,1,1,0.9703,2.97,Critical
14494,1,1,0.9469,5.31,Critical
14495,1,1,0.9256,7.44,Critical
14496,1,1,0.8562,14.38,Critical
14497,0,0,0.0971,90.29,Excellent
14498,0,0,0.0988,90.12,Excellent
14499,1,1,0.9319,6.81,Critical
14500,0,1,0.5023,49.77,Fair
14501,0,0,0.1616,83.84,Excellent
14502,0,0,0.3113,68.87,Good
14503,0,0,0.1696,83.04,Excellent
14504,0,0,0.1245,87.55,Excellent
14505,0,0,0.067,93.3,Excellent
14506,1,1,0.8629,13.71,Critical
14507,1,1,0.7956,20.44,Poor
14508,0,0,0.1424,85.76,Excellent
14509,1,1,0.7501,24.99,Poor
14510,1,1,0.7781,22.19,Poor
14511,0,0,0.116,88.4,Excellent
14512,0,0,0.2077,79.23,Good
14513,1,1,0.9635,3.65,Critical
14514,1,1,0.9036,9.64,Critical
14515,0,0,0.2063,79.37,Good
14516,0,0,0.2315,76.85,Good
14517,0,0,0.0903,90.97,Excellent
14518,1,1,0.8461,15.39,Critical
14519,1,1,0.9616,3.84,Critical
14520,0,0,0.3604,63.96,Good
14521,0,0,0.1015,89.85,Excellent
14522,0,0,0.0962,90.38,Excellent
14523,1,1,0.8967,10.33,Critical
14524,0,0,0.2333,76.67,Good
14525,1,1,0.964,3.6,Critical
14526,1,1,0.805,19.5,Critical
14527,1,0,0.4499,55.01,Fair
14528,1,1,0.9624,3.76,Critical
14529,0,0,0.085,91.5,Excellent
14530,1,1,0.9205,7.95,Critical
14531,1,1,0.8977,10.23,Critical
14532,1,1,0.9349,6.51,Critical
14533,1,1,0.9474,5.26,Critical
14534,1,1,0.7163,28.37,Poor
14535,1,1,0.7668,23.32,Poor
14536,0,0,0.037,96.3,Excellent
14537,1,1,0.8164,18.36,Critical
14538,1,1,0.8749,12.51,Critical
14539,1,1,0.8698,13.02,Critical
14540,0,0,0.4594,54.06,Fair
14541,0,0,0.1344,86.56,Excellent
14542,1,1,0.9681,3.19,Critical
14543,0,1,0.7108,28.92,Poor
14544,0,0,0.1653,83.47,Excellent
14545,1,1,0.9398,6.02,Critical
14546,0,0,0.0562,94.38,Excellent
14547,0,0,0.0292,97.08,Excellent
14548,1,1,0.5731,42.69,Fair
14549,1,1,0.676,32.4,Poor
14550,1,1,0.746,25.4,Poor
14551,1,1,0.6656,33.44,Poor
14552,0,0,0.1254,87.46,Excellent
14553,0,0,0.2877,71.23,Good
14554,0,0,0.222,77.8,Good
14555,1,1,0.9544,4.56,Critical
14556,0,0,0.0672,93.28,Excellent
14557,0,0,0.1985,80.15,Excellent
14558,0,0,0.3105,68.95,Good
14559,1,1,0.9652,3.48,Critical
14560,0,0,0.0884,91.16,Excellent
14561,0,0,0.1079,89.21,Excellent
14562,1,1,0.6841,31.59,Poor
14563,0,0,0.0362,96.38,Excellent
14564,1,1,0.8472,15.28,Critical
14565,1,1,0.9585,4.15,Critical
14566,0,0,0.0978,90.22,Excellent
14567,0,0,0.2708,72.92,Good
14568,1,1,0.9158,8.42,Critical
14569,0,0,0.0708,92.92,Excellent
14570,0,0,0.1362,86.38,Excellent
14571,0,0,0.1147,88.53,Excellent
14572,0,0,0.142,85.8,Excellent
14573,1,1,0.8892,11.08,Critical
14574,1,1,0.9062,9.38,Critical
14575,1,1,0.8315,16.85,Critical
14576,0,0,0.113,88.7,Excellent
14577,1,1,0.9729,2.71,Critical
14578,1,0,0.4972,50.28,Fair
14579,0,1,0.548,45.2,Fair
14580,1,1,0.9409,5.91,Critical
14581,1,1,0.9962,0.38,Critical
14582,0,0,0.2601,73.99,Good
14583,1,1,0.9325,6.75,Critical
14584,0,0,0.1735,82.65,Excellent
14585,0,0,0.1068,89.32,Excellent
14586,1,1,0.936,6.4,Critical
14587,1,1,0.9219,7.81,Critical
14588,1,1,0.9045,9.55,Critical
14589,0,0,0.0607,93.93,Excellent
14590,1,1,0.9213,7.87,Critical
14591,0,0,0.0669,93.31,Excellent
14592,1,1,0.7938,20.62,Poor
14593,0,0,0.0908,90.92,Excellent
14594,1,1,0.9427,5.73,Critical
14595,1,1,0.9247,7.53,Critical
14596,1,1,0.8756,12.44,Critical
14597,0,0,0.214,78.6,Good
14598,0,0,0.1838,81.62,Excellent
14599,1,1,0.8864,11.36,Critical
14600,0,0,0.3577,64.23,Good
14601,0,0,0.1773,82.27,Excellent
14602,1,1,0.7576,24.24,Poor
14603,0,0,0.166,83.4,Excellent
14604,0,0,0.0579,94.21,Excellent
14605,0,0,0.2937,70.63,Good
14606,0,0,0.196,80.4,Excellent
14607,0,0,0.0351,96.49,Excellent
14608,0,0,0.1593,84.07,Excellent
14609,0,0,0.2116,78.84,Good
14610,1,1,0.8403,15.97,Critical
14611,1,1,0.8799,12.01,Critical
14612,1,1,0.8066,19.34,Critical
14613,0,0,0.2359,76.41,Good
14614,0,0,0.1651,83.49,Excellent
14615,0,0,0.1304,86.96,Excellent
14616,1,1,0.8292,17.08,Critical
14617,1,1,0.957,4.3,Critical
14618,1,1,0.9558,4.42,Critical
14619,1,1,0.8337,16.63,Critical
14620,0,0,0.2511,74.89,Good
14621,0,0,0.0845,91.55,Excellent
14622,1,1,0.8247,17.53,Critical
14623,1,1,0.9187,8.13,Critical
14624,1,1,0.8015,19.85,Critical
14625,0,1,0.5035,49.65,Fair
14626,1,1,0.883,11.7,Critical
14627,0,0,0.0889,91.11,Excellent
14628,1,0,0.4613,53.87,Fair
14629,0,0,0.0598,94.02,Excellent
14630,0,0,0.0625,93.75,Excellent
14631,1,1,0.9547,4.53,Critical
14632,0,0,0.1196,88.04,Excellent
14633,0,0,0.0486,95.14,Excellent
14634,1,1,0.9381,6.19,Critical
14635,0,0,0.1112,88.88,Excellent
14636,0,0,0.1247,87.53,Excellent
14637,0,1,0.6248,37.52,Poor
14638,0,0,0.2077,79.23,Good
14639,0,0,0.131,86.9,Excellent
14640,0,0,0.2603,73.97,Good
14641,0,0,0.0921,90.79,Excellent
14642,0,0,0.0515,94.85,Excellent
14643,1,1,0.8944,10.56,Critical
14644,1,1,0.7329,26.71,Poor
14645,0,0,0.2951,70.49,Good
14646,0,0,0.0648,93.52,Excellent
14647,1,1,0.8686,13.14,Critical
14648,0,0,0.1973,80.27,Excellent
14649,0,0,0.2299,77.01,Good
14650,0,0,0.198,80.2,Excellent
14651,0,0,0.1156,88.44,Excellent
14652,0,0,0.2892,71.08,Good
14653,1,1,0.8212,17.88,Critical
14654,1,1,0.9723,2.77,Critical
14655,0,0,0.1099,89.01,Excellent
14656,1,1,0.7266,27.34,Poor
14657,1,1,0.7631,23.69,Poor
14658,1,1,0.7775,22.25,Poor
14659,0,0,0.3486,65.14,Good
14660,1,1,0.9233,7.67,Critical
14661,0,0,0.2809,71.91,Good
14662,1,1,0.8766,12.34,Critical
14663,0,0,0.231,76.9,Good
14664,0,0,0.1325,86.75,Excellent
14665,0,0,0.2297,77.03,Good
14666,1,1,0.8699,13.01,Critical
14667,0,0,0.0986,90.14,Excellent
14668,0,0,0.1412,85.88,Excellent
14669,0,0,0.4794,52.06,Fair
14670,0,0,0.2185,78.15,Good
14671,0,0,0.1601,83.99,Excellent
14672,1,1,0.8887,11.13,Critical
14673,0,0,0.0448,95.52,Excellent
14674,0,0,0.2069,79.31,Good
14675,1,1,0.8108,18.92,Critical
14676,0,0,0.0727,92.73,Excellent
14677,0,0,0.0936,90.64,Excellent
14678,0,0,0.0699,93.01,Excellent
14679,0,0,0.1497,85.03,Excellent
14680,0,0,0.1342,86.58,Excellent
14681,0,0,0.2268,77.32,Good
14682,1,1,0.9894,1.06,Critical
14683,0,0,0.1483,85.17,Excellent
14684,1,1,0.7712,22.88,Poor
14685,0,0,0.086,91.4,Excellent
14686,0,0,0.1422,85.78,Excellent
14687,0,0,0.1951,80.49,Excellent
14688,0,0,0.1931,80.69,Excellent
14689,0,0,0.2402,75.98,Good
14690,1,1,0.5882,41.18,Fair
14691,0,0,0.214,78.6,Good
14692,1,1,0.8726,12.74,Critical
14693,1,1,0.9931,0.69,Critical
14694,1,1,0.7876,21.24,Poor
14695,0,0,0.1413,85.87,Excellent
14696,0,0,0.0654,93.46,Excellent
14697,1,1,0.9057,9.43,Critical
14698,0,0,0.0727,92.73,Excellent
14699,1,1,0.7765,22.35,Poor
14700,0,0,0.1847,81.53,Excellent
14701,0,0,0.2266,77.34,Good
14702,1,1,0.8729,12.71,Critical
14703,0,0,0.0855,91.45,Excellent
14704,1,1,0.7797,22.03,Poor
14705,1,1,0.7341,26.59,Poor
14706,1,1,0.6122,38.78,Poor
14707,0,0,0.0972,90.28,Excellent
14708,1,1,0.8185,18.15,Critical
14709,0,0,0.1234,87.66,Excellent
14710,1,1,0.9349,6.51,Critical
14711,1,1,0.9119,8.81,Critical
14712,1,1,0.6769,32.31,Poor
14713,0,0,0.2473,75.27,Good
14714,0,0,0.17,83.0,Excellent
14715,0,0,0.2352,76.48,Good
14716,1,1,0.9402,5.98,Critical
14717,0,0,0.2221,77.79,Good
14718,1,1,0.826,17.4,Critical
14719,0,0,0.1212,87.88,Excellent
14720,1,1,0.8648,13.52,Critical
14721,0,0,0.0809,91.91,Excellent
14722,0,0,0.1077,89.23,Excellent
14723,1,1,0.9725,2.75,Critical
14724,1,1,0.8879,11.21,Critical
14725,1,1,0.7489,25.11,Poor
14726,0,0,0.1196,88.04,Excellent
14727,1,1,0.8282,17.18,Critical
14728,0,0,0.1086,89.14,Excellent
14729,0,0,0.1622,83.78,Excellent
14730,1,1,0.845,15.5,Critical
14731,1,1,0.8122,18.78,Critical
14732,1,1,0.9458,5.42,Critical
14733,1,1,0.9093,9.07,Critical
14734,0,0,0.1282,87.18,Excellent
14735,1,1,0.9173,8.27,Critical
14736,1,1,0.9358,6.42,Critical
14737,1,1,0.9183,8.17,Critical
14738,0,0,0.1628,83.72,Excellent
14739,1,1,0.8242,17.58,Critical
14740,0,0,0.1157,88.43,Excellent
14741,0,0,0.0416,95.84,Excellent
14742,1,1,0.9423,5.77,Critical
14743,1,1,0.7877,21.23,Poor
14744,0,0,0.1725,82.75,Excellent
14745,1,1,0.9295,7.05,Critical
14746,0,0,0.2855,71.45,Good
14747,0,0,0.0753,92.47,Excellent
14748,0,0,0.3929,60.71,Good
14749,0,0,0.053,94.7,Excellent
14750,1,1,0.6455,35.45,Poor
14751,0,0,0.2765,72.35,Good
14752,0,0,0.1237,87.63,Excellent
14753,0,0,0.0856,91.44,Excellent
14754,1,1,0.8794,12.06,Critical
14755,0,0,0.1588,84.12,Excellent
14756,0,0,0.0577,94.23,Excellent
14757,1,1,0.9007,9.93,Critical
14758,0,0,0.1662,83.38,Excellent
14759,0,0,0.1306,86.94,Excellent
14760,0,0,0.1074,89.26,Excellent
14761,1,1,0.6561,34.39,Poor
14762,1,1,0.9543,4.57,Critical
14763,0,0,0.1303,86.97,Excellent
14764,0,0,0.1337,86.63,Excellent
14765,1,1,0.8937,10.63,Critical
14766,1,1,0.9441,5.59,Critical
14767,0,0,0.0888,91.12,Excellent
14768,1,1,0.9622,3.78,Critical
14769,1,1,0.7976,20.24,Poor
14770,0,1,0.6277,37.23,Poor
14771,1,1,0.8935,10.65,Critical
14772,0,0,0.1654,83.46,Excellent
14773,1,1,0.9867,1.33,Critical
14774,0,0,0.1508,84.92,Excellent
14775,0,0,0.1373,86.27,Excellent
14776,1,0,0.3251,67.49,Good
14777,0,0,0.2346,76.54,Good
14778,1,1,0.886,11.4,Critical
14779,1,1,0.9339,6.61,Critical
14780,1,1,0.9822,1.78,Critical
14781,1,1,0.9196,8.04,Critical
14782,0,0,0.3651,63.49,Good
14783,1,1,0.9943,0.57,Critical
14784,0,0,0.0653,93.47,Excellent
14785,0,0,0.1552,84.48,Excellent
14786,0,0,0.1183,88.17,Excellent
14787,0,0,0.1507,84.93,Excellent
14788,0,0,0.111,88.9,Excellent
14789,1,1,0.931,6.9,Critical
14790,1,1,0.8139,18.61,Critical
14791,1,1,0.9317,6.83,Critical
14792,1,0,0.4998,50.02,Fair
14793,1,1,0.7406,25.94,Poor
14794,0,0,0.1672,83.28,Excellent
14795,0,0,0.0717,92.83,Excellent
14796,0,0,0.1622,83.78,Excellent
14797,0,0,0.2384,76.16,Good
14798,1,1,0.7025,29.75,Poor
14799,1,1,0.8971,10.29,Critical
14800,0,0,0.2852,71.48,Good
14801,0,0,0.152,84.8,Excellent
14802,0,0,0.1279,87.21,Excellent
14803,1,1,0.9161,8.39,Critical
14804,0,0,0.1125,88.75,Excellent
14805,0,0,0.342,65.8,Good
14806,1,1,0.9681,3.19,Critical
14807,1,1,0.9523,4.77,Critical
14808,1,1,0.815,18.5,Critical
14809,0,0,0.1403,85.97,Excellent
14810,1,1,0.9602,3.98,Critical
14811,0,0,0.1512,84.88,Excellent
14812,1,1,0.6307,36.93,Poor
14813,0,0,0.1576,84.24,Excellent
14814,1,1,0.903,9.7,Critical
14815,0,0,0.1208,87.92,Excellent
14816,0,0,0.0668,93.32,Excellent
14817,1,1,0.7128,28.72,Poor
14818,1,1,0.991,0.9,Critical
14819,0,0,0.1149,88.51,Excellent
14820,1,1,0.8472,15.28,Critical
14821,0,0,0.146,85.4,Excellent
14822,0,0,0.1078,89.22,Excellent
14823,1,1,0.8285,17.15,Critical
14824,0,0,0.1532,84.68,Excellent
14825,0,0,0.1293,87.07,Excellent
14826,0,0,0.1989,80.11,Excellent
14827,1,1,0.785,21.5,Poor
14828,1,1,0.6747,32.53,Poor
14829,1,1,0.9122,8.78,Critical
14830,0,0,0.0641,93.59,Excellent
14831,0,0,0.0949,90.51,Excellent
14832,1,1,0.6459,35.41,Poor
14833,1,1,0.8903,10.97,Critical
14834,1,1,0.9001,9.99,Critical
14835,0,0,0.2122,78.78,Good
14836,1,1,0.9032,9.68,Critical
14837,1,1,0.9749,2.51,Critical
14838,0,0,0.0689,93.11,Excellent
14839,0,0,0.1518,84.82,Excellent
14840,0,0,0.0671,93.29,Excellent
14841,1,1,0.9191,8.09,Critical
14842,0,0,0.1662,83.38,Excellent
14843,0,0,0.1066,89.34,Excellent
14844,0,0,0.0727,92.73,Excellent
14845,0,0,0.1179,88.21,Excellent
14846,1,1,0.9525,4.75,Critical
14847,0,0,0.1214,87.86,Excellent
14848,0,0,0.1647,83.53,Excellent
14849,0,0,0.1197,88.03,Excellent
14850,0,0,0.1075,89.25,Excellent
14851,1,1,0.8929,10.71,Critical
14852,1,1,0.9583,4.17,Critical
14853,1,1,0.8365,16.35,Critical
14854,1,1,0.9592,4.08,Critical
14855,1,1,0.6295,37.05,Poor
14856,0,0,0.3134,68.66,Good
14857,0,0,0.1294,87.06,Excellent
14858,1,1,0.8203,17.97,Critical
14859,1,1,0.8691,13.09,Critical
14860,0,0,0.1264,87.36,Excellent
14861,1,1,0.9124,8.76,Critical
14862,1,1,0.541,45.9,Fair
14863,0,0,0.0527,94.73,Excellent
14864,0,0,0.1641,83.59,Excellent
14865,0,0,0.0876,91.24,Excellent
14866,1,1,0.5069,49.31,Fair
14867,1,1,0.8966,10.34,Critical
14868,1,1,0.5486,45.14,Fair
14869,1,1,0.8158,18.42,Critical
14870,0,0,0.1012,89.88,Excellent
14871,1,1,0.9472,5.28,Critical
14872,0,0,0.2001,79.99,Good
14873,0,0,0.2193,78.07,Good
14874,0,0,0.1235,87.65,Excellent
14875,0,0,0.1423,85.77,Excellent
14876,1,1,0.9921,0.79,Critical
14877,0,0,0.3386,66.14,Good
14878,0,0,0.2855,71.45,Good
14879,0,0,0.2165,78.35,Good
14880,1,1,0.878,12.2,Critical
14881,1,1,0.9336,6.64,Critical
14882,0,0,0.0893,91.07,Excellent
14883,1,1,0.9017,9.83,Critical
14884,1,1,0.8891,11.09,Critical
14885,1,1,0.9442,5.58,Critical
14886,0,0,0.1097,89.03,Excellent
14887,0,0,0.173,82.7,Excellent
14888,0,0,0.0782,92.18,Excellent
14889,0,0,0.2505,74.95,Good
14890,1,1,0.7174,28.26,Poor
14891,0,0,0.244,75.6,Good
14892,1,1,0.8984,10.16,Critical
14893,1,1,0.8709,12.91,Critical
14894,0,0,0.2495,75.05,Good
14895,0,0,0.0311,96.89,Excellent
14896,0,0,0.1677,83.23,Excellent
14897,1,1,0.883,11.7,Critical
14898,0,0,0.1669,83.31,Excellent
14899,1,1,0.675,32.5,Poor
14900,0,0,0.0755,92.45,Excellent
14901,0,0,0.2013,79.87,Good
14902,1,1,0.9244,7.56,Critical
14903,1,1,0.7808,21.92,Poor
14904,0,0,0.3125,68.75,Good
14905,1,1,0.8135,18.65,Critical
14906,1,1,0.8199,18.01,Critical
14907,1,1,0.9125,8.75,Critical
14908,0,0,0.0753,92.47,Excellent
14909,1,1,0.9046,9.54,Critical
14910,1,1,0.9533,4.67,Critical
14911,0,0,0.0653,93.47,Excellent
14912,0,0,0.1307,86.93,Excellent
14913,0,0,0.4159,58.41,Fair
14914,0,0,0.136,86.4,Excellent
14915,1,1,0.5038,49.62,Fair
14916,1,1,0.9032,9.68,Critical
14917,0,0,0.084,91.6,Excellent
14918,0,0,0.1495,85.05,Excellent
14919,0,0,0.1611,83.89,Excellent
14920,0,0,0.169,83.1,Excellent
14921,0,0,0.1192,88.08,Excellent
14922,0,0,0.1873,81.27,Excellent
14923,1,1,0.6407,35.93,Poor
14924,0,0,0.0764,92.36,Excellent
14925,1,1,0.8333,16.67,Critical
14926,0,0,0.3436,65.64,Good
14927,0,0,0.215,78.5,Good
14928,0,0,0.0803,91.97,Excellent
14929,1,1,0.9813,1.87,Critical
14930,0,0,0.1586,84.14,Excellent
14931,0,0,0.2335,76.65,Good
14932,0,0,0.1532,84.68,Excellent
14933,1,1,0.8482,15.18,Critical
14934,0,0,0.0807,91.93,Excellent
14935,0,0,0.2418,75.82,Good
14936,0,0,0.1087,89.13,Excellent
14937,1,1,0.9418,5.82,Critical
14938,1,1,0.9821,1.79,Critical
14939,0,0,0.0887,91.13,Excellent
14940,1,1,0.9125,8.75,Critical
14941,1,1,0.8379,16.21,Critical
14942,0,0,0.1886,81.14,Excellent
14943,0,0,0.2856,71.44,Good
14944,0,0,0.2017,79.83,Good
14945,0,0,0.0607,93.93,Excellent
14946,0,0,0.1791,82.09,Excellent
14947,0,0,0.1331,86.69,Excellent
14948,1,1,0.8268,17.32,Critical
14949,0,0,0.2014,79.86,Good
14950,0,0,0.0659,93.41,Excellent
14951,0,0,0.321,67.9,Good
14952,0,0,0.11,89.0,Excellent
14953,1,1,0.9276,7.24,Critical
14954,1,1,0.9269,7.31,Critical
14955,1,1,0.9235,7.65,Critical
14956,0,0,0.1148,88.52,Excellent
14957,0,0,0.0917,90.83,Excellent
14958,0,0,0.0818,91.82,Excellent
14959,1,1,0.7291,27.09,Poor
14960,1,1,0.8803,11.97,Critical
14961,0,0,0.1222,87.78,Excellent
14962,0,0,0.0694,93.06,Excellent
14963,0,0,0.0339,96.61,Excellent
14964,0,0,0.2154,78.46,Good
14965,0,0,0.4831,51.69,Fair
14966,1,1,0.8631,13.69,Critical
14967,1,1,0.8312,16.88,Critical
14968,0,0,0.0817,91.83,Excellent
14969,0,0,0.1372,86.28,Excellent
14970,0,0,0.403,59.7,Fair
14971,0,0,0.033,96.7,Excellent
14972,0,0,0.0504,94.96,Excellent
14973,0,0,0.1124,88.76,Excellent
14974,1,1,0.7551,24.49,Poor
14975,0,0,0.277,72.3,Good
14976,1,1,0.7786,22.14,Poor
14977,0,0,0.2016,79.84,Good
14978,0,0,0.3269,67.31,Good
14979,0,0,0.0764,92.36,Excellent
14980,0,0,0.1881,81.19,Excellent
14981,1,1,0.608,39.2,Poor
14982,1,1,0.9111,8.89,Critical
14983,0,0,0.0934,90.66,Excellent
14984,1,1,0.8504,14.96,Critical
14985,0,0,0.0681,93.19,Excellent
14986,0,0,0.1109,88.91,Excellent
14987,1,1,0.972,2.8,Critical
14988,0,0,0.0583,94.17,Excellent
14989,1,1,0.8541,14.59,Critical
14990,1,1,0.9482,5.18,Critical
14991,0,0,0.2174,78.26,Good
14992,0,0,0.1029,89.71,Excellent
14993,0,0,0.1208,87.92,Excellent
14994,0,0,0.1351,86.49,Excellent
14995,1,1,0.9676,3.24,Critical
14996,1,1,0.9758,2.42,Critical
14997,0,0,0.202,79.8,Good
14998,0,0,0.1955,80.45,Excellent
14999,0,0,0.3689,63.11,Good
15000,0,0,0.2743,72.57,Good
15001,1,1,0.8961,10.39,Critical
15002,1,1,0.9516,4.84,Critical
15003,0,0,0.4337,56.63,Fair
15004,1,1,0.9453,5.47,Critical
15005,0,0,0.398,60.2,Good
15006,1,1,0.7415,25.85,Poor
15007,0,0,0.2712,72.88,Good
15008,1,1,0.7211,27.89,Poor
15009,1,1,0.8142,18.58,Critical
15010,0,0,0.3243,67.57,Good
15011,0,0,0.1866,81.34,Excellent
15012,1,1,0.8153,18.47,Critical
15013,1,1,0.8339,16.61,Critical
15014,0,0,0.0822,91.78,Excellent
15015,0,0,0.1385,86.15,Excellent
15016,1,1,0.7509,24.91,Poor
15017,1,1,0.9614,3.86,Critical
15018,0,0,0.0815,91.85,Excellent
15019,0,0,0.1285,87.15,Excellent
15020,0,0,0.1479,85.21,Excellent
15021,0,0,0.1032,89.68,Excellent
15022,1,1,0.8907,10.93,Critical
15023,0,0,0.1168,88.32,Excellent
15024,1,1,0.885,11.5,Critical
15025,0,0,0.1917,80.83,Excellent
15026,1,1,0.859,14.1,Critical
15027,0,0,0.0847,91.53,Excellent
15028,0,0,0.0813,91.87,Excellent
15029,1,1,0.819,18.1,Critical
15030,0,0,0.0716,92.84,Excellent
15031,1,1,0.7864,21.36,Poor
15032,0,0,0.1203,87.97,Excellent
15033,1,1,0.8518,14.82,Critical
15034,1,1,0.927,7.3,Critical
15035,0,0,0.3111,68.89,Good
15036,0,0,0.171,82.9,Excellent
15037,0,0,0.334,66.6,Good
15038,1,1,0.6488,35.12,Poor
15039,0,0,0.2311,76.89,Good
15040,1,1,0.8388,16.12,Critical
15041,1,1,0.718,28.2,Poor
15042,1,1,0.9556,4.44,Critical
15043,0,0,0.216,78.4,Good
15044,0,0,0.1157,88.43,Excellent
15045,1,1,0.8143,18.57,Critical
15046,1,1,0.9078,9.22,Critical
15047,0,0,0.4611,53.89,Fair
15048,1,1,0.8632,13.68,Critical
15049,1,1,0.8746,12.54,Critical
15050,0,0,0.157,84.3,Excellent
15051,0,0,0.2863,71.37,Good
15052,0,0,0.3672,63.28,Good
15053,1,0,0.0798,92.02,Excellent
15054,1,1,0.6908,30.92,Poor
15055,1,0,0.4853,51.47,Fair
15056,1,1,0.7191,28.09,Poor
15057,0,0,0.0653,93.47,Excellent
15058,1,1,0.9107,8.93,Critical
15059,0,0,0.3697,63.03,Good
15060,1,1,0.9224,7.76,Critical
15061,1,1,0.6981,30.19,Poor
15062,0,0,0.0919,90.81,Excellent
15063,0,0,0.0753,92.47,Excellent
15064,1,1,0.7697,23.03,Poor
15065,1,1,0.79,21.0,Poor
15066,0,0,0.1844,81.56,Excellent
15067,0,0,0.2476,75.24,Good
15068,1,1,0.9502,4.98,Critical
15069,1,1,0.9686,3.14,Critical
15070,1,1,0.7891,21.09,Poor
15071,0,0,0.1508,84.92,Excellent
15072,1,1,0.8914,10.86,Critical
15073,1,1,0.9246,7.54,Critical
15074,1,1,0.7774,22.26,Poor
15075,1,1,0.9532,4.68,Critical
15076,1,1,0.9771,2.29,Critical
15077,1,1,0.6412,35.88,Poor
15078,1,1,0.719,28.1,Poor
15079,0,0,0.0764,92.36,Excellent
15080,1,1,0.7924,20.76,Poor
15081,1,1,0.7994,20.06,Poor
15082,0,0,0.315,68.5,Good
15083,1,1,0.9589,4.11,Critical
15084,0,0,0.1938,80.62,Excellent
15085,1,1,0.9124,8.76,Critical
15086,0,0,0.0598,94.02,Excellent
15087,0,0,0.0906,90.94,Excellent
15088,1,1,0.8631,13.69,Critical
15089,0,0,0.1189,88.11,Excellent
15090,0,0,0.1112,88.88,Excellent
15091,1,1,0.962,3.8,Critical
15092,1,1,0.9796,2.04,Critical
15093,1,1,0.7347,26.53,Poor
15094,1,1,0.7613,23.87,Poor
15095,0,0,0.3349,66.51,Good
15096,0,0,0.1546,84.54,Excellent
15097,1,1,0.9129,8.71,Critical
15098,1,1,0.9158,8.42,Critical
15099,1,1,0.8973,10.27,Critical
15100,0,0,0.1323,86.77,Excellent
15101,1,1,0.9767,2.33,Critical
15102,0,0,0.0272,97.28,Excellent
15103,0,0,0.1353,86.47,Excellent
15104,1,1,0.7692,23.08,Poor
15105,0,0,0.0988,90.12,Excellent
15106,0,0,0.0539,94.61,Excellent
15107,0,0,0.053,94.7,Excellent
15108,0,0,0.1413,85.87,Excellent
15109,1,1,0.5615,43.85,Fair
15110,0,0,0.2164,78.36,Good
15111,0,0,0.1257,87.43,Excellent
15112,1,1,0.7203,27.97,Poor
15113,0,0,0.0899,91.01,Excellent
15114,1,1,0.8976,10.24,Critical
15115,0,0,0.174,82.6,Excellent
15116,0,0,0.4395,56.05,Fair
15117,0,0,0.1208,87.92,Excellent
15118,1,1,0.7513,24.87,Poor
15119,0,0,0.1196,88.04,Excellent
15120,0,0,0.1818,81.82,Excellent
15121,0,0,0.3051,69.49,Good
15122,0,0,0.0296,97.04,Excellent
15123,0,0,0.0649,93.51,Excellent
15124,1,1,0.895,10.5,Critical
15125,1,1,0.6532,34.68,Poor
15126,1,1,0.775,22.5,Poor
15127,1,1,0.9727,2.73,Critical
15128,1,1,0.8019,19.81,Critical
15129,0,0,0.1147,88.53,Excellent
15130,0,0,0.1289,87.11,Excellent
15131,0,0,0.1476,85.24,Excellent
15132,0,0,0.2481,75.19,Good
15133,1,1,0.7842,21.58,Poor
15134,1,1,0.6679,33.21,Poor
15135,1,1,0.9176,8.24,Critical
15136,0,0,0.0905,90.95,Excellent
15137,0,0,0.1757,82.43,Excellent
15138,0,0,0.0649,93.51,Excellent
15139,0,0,0.0784,92.16,Excellent
15140,0,0,0.2466,75.34,Good
15141,1,1,0.8256,17.44,Critical
15142,1,0,0.3277,67.23,Good
15143,1,1,0.9224,7.76,Critical
15144,0,1,0.5335,46.65,Fair
15145,0,0,0.0524,94.76,Excellent
15146,1,1,0.8516,14.84,Critical
15147,1,1,0.9719,2.81,Critical
15148,0,0,0.2606,73.94,Good
15149,1,1,0.7852,21.48,Poor
15150,0,0,0.1514,84.86,Excellent
15151,1,1,0.9112,8.88,Critical
15152,1,1,0.9378,6.22,Critical
15153,1,1,0.7755,22.45,Poor
15154,1,1,0.846,15.4,Critical
15155,1,1,0.8497,15.03,Critical
15156,1,1,0.8743,12.57,Critical
15157,0,0,0.1778,82.22,Excellent
15158,1,1,0.8524,14.76,Critical
15159,1,1,0.9253,7.47,Critical
15160,1,1,0.8509,14.91,Critical
15161,0,0,0.1163,88.37,Excellent
15162,0,0,0.1491,85.09,Excellent
15163,1,1,0.8126,18.74,Critical
15164,0,0,0.1548,84.52,Excellent
15165,1,1,0.5374,46.26,Fair
15166,1,1,0.9412,5.88,Critical
15167,1,1,0.9352,6.48,Critical
15168,0,0,0.1263,87.37,Excellent
15169,1,0,0.3823,61.77,Good
15170,0,0,0.2721,72.79,Good
15171,1,1,0.7543,24.57,Poor
15172,0,0,0.0941,90.59,Excellent
15173,0,0,0.0698,93.02,Excellent
15174,0,0,0.1635,83.65,Excellent
15175,0,0,0.2634,73.66,Good
15176,0,0,0.0919,90.81,Excellent
15177,1,1,0.7535,24.65,Poor
15178,0,0,0.1604,83.96,Excellent
15179,1,1,0.7491,25.09,Poor
15180,0,0,0.2122,78.78,Good
15181,1,1,0.529,47.1,Fair
15182,1,1,0.841,15.9,Critical
15183,1,1,0.8501,14.99,Critical
15184,0,0,0.3245,67.55,Good
15185,0,0,0.1984,80.16,Excellent
15186,1,1,0.987,1.3,Critical
15187,1,1,0.9248,7.52,Critical
15188,1,1,0.9256,7.44,Critical
15189,0,0,0.0985,90.15,Excellent
15190,0,0,0.1558,84.42,Excellent
15191,0,0,0.1384,86.16,Excellent
15192,0,0,0.3058,69.42,Good
15193,0,0,0.1683,83.17,Excellent
15194,0,0,0.2337,76.63,Good
15195,0,0,0.1737,82.63,Excellent
15196,1,1,0.835,16.5,Critical
15197,0,0,0.0596,94.04,Excellent
15198,1,1,0.8494,15.06,Critical
15199,0,0,0.1157,88.43,Excellent
15200,0,0,0.1687,83.13,Excellent
15201,1,1,0.8275,17.25,Critical
15202,0,1,0.5733,42.67,Fair
15203,0,0,0.1553,84.47,Excellent
15204,1,1,0.9186,8.14,Critical
15205,0,0,0.0654,93.46,Excellent
15206,0,0,0.067,93.3,Excellent
15207,0,0,0.3231,67.69,Good
15208,0,0,0.0885,91.15,Excellent
15209,1,1,0.9065,9.35,Critical
15210,1,1,0.8861,11.39,Critical
15211,1,1,0.9275,7.25,Critical
15212,1,1,0.8421,15.79,Critical
15213,0,0,0.017,98.3,Excellent
15214,1,1,0.6088,39.12,Poor
15215,0,0,0.093,90.7,Excellent
15216,1,1,0.8526,14.74,Critical
15217,1,1,0.8944,10.56,Critical
15218,1,1,0.9942,0.58,Critical
15219,0,0,0.1915,80.85,Excellent
15220,1,1,0.8021,19.79,Critical
15221,0,0,0.1248,87.52,Excellent
15222,1,1,0.956,4.4,Critical
15223,0,0,0.1521,84.79,Excellent
15224,1,1,0.8916,10.84,Critical
15225,0,0,0.052,94.8,Excellent
15226,1,1,0.8715,12.85,Critical
15227,0,0,0.1855,81.45,Excellent
15228,0,0,0.067,93.3,Excellent
15229,1,1,0.71,29.0,Poor
15230,1,1,0.6456,35.44,Poor
15231,1,1,0.9585,4.15,Critical
15232,0,0,0.1049,89.51,Excellent
15233,1,1,0.9846,1.54,Critical
15234,1,1,0.9672,3.28,Critical
15235,0,0,0.2188,78.12,Good
15236,1,1,0.714,28.6,Poor
15237,0,0,0.2775,72.25,Good
15238,1,1,0.8062,19.38,Critical
15239,0,0,0.1061,89.39,Excellent
15240,0,0,0.0968,90.32,Excellent
15241,1,1,0.8472,15.28,Critical
15242,0,0,0.1063,89.37,Excellent
15243,0,0,0.1353,86.47,Excellent
15244,1,1,0.7606,23.94,Poor
15245,0,0,0.0465,95.35,Excellent
15246,1,1,0.9167,8.33,Critical
15247,0,0,0.1114,88.86,Excellent
15248,0,0,0.3136,68.64,Good
15249,1,1,0.942,5.8,Critical
15250,0,0,0.0493,95.07,Excellent
15251,1,1,0.5222,47.78,Fair
15252,1,1,0.9109,8.91,Critical
15253,1,1,0.8747,12.53,Critical
15254,0,0,0.1166,88.34,Excellent
15255,0,0,0.1678,83.22,Excellent
15256,1,1,0.8173,18.27,Critical
15257,0,0,0.0975,90.25,Excellent
15258,1,1,0.9219,7.81,Critical
15259,0,0,0.1745,82.55,Excellent
15260,1,1,0.9269,7.31,Critical
15261,1,1,0.9459,5.41,Critical
15262,1,1,0.9261,7.39,Critical
15263,1,1,0.954,4.6,Critical
15264,0,0,0.1998,80.02,Excellent
15265,0,0,0.0507,94.93,Excellent
15266,0,0,0.0685,93.15,Excellent
15267,1,1,0.7732,22.68,Poor
15268,1,1,0.8645,13.55,Critical
15269,1,1,0.7928,20.72,Poor
15270,0,0,0.2644,73.56,Good
15271,1,1,0.9491,5.09,Critical
15272,1,1,0.8426,15.74,Critical
15273,0,0,0.1655,83.45,Excellent
15274,0,0,0.1272,87.28,Excellent
15275,0,0,0.2345,76.55,Good
15276,0,0,0.1452,85.48,Excellent
15277,1,1,0.8911,10.89,Critical
15278,1,1,0.6663,33.37,Poor
15279,1,1,0.7476,25.24,Poor
15280,0,0,0.2126,78.74,Good
15281,0,0,0.1658,83.42,Excellent
15282,0,0,0.3706,62.94,Good
15283,1,1,0.9137,8.63,Critical
15284,1,1,0.8167,18.33,Critical
15285,1,1,0.8404,15.96,Critical
15286,0,0,0.4903,50.97,Fair
15287,1,1,0.7442,25.58,Poor
15288,1,1,0.8841,11.59,Critical
15289,1,1,0.9361,6.39,Critical
15290,1,1,0.9371,6.29,Critical
15291,0,0,0.0843,91.57,Excellent
15292,0,0,0.0662,93.38,Excellent
15293,1,1,0.9186,8.14,Critical
15294,1,1,0.6982,30.18,Poor
15295,1,1,0.9851,1.49,Critical
15296,0,0,0.066,93.4,Excellent
15297,0,0,0.0965,90.35,Excellent
15298,0,0,0.1244,87.56,Excellent
15299,1,1,0.9633,3.67,Critical
15300,0,0,0.262,73.8,Good
15301,1,1,0.884,11.6,Critical
15302,0,0,0.1339,86.61,Excellent
15303,0,0,0.3578,64.22,Good
15304,1,1,0.968,3.2,Critical
15305,0,0,0.0651,93.49,Excellent
15306,1,1,0.8321,16.79,Critical
15307,1,1,0.9409,5.91,Critical
15308,0,0,0.2335,76.65,Good
15309,0,0,0.2477,75.23,Good
15310,0,0,0.1285,87.15,Excellent
15311,1,1,0.762,23.8,Poor
15312,0,0,0.2007,79.93,Good
15313,0,0,0.0822,91.78,Excellent
15314,0,0,0.0434,95.66,Excellent
15315,0,0,0.1516,84.84,Excellent
15316,0,0,0.2533,74.67,Good
15317,0,0,0.1475,85.25,Excellent
15318,0,0,0.1884,81.16,Excellent
15319,0,0,0.2283,77.17,Good
15320,0,0,0.119,88.1,Excellent
15321,1,1,0.9462,5.38,Critical
15322,0,0,0.1947,80.53,Excellent
15323,1,1,0.8677,13.23,Critical
15324,0,0,0.188,81.2,Excellent
15325,0,0,0.0644,93.56,Excellent
15326,1,1,0.8919,10.81,Critical
15327,0,0,0.1999,80.01,Excellent
15328,1,0,0.3356,66.44,Good
15329,0,0,0.1206,87.94,Excellent
15330,1,1,0.7095,29.05,Poor
15331,1,1,0.9721,2.79,Critical
15332,1,1,0.5187,48.13,Fair
15333,1,1,0.5304,46.96,Fair
15334,0,0,0.1738,82.62,Excellent
15335,0,0,0.1807,81.93,Excellent
15336,1,1,0.8703,12.97,Critical
15337,0,0,0.3179,68.21,Good
15338,0,0,0.2122,78.78,Good
15339,1,1,0.9247,7.53,Critical
15340,0,0,0.1383,86.17,Excellent
15341,0,0,0.2233,77.67,Good
15342,1,1,0.8906,10.94,Critical
15343,1,0,0.4603,53.97,Fair
15344,0,0,0.0628,93.72,Excellent
15345,1,1,0.914,8.6,Critical
15346,1,1,0.858,14.2,Critical
15347,0,0,0.1168,88.32,Excellent
15348,0,0,0.2156,78.44,Good
15349,0,0,0.1188,88.12,Excellent
15350,1,1,0.7536,24.64,Poor
15351,1,1,0.9115,8.85,Critical
15352,1,1,0.9397,6.03,Critical
15353,0,0,0.3445,65.55,Good
15354,0,0,0.1143,88.57,Excellent
15355,1,1,0.9279,7.21,Critical
15356,0,0,0.3224,67.76,Good
15357,0,0,0.0956,90.44,Excellent
15358,0,0,0.1108,88.92,Excellent
15359,1,1,0.713,28.7,Poor
15360,1,1,0.9214,7.86,Critical
15361,0,0,0.2239,77.61,Good
15362,1,1,0.8729,12.71,Critical
15363,0,0,0.1678,83.22,Excellent
15364,1,1,0.846,15.4,Critical
15365,0,0,0.0751,92.49,Excellent
15366,1,1,0.5391,46.09,Fair
15367,0,0,0.089,91.1,Excellent
15368,1,1,0.9452,5.48,Critical
15369,1,1,0.8982,10.18,Critical
15370,1,1,0.9026,9.74,Critical
15371,0,0,0.1473,85.27,Excellent
15372,0,0,0.0865,91.35,Excellent
15373,1,1,0.7521,24.79,Poor
15374,1,1,0.944,5.6,Critical
15375,0,0,0.1775,82.25,Excellent
15376,0,0,0.2032,79.68,Good
15377,1,1,0.7167,28.33,Poor
15378,0,0,0.1428,85.72,Excellent
15379,0,0,0.0901,90.99,Excellent
15380,1,1,0.764,23.6,Poor
15381,0,0,0.1169,88.31,Excellent
15382,0,0,0.2719,72.81,Good
15383,1,1,0.8314,16.86,Critical
15384,0,0,0.1113,88.87,Excellent
15385,1,1,0.8386,16.14,Critical
15386,1,1,0.9392,6.08,Critical
15387,1,1,0.824,17.6,Critical
15388,0,0,0.0497,95.03,Excellent
15389,0,0,0.0832,91.68,Excellent
15390,1,1,0.8022,19.78,Critical
15391,1,1,0.9414,5.86,Critical
15392,0,0,0.1698,83.02,Excellent
15393,1,1,0.8025,19.75,Critical
15394,1,1,0.8808,11.92,Critical
15395,1,1,0.639,36.1,Poor
15396,1,1,0.8771,12.29,Critical
15397,1,1,0.7815,21.85,Poor
15398,0,0,0.0619,93.81,Excellent
15399,0,0,0.2569,74.31,Good
15400,0,0,0.3321,66.79,Good
15401,0,0,0.2525,74.75,Good
15402,0,0,0.1546,84.54,Excellent
15403,0,0,0.065,93.5,Excellent
15404,1,1,0.8125,18.75,Critical
15405,1,1,0.9229,7.71,Critical
15406,1,1,0.8456,15.44,Critical
15407,1,1,0.8227,17.73,Critical
15408,0,0,0.141,85.9,Excellent
15409,1,1,0.9262,7.38,Critical
15410,1,1,0.9277,7.23,Critical
15411,0,0,0.0762,92.38,Excellent
15412,0,0,0.0558,94.42,Excellent
15413,1,1,0.8714,12.86,Critical
15414,0,0,0.1172,88.28,Excellent
15415,1,1,0.6995,30.05,Poor
15416,1,1,0.6764,32.36,Poor
15417,0,0,0.0931,90.69,Excellent
15418,0,0,0.0983,90.17,Excellent
15419,0,0,0.2979,70.21,Good
15420,0,0,0.0639,93.61,Excellent
15421,1,1,0.8987,10.13,Critical
15422,0,0,0.1987,80.13,Excellent
15423,0,0,0.0907,90.93,Excellent
15424,0,0,0.1859,81.41,Excellent
15425,1,1,0.5367,46.33,Fair
15426,0,0,0.0997,90.03,Excellent
15427,1,1,0.7879,21.21,Poor
15428,0,0,0.1018,89.82,Excellent
15429,1,1,0.908,9.2,Critical
15430,0,0,0.1449,85.51,Excellent
15431,1,1,0.7081,29.19,Poor
15432,0,0,0.0724,92.76,Excellent
15433,1,1,0.8848,11.52,Critical
15434,0,0,0.1899,81.01,Excellent
15435,1,1,0.8735,12.65,Critical
15436,0,0,0.2793,72.07,Good
15437,1,1,0.6221,37.79,Poor
15438,0,0,0.1781,82.19,Excellent
15439,0,0,0.0921,90.79,Excellent
15440,1,1,0.8943,10.57,Critical
15441,1,1,0.9475,5.25,Critical
15442,0,0,0.101,89.9,Excellent
15443,0,0,0.4245,57.55,Fair
15444,0,0,0.1197,88.03,Excellent
15445,0,0,0.2107,78.93,Good
15446,1,1,0.9392,6.08,Critical
15447,1,1,0.9572,4.28,Critical
15448,1,1,0.9209,7.91,Critical
15449,0,0,0.1914,80.86,Excellent
15450,0,0,0.093,90.7,Excellent
15451,1,1,0.6658,33.42,Poor
15452,0,0,0.2481,75.19,Good
15453,1,1,0.9744,2.56,Critical
15454,1,1,0.7681,23.19,Poor
15455,0,0,0.2078,79.22,Good
15456,0,0,0.1296,87.04,Excellent
15457,1,1,0.9575,4.25,Critical
15458,1,1,0.5047,49.53,Fair
15459,1,1,0.7871,21.29,Poor
15460,1,1,0.9478,5.22,Critical
15461,0,0,0.1361,86.39,Excellent
15462,0,0,0.2164,78.36,Good
15463,1,1,0.925,7.5,Critical
15464,1,1,0.9823,1.77,Critical
15465,1,1,0.8763,12.37,Critical
15466,0,0,0.1256,87.44,Excellent
15467,1,1,0.7574,24.26,Poor
15468,0,0,0.2437,75.63,Good
15469,0,0,0.3861,61.39,Good
15470,0,0,0.3692,63.08,Good
15471,1,1,0.7448,25.52,Poor
15472,1,1,0.6032,39.68,Poor
15473,1,1,0.6706,32.94,Poor
15474,0,0,0.1155,88.45,Excellent
15475,1,1,0.7425,25.75,Poor
15476,1,0,0.3671,63.29,Good
15477,0,0,0.0669,93.31,Excellent
15478,1,1,0.9061,9.39,Critical
15479,1,1,0.9562,4.38,Critical
15480,1,1,0.7465,25.35,Poor
15481,1,1,0.771,22.9,Poor
15482,1,1,0.8633,13.67,Critical
15483,1,1,0.8663,13.37,Critical
15484,1,1,0.8784,12.16,Critical
15485,0,0,0.1374,86.26,Excellent
15486,0,0,0.0498,95.02,Excellent
15487,1,1,0.6247,37.53,Poor
15488,1,1,0.8247,17.53,Critical
15489,0,0,0.1037,89.63,Excellent
15490,1,1,0.7643,23.57,Poor
15491,1,1,0.9307,6.93,Critical
15492,1,1,0.8556,14.44,Critical
15493,0,0,0.1689,83.11,Excellent
15494,1,1,0.9254,7.46,Critical
15495,0,0,0.3146,68.54,Good
15496,1,1,0.9234,7.66,Critical
15497,1,1,0.8545,14.55,Critical
15498,0,0,0.1066,89.34,Excellent
15499,0,0,0.1126,88.74,Excellent
15500,0,0,0.0935,90.65,Excellent
15501,0,0,0.2787,72.13,Good
15502,0,0,0.1326,86.74,Excellent
15503,0,0,0.0593,94.07,Excellent
15504,1,1,0.8735,12.65,Critical
15505,1,1,0.8179,18.21,Critical
15506,1,1,0.9826,1.74,Critical
15507,1,1,0.8805,11.95,Critical
15508,0,0,0.0711,92.89,Excellent
15509,0,0,0.0729,92.71,Excellent
15510,1,1,0.9094,9.06,Critical
15511,0,0,0.0786,92.14,Excellent
15512,0,0,0.1154,88.46,Excellent
15513,1,1,0.8718,12.82,Critical
15514,0,0,0.1285,87.15,Excellent
15515,1,1,0.8237,17.63,Critical
15516,0,0,0.1469,85.31,Excellent
15517,1,1,0.9537,4.63,Critical
15518,1,1,0.8837,11.63,Critical
15519,1,1,0.9151,8.49,Critical
15520,1,1,0.8064,19.36,Critical
15521,1,1,0.9941,0.59,Critical
15522,1,1,0.8656,13.44,Critical
15523,1,1,0.8645,13.55,Critical
15524,1,1,0.6856,31.44,Poor
15525,0,0,0.0796,92.04,Excellent
15526,1,1,0.6998,30.02,Poor
15527,1,1,0.8587,14.13,Critical
15528,0,0,0.1955,80.45,Excellent
15529,0,0,0.1522,84.78,Excellent
15530,0,0,0.1149,88.51,Excellent
15531,0,0,0.1414,85.86,Excellent
15532,0,0,0.1044,89.56,Excellent
15533,1,1,0.8497,15.03,Critical
15534,1,1,0.8295,17.05,Critical
15535,0,0,0.0636,93.64,Excellent
15536,1,1,0.948,5.2,Critical
15537,0,0,0.1863,81.37,Excellent
15538,1,1,0.7591,24.09,Poor
15539,0,0,0.2784,72.16,Good
15540,0,0,0.1007,89.93,Excellent
15541,1,1,0.7489,25.11,Poor
15542,1,1,0.6976,30.24,Poor
15543,1,1,0.9291,7.09,Critical
15544,0,0,0.1047,89.53,Excellent
15545,1,1,0.7379,26.21,Poor
15546,1,1,0.5271,47.29,Fair
15547,1,1,0.9339,6.61,Critical
15548,0,0,0.302,69.8,Good
15549,0,0,0.1157,88.43,Excellent
15550,1,1,0.945,5.5,Critical
15551,1,1,0.9104,8.96,Critical
15552,0,0,0.3975,60.25,Good
15553,1,1,0.7642,23.58,Poor
15554,1,1,0.9006,9.94,Critical
15555,1,1,0.9051,9.49,Critical
15556,1,1,0.9768,2.32,Critical
15557,0,0,0.062,93.8,Excellent
15558,0,0,0.1096,89.04,Excellent
15559,0,0,0.1433,85.67,Excellent
15560,0,0,0.1371,86.29,Excellent
15561,1,1,0.8838,11.62,Critical
15562,0,0,0.3069,69.31,Good
15563,0,0,0.2088,79.12,Good
15564,1,1,0.8636,13.64,Critical
15565,0,0,0.1609,83.91,Excellent
15566,1,1,0.9049,9.51,Critical
15567,1,1,0.7242,27.58,Poor
15568,0,0,0.1207,87.93,Excellent
15569,1,1,0.8651,13.49,Critical
15570,0,0,0.1497,85.03,Excellent
15571,0,0,0.0974,90.26,Excellent
15572,1,1,0.7997,20.03,Poor
15573,0,0,0.0693,93.07,Excellent
15574,0,0,0.0604,93.96,Excellent
15575,1,1,0.7682,23.18,Poor
15576,0,0,0.1736,82.64,Excellent
15577,0,0,0.4677,53.23,Fair
15578,0,0,0.1286,87.14,Excellent
15579,0,0,0.1641,83.59,Excellent
15580,1,1,0.9289,7.11,Critical
15581,1,1,0.8059,19.41,Critical
15582,0,0,0.1643,83.57,Excellent
15583,1,1,0.9444,5.56,Critical
15584,1,1,0.8734,12.66,Critical
15585,0,0,0.0877,91.23,Excellent
15586,1,1,0.948,5.2,Critical
15587,0,0,0.0647,93.53,Excellent
15588,0,0,0.0859,91.41,Excellent
15589,0,0,0.0432,95.68,Excellent
15590,1,1,0.8288,17.12,Critical
15591,0,0,0.1067,89.33,Excellent
15592,1,1,0.7547,24.53,Poor
15593,0,0,0.1628,83.72,Excellent
15594,1,1,0.9237,7.63,Critical
15595,0,0,0.1014,89.86,Excellent
15596,0,0,0.2044,79.56,Good
15597,0,0,0.1367,86.33,Excellent
15598,0,0,0.1692,83.08,Excellent
15599,0,0,0.3071,69.29,Good
15600,1,1,0.7385,26.15,Poor
15601,0,0,0.181,81.9,Excellent
15602,1,1,0.7075,29.25,Poor
15603,1,1,0.9985,0.15,Critical
15604,0,0,0.1007,89.93,Excellent
15605,1,1,0.9316,6.84,Critical
15606,0,0,0.0717,92.83,Excellent
15607,0,0,0.0711,92.89,Excellent
15608,0,0,0.0419,95.81,Excellent
15609,1,1,0.9047,9.53,Critical
15610,0,0,0.1556,84.44,Excellent
15611,0,0,0.1089,89.11,Excellent
15612,0,0,0.2011,79.89,Good
15613,1,1,0.8837,11.63,Critical
15614,0,0,0.0718,92.82,Excellent
15615,1,1,0.8535,14.65,Critical
15616,0,0,0.3977,60.23,Good
15617,1,1,0.9399,6.01,Critical
15618,1,1,0.8954,10.46,Critical
15619,0,0,0.3038,69.62,Good
15620,0,0,0.1433,85.67,Excellent
15621,1,1,0.7904,20.96,Poor
15622,0,0,0.178,82.2,Excellent
15623,1,1,0.7629,23.71,Poor
15624,0,0,0.0957,90.43,Excellent
15625,0,0,0.0991,90.09,Excellent
15626,0,0,0.1454,85.46,Excellent
15627,0,0,0.1233,87.67,Excellent
15628,0,0,0.2154,78.46,Good
15629,0,0,0.1415,85.85,Excellent
15630,0,0,0.2344,76.56,Good
15631,1,1,0.7653,23.47,Poor
15632,1,1,0.856,14.4,Critical
15633,0,0,0.062,93.8,Excellent
15634,1,1,0.9239,7.61,Critical
15635,0,0,0.1803,81.97,Excellent
15636,0,0,0.1737,82.63,Excellent
15637,0,0,0.3462,65.38,Good
15638,1,1,0.9909,0.91,Critical
15639,0,0,0.1113,88.87,Excellent
15640,0,0,0.2945,70.55,Good
15641,1,1,0.7841,21.59,Poor
15642,0,0,0.1001,89.99,Excellent
15643,0,0,0.1583,84.17,Excellent
15644,0,0,0.0972,90.28,Excellent
15645,0,0,0.1693,83.07,Excellent
15646,0,0,0.0745,92.55,Excellent
15647,1,1,0.9417,5.83,Critical
15648,1,1,0.9085,9.15,Critical
15649,0,0,0.1191,88.09,Excellent
15650,1,1,0.9494,5.06,Critical
15651,0,0,0.1122,88.78,Excellent
15652,1,1,0.5732,42.68,Fair
15653,1,1,0.9181,8.19,Critical
15654,1,1,0.9251,7.49,Critical
15655,0,0,0.1012,89.88,Excellent
15656,1,1,0.5433,45.67,Fair
15657,0,0,0.2323,76.77,Good
15658,1,1,0.92,8.0,Critical
15659,0,0,0.2028,79.72,Good
15660,1,1,0.6907,30.93,Poor
15661,0,0,0.1853,81.47,Excellent
15662,1,1,0.8865,11.35,Critical
15663,1,1,0.9698,3.02,Critical
15664,0,0,0.3422,65.78,Good
15665,1,1,0.9318,6.82,Critical
15666,0,0,0.2072,79.28,Good
15667,1,1,0.8508,14.92,Critical
15668,0,0,0.1291,87.09,Excellent
15669,0,0,0.1155,88.45,Excellent
15670,1,1,0.9142,8.58,Critical
15671,1,1,0.9955,0.45,Critical
15672,1,1,0.9964,0.36,Critical
15673,1,1,0.9212,7.88,Critical
15674,1,1,0.9564,4.36,Critical
15675,1,1,0.9307,6.93,Critical
15676,1,1,0.7653,23.47,Poor
15677,1,1,0.8869,11.31,Critical
15678,0,0,0.1068,89.32,Excellent
15679,0,0,0.0882,91.18,Excellent
15680,1,1,0.5245,47.55,Fair
15681,1,1,0.8053,19.47,Critical
15682,0,0,0.1507,84.93,Excellent
15683,1,1,0.8134,18.66,Critical
15684,1,1,0.928,7.2,Critical
15685,0,0,0.2141,78.59,Good
15686,1,1,0.9573,4.27,Critical
15687,1,1,0.9224,7.76,Critical
15688,1,1,0.8509,14.91,Critical
15689,0,0,0.1808,81.92,Excellent
15690,0,0,0.1783,82.17,Excellent
15691,0,0,0.2374,76.26,Good
15692,1,1,0.9622,3.78,Critical
15693,1,1,0.5286,47.14,Fair
15694,0,0,0.1518,84.82,Excellent
15695,1,1,0.8669,13.31,Critical
15696,1,1,0.8359,16.41,Critical
15697,1,1,0.7887,21.13,Poor
15698,0,0,0.2026,79.74,Good
15699,0,0,0.362,63.8,Good
15700,1,1,0.9753,2.47,Critical
15701,1,1,0.9385,6.15,Critical
15702,0,0,0.4049,59.51,Fair
15703,1,1,0.6216,37.84,Poor
15704,0,0,0.0771,92.29,Excellent
15705,0,0,0.1017,89.83,Excellent
15706,0,0,0.3743,62.57,Good
15707,1,1,0.8911,10.89,Critical
15708,1,1,0.8872,11.28,Critical
15709,0,0,0.0675,93.25,Excellent
15710,0,0,0.4967,50.33,Fair
15711,1,1,0.9258,7.42,Critical
15712,1,1,0.9191,8.09,Critical
15713,0,0,0.4436,55.64,Fair
15714,1,1,0.9053,9.47,Critical
15715,1,1,0.8861,11.39,Critical
15716,1,1,0.938,6.2,Critical
15717,0,0,0.3001,69.99,Good
15718,0,0,0.2576,74.24,Good
15719,1,1,0.9432,5.68,Critical
15720,1,1,0.9326,6.74,Critical
15721,0,0,0.0987,90.13,Excellent
15722,0,0,0.1935,80.65,Excellent
15723,0,0,0.2593,74.07,Good
15724,0,0,0.2083,79.17,Good
15725,1,1,0.6036,39.64,Poor
15726,1,1,0.7219,27.81,Poor
15727,0,0,0.1314,86.86,Excellent
15728,0,0,0.0956,90.44,Excellent
15729,1,1,0.8355,16.45,Critical
15730,0,0,0.2009,79.91,Good
15731,0,0,0.17,83.0,Excellent
15732,0,0,0.2773,72.27,Good
15733,1,1,0.9041,9.59,Critical
15734,0,0,0.0452,95.48,Excellent
15735,0,0,0.174,82.6,Excellent
15736,0,0,0.0662,93.38,Excellent
15737,0,0,0.1223,87.77,Excellent
15738,1,1,0.8817,11.83,Critical
15739,0,0,0.1264,87.36,Excellent
15740,0,0,0.2109,78.91,Good
15741,0,0,0.1905,80.95,Excellent
15742,1,1,0.6824,31.76,Poor
15743,0,0,0.2021,79.79,Good
15744,1,1,0.8279,17.21,Critical
15745,0,0,0.1462,85.38,Excellent
15746,1,1,0.9617,3.83,Critical
15747,1,1,0.7796,22.04,Poor
15748,0,0,0.194,80.6,Excellent
15749,0,0,0.2836,71.64,Good
15750,0,0,0.1717,82.83,Excellent
15751,1,1,0.8361,16.39,Critical
15752,1,1,0.9274,7.26,Critical
15753,1,1,0.8448,15.52,Critical
15754,0,0,0.0802,91.98,Excellent
15755,0,0,0.1533,84.67,Excellent
15756,0,1,0.5328,46.72,Fair
15757,1,1,0.8735,12.65,Critical
15758,1,1,0.6814,31.86,Poor
15759,0,0,0.1842,81.58,Excellent
15760,0,0,0.1761,82.39,Excellent
15761,0,0,0.1707,82.93,Excellent
15762,1,1,0.8713,12.87,Critical
15763,0,0,0.0888,91.12,Excellent
15764,0,0,0.0622,93.78,Excellent
15765,1,1,0.7587,24.13,Poor
15766,1,1,0.6043,39.57,Poor
15767,0,0,0.3604,63.96,Good
15768,0,0,0.2326,76.74,Good
15769,0,0,0.1063,89.37,Excellent
15770,0,0,0.1565,84.35,Excellent
15771,1,1,0.8935,10.65,Critical
15772,1,0,0.4168,58.32,Fair
15773,1,1,0.7418,25.82,Poor
15774,0,0,0.124,87.6,Excellent
15775,0,0,0.208,79.2,Good
15776,0,0,0.1312,86.88,Excellent
15777,1,1,0.9375,6.25,Critical
15778,0,0,0.0788,92.12,Excellent
15779,1,1,0.9639,3.61,Critical
15780,1,1,0.9793,2.07,Critical
15781,0,0,0.1888,81.12,Excellent
15782,0,0,0.0728,92.72,Excellent
15783,0,0,0.2909,70.91,Good
15784,0,0,0.1417,85.83,Excellent
15785,0,0,0.0724,92.76,Excellent
15786,1,1,0.8446,15.54,Critical
15787,1,1,0.8276,17.24,Critical
15788,1,1,0.81,19.0,Critical
15789,0,0,0.1279,87.21,Excellent
15790,0,0,0.1305,86.95,Excellent
15791,0,0,0.1063,89.37,Excellent
15792,0,0,0.1319,86.81,Excellent
15793,1,1,0.8468,15.32,Critical
15794,0,0,0.1498,85.02,Excellent
15795,1,1,0.8808,11.92,Critical
15796,1,1,0.7154,28.46,Poor
15797,1,1,0.535,46.5,Fair
15798,1,1,0.6996,30.04,Poor
15799,0,0,0.2342,76.58,Good
15800,0,0,0.2598,74.02,Good
15801,0,0,0.2082,79.18,Good
15802,0,0,0.265,73.5,Good
15803,0,0,0.083,91.7,Excellent
15804,0,0,0.0918,90.82,Excellent
15805,1,1,0.7266,27.34,Poor
15806,1,1,0.9179,8.21,Critical
15807,1,1,0.7728,22.72,Poor
15808,1,1,0.7538,24.62,Poor
15809,1,1,0.905,9.5,Critical
15810,0,0,0.0879,91.21,Excellent
15811,1,1,0.6847,31.53,Poor
15812,0,0,0.0855,91.45,Excellent
15813,1,1,0.9413,5.87,Critical
15814,0,0,0.1299,87.01,Excellent
15815,1,1,0.5019,49.81,Fair
15816,1,1,0.6461,35.39,Poor
15817,0,0,0.178,82.2,Excellent
15818,0,0,0.2678,73.22,Good
15819,0,0,0.1006,89.94,Excellent
15820,1,1,0.9167,8.33,Critical
15821,0,0,0.1214,87.86,Excellent
15822,1,1,0.7186,28.14,Poor
15823,0,0,0.0779,92.21,Excellent
15824,0,0,0.3842,61.58,Good
15825,0,0,0.1818,81.82,Excellent
15826,1,1,0.7403,25.97,Poor
15827,1,1,0.8866,11.34,Critical
15828,1,1,0.8702,12.98,Critical
15829,1,1,0.8541,14.59,Critical
15830,0,0,0.1828,81.72,Excellent
15831,1,0,0.4769,52.31,Fair
15832,1,1,0.7492,25.08,Poor
15833,1,1,0.9986,0.14,Critical
15834,1,1,0.9368,6.32,Critical
15835,1,1,0.9725,2.75,Critical
15836,0,0,0.1567,84.33,Excellent
15837,0,0,0.1174,88.26,Excellent
15838,0,0,0.2667,73.33,Good
15839,0,0,0.1737,82.63,Excellent
15840,1,1,0.8868,11.32,Critical
15841,0,0,0.2605,73.95,Good
15842,1,1,0.8226,17.74,Critical
15843,1,1,0.9444,5.56,Critical
15844,0,0,0.2213,77.87,Good
15845,1,1,0.8054,19.46,Critical
15846,1,1,0.8584,14.16,Critical
15847,0,0,0.211,78.9,Good
15848,1,1,0.9801,1.99,Critical
15849,0,0,0.0989,90.11,Excellent
15850,0,0,0.1794,82.06,Excellent
15851,0,0,0.0709,92.91,Excellent
15852,1,1,0.9255,7.45,Critical
15853,1,1,0.7638,23.62,Poor
15854,0,0,0.1241,87.59,Excellent
15855,0,0,0.378,62.2,Good
15856,0,0,0.0376,96.24,Excellent
15857,1,1,0.5589,44.11,Fair
15858,0,0,0.1119,88.81,Excellent
15859,1,1,0.568,43.2,Fair
15860,1,1,0.7855,21.45,Poor
15861,0,0,0.2137,78.63,Good
15862,0,0,0.2222,77.78,Good
15863,0,0,0.1331,86.69,Excellent
15864,0,0,0.2971,70.29,Good
15865,1,1,0.8575,14.25,Critical
15866,0,0,0.0636,93.64,Excellent
15867,0,0,0.2403,75.97,Good
15868,0,0,0.128,87.2,Excellent
15869,1,1,0.9878,1.22,Critical
15870,1,1,0.8509,14.91,Critical
15871,0,0,0.0559,94.41,Excellent
15872,0,0,0.1709,82.91,Excellent
15873,1,1,0.8957,10.43,Critical
15874,1,1,0.6599,34.01,Poor
15875,0,0,0.1073,89.27,Excellent
15876,0,0,0.162,83.8,Excellent
15877,1,1,0.7136,28.64,Poor
15878,1,1,0.9394,6.06,Critical
15879,1,1,0.8249,17.51,Critical
15880,0,0,0.125,87.5,Excellent
15881,1,1,0.908,9.2,Critical
15882,0,0,0.1247,87.53,Excellent
15883,1,1,0.9133,8.67,Critical
15884,0,0,0.114,88.6,Excellent
15885,1,1,0.8465,15.35,Critical
15886,0,0,0.1156,88.44,Excellent
15887,1,1,0.9822,1.78,Critical
15888,0,0,0.3866,61.34,Good
15889,1,1,0.9265,7.35,Critical
15890,1,1,0.816,18.4,Critical
15891,0,0,0.0525,94.75,Excellent
15892,0,0,0.2442,75.58,Good
15893,1,1,0.8651,13.49,Critical
15894,0,0,0.0382,96.18,Excellent
15895,1,1,0.5064,49.36,Fair
15896,1,1,0.6513,34.87,Poor
15897,0,0,0.0787,92.13,Excellent
15898,1,1,0.868,13.2,Critical
15899,0,0,0.1642,83.58,Excellent
15900,0,0,0.0784,92.16,Excellent
15901,0,0,0.1494,85.06,Excellent
15902,0,0,0.2922,70.78,Good
15903,1,1,0.8644,13.56,Critical
15904,0,0,0.2885,71.15,Good
15905,0,0,0.1245,87.55,Excellent
15906,1,1,0.8828,11.72,Critical
15907,1,1,0.7779,22.21,Poor
15908,1,1,0.9474,5.26,Critical
15909,0,0,0.2846,71.54,Good
15910,1,1,0.9562,4.38,Critical
15911,0,0,0.0897,91.03,Excellent
15912,0,0,0.1823,81.77,Excellent
15913,0,0,0.131,86.9,Excellent
15914,0,0,0.2352,76.48,Good
15915,1,1,0.8898,11.02,Critical
15916,1,1,0.8327,16.73,Critical
15917,0,0,0.2202,77.98,Good
15918,1,1,0.8494,15.06,Critical
15919,1,1,0.9842,1.58,Critical
15920,0,1,0.5002,49.98,Fair
15921,0,0,0.1313,86.87,Excellent
15922,0,0,0.1369,86.31,Excellent
15923,1,1,0.7694,23.06,Poor
15924,0,0,0.0687,93.13,Excellent
15925,1,1,0.6775,32.25,Poor
15926,1,1,0.9326,6.74,Critical
15927,0,0,0.0958,90.42,Excellent
15928,1,1,0.9098,9.02,Critical
15929,1,1,0.9743,2.57,Critical
15930,1,1,0.8626,13.74,Critical
15931,1,1,0.9407,5.93,Critical
15932,1,1,0.8437,15.63,Critical
15933,1,1,0.7631,23.69,Poor
15934,1,1,0.914,8.6,Critical
15935,0,0,0.0536,94.64,Excellent
15936,0,0,0.1499,85.01,Excellent
15937,0,0,0.1617,83.83,Excellent
15938,0,0,0.0788,92.12,Excellent
15939,1,1,0.8924,10.76,Critical
15940,0,0,0.1325,86.75,Excellent
15941,0,0,0.1163,88.37,Excellent
15942,0,0,0.1654,83.46,Excellent
15943,1,1,0.938,6.2,Critical
15944,1,1,0.8124,18.76,Critical
15945,0,0,0.108,89.2,Excellent
15946,1,1,0.9174,8.26,Critical
15947,0,0,0.045,95.5,Excellent
15948,1,1,0.9783,2.17,Critical
15949,1,1,0.8778,12.22,Critical
15950,1,1,0.8504,14.96,Critical
15951,0,0,0.0961,90.39,Excellent
15952,1,1,0.7546,24.54,Poor
15953,1,1,0.7413,25.87,Poor
15954,0,0,0.1767,82.33,Excellent
15955,0,0,0.092,90.8,Excellent
15956,0,0,0.0868,91.32,Excellent
15957,0,0,0.1279,87.21,Excellent
15958,0,0,0.0801,91.99,Excellent
15959,0,0,0.0612,93.88,Excellent
15960,1,1,0.8704,12.96,Critical
15961,0,0,0.1873,81.27,Excellent
15962,1,1,0.9042,9.58,Critical
15963,1,1,0.8458,15.42,Critical
15964,1,1,0.7059,29.41,Poor
15965,1,1,0.887,11.3,Critical
15966,0,0,0.0655,93.45,Excellent
15967,1,1,0.8598,14.02,Critical
15968,0,0,0.1502,84.98,Excellent
15969,1,1,0.6838,31.62,Poor
15970,1,1,0.9332,6.68,Critical
15971,0,0,0.0691,93.09,Excellent
15972,0,0,0.0963,90.37,Excellent
15973,1,1,0.8276,17.24,Critical
15974,0,0,0.1461,85.39,Excellent
15975,1,1,0.9114,8.86,Critical
15976,0,0,0.147,85.3,Excellent
15977,0,0,0.0846,91.54,Excellent
15978,0,0,0.2454,75.46,Good
15979,1,1,0.7615,23.85,Poor
15980,1,1,0.9024,9.76,Critical
15981,0,0,0.1266,87.34,Excellent
15982,0,0,0.132,86.8,Excellent
15983,0,0,0.0558,94.42,Excellent
15984,0,0,0.1298,87.02,Excellent
15985,1,1,0.9297,7.03,Critical
15986,1,1,0.7886,21.14,Poor
15987,1,1,0.7779,22.21,Poor
15988,0,0,0.2239,77.61,Good
15989,0,0,0.238,76.2,Good
15990,0,0,0.1389,86.11,Excellent
15991,0,0,0.3558,64.42,Good
15992,0,0,0.0704,92.96,Excellent
15993,0,0,0.0661,93.39,Excellent
15994,1,1,0.9082,9.18,Critical
15995,0,0,0.1513,84.87,Excellent
15996,1,1,0.734,26.6,Poor
15997,1,1,0.8791,12.09,Critical
15998,0,0,0.2283,77.17,Good
15999,1,1,0.8292,17.08,Critical
16000,1,1,0.9159,8.41,Critical
16001,1,1,0.8208,17.92,Critical
16002,1,1,0.686,31.4,Poor
16003,0,0,0.0903,90.97,Excellent
16004,0,0,0.1866,81.34,Excellent
16005,0,0,0.1949,80.51,Excellent
16006,1,1,0.7503,24.97,Poor
16007,1,1,0.9402,5.98,Critical
16008,1,1,0.9252,7.48,Critical
16009,0,0,0.0638,93.62,Excellent
16010,0,0,0.1585,84.15,Excellent
16011,0,0,0.4912,50.88,Fair
16012,0,0,0.0993,90.07,Excellent
16013,1,1,0.927,7.3,Critical
16014,1,1,0.9069,9.31,Critical
16015,1,1,0.8565,14.35,Critical
16016,1,1,0.8994,10.06,Critical
16017,0,0,0.0799,92.01,Excellent
16018,0,0,0.2627,73.73,Good
16019,1,1,0.8735,12.65,Critical
16020,1,1,0.9511,4.89,Critical
16021,1,0,0.4905,50.95,Fair
16022,1,1,0.7664,23.36,Poor
16023,1,1,0.8396,16.04,Critical
16024,1,1,0.9723,2.77,Critical
16025,0,0,0.0957,90.43,Excellent
16026,1,1,0.9523,4.77,Critical
16027,1,1,0.9508,4.92,Critical
16028,1,1,0.9858,1.42,Critical
16029,1,1,0.8476,15.24,Critical
16030,1,1,0.9773,2.27,Critical
16031,1,1,0.99,1.0,Critical
16032,0,0,0.0627,93.73,Excellent
16033,1,1,0.9374,6.26,Critical
16034,0,0,0.1201,87.99,Excellent
16035,1,1,0.7509,24.91,Poor
16036,0,0,0.0988,90.12,Excellent
16037,1,1,0.7833,21.67,Poor
16038,1,1,0.9415,5.85,Critical
16039,1,1,0.8439,15.61,Critical
16040,0,1,0.5265,47.35,Fair
16041,0,0,0.0757,92.43,Excellent
16042,1,1,0.8496,15.04,Critical
16043,1,1,0.8595,14.05,Critical
16044,0,0,0.0663,93.37,Excellent
16045,1,1,0.9488,5.12,Critical
16046,0,0,0.2407,75.93,Good
16047,0,0,0.0661,93.39,Excellent
16048,0,0,0.1371,86.29,Excellent
16049,0,0,0.1166,88.34,Excellent
16050,0,0,0.0438,95.62,Excellent
16051,0,0,0.1774,82.26,Excellent
16052,0,0,0.028,97.2,Excellent
16053,1,1,0.7601,23.99,Poor
16054,0,0,0.1543,84.57,Excellent
16055,0,0,0.1449,85.51,Excellent
16056,0,0,0.1776,82.24,Excellent
16057,0,0,0.1034,89.66,Excellent
16058,1,1,0.9124,8.76,Critical
16059,0,0,0.0694,93.06,Excellent
16060,0,0,0.0594,94.06,Excellent
16061,1,1,0.8901,10.99,Critical
16062,0,0,0.185,81.5,Excellent
16063,0,0,0.1023,89.77,Excellent
16064,0,0,0.1126,88.74,Excellent
16065,0,0,0.067,93.3,Excellent
16066,1,1,0.5927,40.73,Fair
16067,1,1,0.9126,8.74,Critical
16068,0,0,0.077,92.3,Excellent
16069,0,0,0.1253,87.47,Excellent
16070,0,0,0.3451,65.49,Good
16071,1,1,0.8516,14.84,Critical
16072,0,0,0.0901,90.99,Excellent
16073,1,1,0.9487,5.13,Critical
16074,0,0,0.1905,80.95,Excellent
16075,1,1,0.9899,1.01,Critical
16076,0,0,0.3606,63.94,Good
16077,1,1,0.9361,6.39,Critical
16078,1,1,0.98,2.0,Critical
16079,0,0,0.4883,51.17,Fair
16080,0,0,0.0903,90.97,Excellent
16081,1,0,0.3914,60.86,Good
16082,0,0,0.1767,82.33,Excellent
16083,1,1,0.7927,20.73,Poor
16084,1,1,0.7481,25.19,Poor
16085,0,0,0.0838,91.62,Excellent
16086,0,0,0.1559,84.41,Excellent
16087,0,0,0.1342,86.58,Excellent
16088,1,1,0.5196,48.04,Fair
16089,1,1,0.9403,5.97,Critical
16090,1,1,0.9524,4.76,Critical
16091,1,1,0.9156,8.44,Critical
16092,0,0,0.1019,89.81,Excellent
16093,0,0,0.1165,88.35,Excellent
16094,1,1,0.9863,1.37,Critical
16095,0,0,0.0546,94.54,Excellent
16096,1,0,0.4961,50.39,Fair
16097,0,0,0.1284,87.16,Excellent
16098,0,0,0.1773,82.27,Excellent
16099,0,0,0.0919,90.81,Excellent
16100,0,0,0.0907,90.93,Excellent
16101,0,0,0.0671,93.29,Excellent
16102,0,0,0.2722,72.78,Good
16103,1,1,0.8665,13.35,Critical
16104,0,0,0.0986,90.14,Excellent
16105,0,0,0.2949,70.51,Good
16106,0,0,0.1325,86.75,Excellent
16107,1,1,0.9161,8.39,Critical
16108,0,0,0.0989,90.11,Excellent
16109,1,1,0.899,10.1,Critical
16110,1,1,0.8259,17.41,Critical
16111,0,0,0.1655,83.45,Excellent
16112,0,0,0.17,83.0,Excellent
16113,0,0,0.1458,85.42,Excellent
16114,0,0,0.1202,87.98,Excellent
16115,0,0,0.2874,71.26,Good
16116,1,1,0.839,16.1,Critical
16117,0,0,0.198,80.2,Excellent
16118,1,1,0.8113,18.87,Critical
16119,1,1,0.8616,13.84,Critical
16120,0,0,0.0827,91.73,Excellent
16121,1,1,0.8227,17.73,Critical
16122,1,1,0.8864,11.36,Critical
16123,1,1,0.9497,5.03,Critical
16124,1,1,0.957,4.3,Critical
16125,0,0,0.3621,63.79,Good
16126,0,0,0.1115,88.85,Excellent
16127,0,0,0.0937,90.63,Excellent
16128,0,0,0.1484,85.16,Excellent
16129,1,1,0.6137,38.63,Poor
16130,0,0,0.2556,74.44,Good
16131,0,0,0.3236,67.64,Good
16132,1,1,0.9454,5.46,Critical
16133,0,0,0.1299,87.01,Excellent
16134,1,1,0.9007,9.93,Critical
16135,1,1,0.9879,1.21,Critical
16136,1,1,0.6689,33.11,Poor
16137,1,1,0.9148,8.52,Critical
16138,1,1,0.915,8.5,Critical
16139,1,1,0.9527,4.73,Critical
16140,0,0,0.1404,85.96,Excellent
16141,0,0,0.0593,94.07,Excellent
16142,0,0,0.0925,90.75,Excellent
16143,1,1,0.8692,13.08,Critical
16144,0,0,0.0877,91.23,Excellent
16145,1,1,0.7956,20.44,Poor
16146,1,1,0.9365,6.35,Critical
16147,1,1,0.7908,20.92,Poor
16148,1,1,0.9351,6.49,Critical
16149,0,0,0.2811,71.89,Good
16150,0,0,0.0864,91.36,Excellent
16151,0,0,0.105,89.5,Excellent
16152,0,0,0.1285,87.15,Excellent
16153,0,0,0.1896,81.04,Excellent
16154,0,0,0.3869,61.31,Good
16155,0,0,0.08,92.0,Excellent
16156,0,0,0.0934,90.66,Excellent
16157,1,1,0.9446,5.54,Critical
16158,1,1,0.7691,23.09,Poor
16159,1,0,0.4007,59.93,Fair
16160,0,0,0.1202,87.98,Excellent
16161,0,0,0.0563,94.37,Excellent
16162,0,0,0.3607,63.93,Good
16163,1,1,0.8447,15.53,Critical
16164,1,1,0.7761,22.39,Poor
16165,0,0,0.1795,82.05,Excellent
16166,0,0,0.2857,71.43,Good
16167,1,1,0.8005,19.95,Critical
16168,0,0,0.1312,86.88,Excellent
16169,0,0,0.1205,87.95,Excellent
16170,1,1,0.7623,23.77,Poor
16171,0,0,0.3373,66.27,Good
16172,0,0,0.1309,86.91,Excellent
16173,1,1,0.8929,10.71,Critical
16174,0,0,0.2306,76.94,Good
16175,0,0,0.209,79.1,Good
16176,0,0,0.1371,86.29,Excellent
16177,1,1,0.9727,2.73,Critical
16178,0,0,0.0615,93.85,Excellent
16179,0,0,0.1706,82.94,Excellent
16180,1,1,0.7776,22.24,Poor
16181,0,0,0.0581,94.19,Excellent
16182,0,0,0.1462,85.38,Excellent
16183,1,1,0.5617,43.83,Fair
16184,0,0,0.0818,91.82,Excellent
16185,0,0,0.2088,79.12,Good
16186,0,1,0.6189,38.11,Poor
16187,1,1,0.907,9.3,Critical
16188,0,0,0.2461,75.39,Good
16189,1,1,0.8015,19.85,Critical
16190,0,0,0.3845,61.55,Good
16191,1,1,0.8977,10.23,Critical
16192,0,0,0.1087,89.13,Excellent
16193,1,1,0.9174,8.26,Critical
16194,0,0,0.0789,92.11,Excellent
16195,1,1,0.7595,24.05,Poor
16196,0,0,0.2198,78.02,Good
16197,1,1,0.9125,8.75,Critical
16198,1,1,0.9205,7.95,Critical
16199,0,0,0.1294,87.06,Excellent
16200,1,1,0.8042,19.58,Critical
16201,0,0,0.1849,81.51,Excellent
16202,1,1,0.866,13.4,Critical
16203,1,1,0.9896,1.04,Critical
16204,1,1,0.8919,10.81,Critical
16205,1,1,0.878,12.2,Critical
16206,0,0,0.1229,87.71,Excellent
16207,0,0,0.1694,83.06,Excellent
16208,0,0,0.3017,69.83,Good
16209,1,1,0.9021,9.79,Critical
16210,1,1,0.9034,9.66,Critical
16211,0,0,0.259,74.1,Good
16212,1,1,0.8024,19.76,Critical
16213,1,1,0.7643,23.57,Poor
16214,1,1,0.8464,15.36,Critical
16215,1,1,0.8033,19.67,Critical
16216,1,1,0.8427,15.73,Critical
16217,0,0,0.1059,89.41,Excellent
16218,0,0,0.0901,90.99,Excellent
16219,0,0,0.1207,87.93,Excellent
16220,1,1,0.8851,11.49,Critical
16221,1,1,0.7134,28.66,Poor
16222,0,0,0.2378,76.22,Good
16223,0,0,0.124,87.6,Excellent
16224,1,1,0.7447,25.53,Poor
16225,1,1,0.9195,8.05,Critical
16226,1,1,0.8843,11.57,Critical
16227,1,1,0.6959,30.41,Poor
16228,0,0,0.2057,79.43,Good
16229,1,1,0.947,5.3,Critical
16230,0,0,0.0684,93.16,Excellent
16231,0,0,0.3792,62.08,Good
16232,1,1,0.6812,31.88,Poor
16233,1,1,0.6079,39.21,Poor
16234,1,1,0.8924,10.76,Critical
16235,1,1,0.9799,2.01,Critical
16236,0,0,0.1373,86.27,Excellent
16237,0,0,0.0762,92.38,Excellent
16238,1,1,0.9299,7.01,Critical
16239,1,1,0.8607,13.93,Critical
16240,1,1,0.8732,12.68,Critical
16241,1,1,0.8832,11.68,Critical
16242,0,0,0.066,93.4,Excellent
16243,0,0,0.1436,85.64,Excellent
16244,0,0,0.084,91.6,Excellent
16245,0,0,0.1225,87.75,Excellent
16246,0,0,0.0786,92.14,Excellent
16247,0,0,0.239,76.1,Good
16248,1,1,0.8114,18.86,Critical
16249,1,1,0.5719,42.81,Fair
16250,0,0,0.0841,91.59,Excellent
16251,1,1,0.9922,0.78,Critical
16252,0,0,0.1933,80.67,Excellent
16253,1,1,0.5638,43.62,Fair
16254,0,0,0.2511,74.89,Good
16255,1,1,0.9262,7.38,Critical
16256,1,1,0.5751,42.49,Fair
16257,0,0,0.2586,74.14,Good
16258,1,1,0.9224,7.76,Critical
16259,1,0,0.3607,63.93,Good
16260,0,0,0.0959,90.41,Excellent
16261,0,0,0.1159,88.41,Excellent
16262,1,1,0.8982,10.18,Critical
16263,1,1,0.8945,10.55,Critical
16264,1,1,0.8821,11.79,Critical
16265,0,0,0.1659,83.41,Excellent
16266,1,1,0.8945,10.55,Critical
16267,0,0,0.459,54.1,Fair
16268,1,1,0.9535,4.65,Critical
16269,1,1,0.7693,23.07,Poor
16270,0,0,0.0485,95.15,Excellent
16271,0,0,0.1448,85.52,Excellent
16272,0,0,0.421,57.9,Fair
16273,1,1,0.8507,14.93,Critical
16274,1,1,0.7965,20.35,Poor
16275,1,1,0.8151,18.49,Critical
16276,1,1,0.9356,6.44,Critical
16277,0,0,0.0453,95.47,Excellent
16278,1,1,0.8681,13.19,Critical
16279,1,1,0.6832,31.68,Poor
16280,0,0,0.1104,88.96,Excellent
16281,1,1,0.8936,10.64,Critical
16282,0,0,0.1161,88.39,Excellent
16283,1,1,0.956,4.4,Critical
16284,1,1,0.8047,19.53,Critical
16285,0,0,0.1714,82.86,Excellent
16286,1,1,0.9509,4.91,Critical
16287,0,0,0.0926,90.74,Excellent
16288,1,1,0.9474,5.26,Critical
16289,0,0,0.0935,90.65,Excellent
16290,1,1,0.9069,9.31,Critical
16291,1,1,0.5631,43.69,Fair
16292,0,0,0.1655,83.45,Excellent
16293,0,0,0.0602,93.98,Excellent
16294,1,1,0.8202,17.98,Critical
16295,0,0,0.0747,92.53,Excellent
16296,1,1,0.8689,13.11,Critical
16297,0,0,0.1287,87.13,Excellent
16298,1,1,0.8571,14.29,Critical
16299,0,0,0.2207,77.93,Good
16300,0,0,0.0787,92.13,Excellent
16301,1,1,0.8986,10.14,Critical
16302,0,0,0.0534,94.66,Excellent
16303,1,1,0.6538,34.62,Poor
16304,1,1,0.8193,18.07,Critical
16305,1,1,0.8627,13.73,Critical
16306,0,0,0.2934,70.66,Good
16307,1,1,0.8396,16.04,Critical
16308,1,1,0.7709,22.91,Poor
16309,0,0,0.2289,77.11,Good
16310,1,1,0.9793,2.07,Critical
16311,0,0,0.275,72.5,Good
16312,1,1,0.9751,2.49,Critical
16313,0,0,0.1451,85.49,Excellent
16314,0,0,0.1159,88.41,Excellent
16315,0,0,0.0983,90.17,Excellent
16316,0,0,0.0983,90.17,Excellent
16317,0,0,0.105,89.5,Excellent
16318,1,1,0.6166,38.34,Poor
16319,0,0,0.3109,68.91,Good
16320,0,0,0.3116,68.84,Good
16321,0,0,0.284,71.6,Good
16322,1,1,0.9124,8.76,Critical
16323,1,1,0.8348,16.52,Critical
16324,1,1,0.9051,9.49,Critical
16325,0,0,0.1272,87.28,Excellent
16326,0,0,0.069,93.1,Excellent
16327,1,1,0.8341,16.59,Critical
16328,1,1,0.8755,12.45,Critical
16329,0,0,0.078,92.2,Excellent
16330,1,1,0.8487,15.13,Critical
16331,0,0,0.0828,91.72,Excellent
16332,0,0,0.3507,64.93,Good
16333,1,1,0.8715,12.85,Critical
16334,1,1,0.9107,8.93,Critical
16335,0,0,0.1171,88.29,Excellent
16336,0,0,0.1765,82.35,Excellent
16337,1,1,0.981,1.9,Critical
16338,1,1,0.8066,19.34,Critical
16339,1,1,0.6183,38.17,Poor
16340,0,0,0.1344,86.56,Excellent
16341,0,0,0.2292,77.08,Good
16342,1,1,0.8203,17.97,Critical
16343,1,1,0.8855,11.45,Critical
16344,1,1,0.7011,29.89,Poor
16345,0,0,0.1826,81.74,Excellent
16346,1,1,0.9689,3.11,Critical
16347,0,0,0.1156,88.44,Excellent
16348,1,0,0.4048,59.52,Fair
16349,1,1,0.9138,8.62,Critical
16350,1,1,0.8955,10.45,Critical
16351,0,0,0.1442,85.58,Excellent
16352,1,1,0.5715,42.85,Fair
16353,1,1,0.7793,22.07,Poor
16354,1,1,0.805,19.5,Critical
16355,1,1,0.7592,24.08,Poor
16356,0,0,0.1551,84.49,Excellent
16357,0,0,0.0888,91.12,Excellent
16358,0,0,0.0875,91.25,Excellent
16359,1,1,0.8316,16.84,Critical
16360,0,0,0.1433,85.67,Excellent
16361,0,0,0.2758,72.42,Good
16362,1,1,0.9379,6.21,Critical
16363,1,1,0.8078,19.22,Critical
16364,1,1,0.6797,32.03,Poor
16365,0,0,0.0692,93.08,Excellent
16366,1,1,0.8909,10.91,Critical
16367,1,1,0.6544,34.56,Poor
16368,0,0,0.1319,86.81,Excellent
16369,0,0,0.0813,91.87,Excellent
16370,0,0,0.2026,79.74,Good
16371,1,1,0.5557,44.43,Fair
16372,0,0,0.204,79.6,Good
16373,0,0,0.0835,91.65,Excellent
16374,1,1,0.6252,37.48,Poor
16375,1,1,0.7712,22.88,Poor
16376,0,0,0.0647,93.53,Excellent
16377,1,1,0.9334,6.66,Critical
16378,1,1,0.9603,3.97,Critical
16379,0,0,0.124,87.6,Excellent
16380,1,1,0.7694,23.06,Poor
16381,0,0,0.0768,92.32,Excellent
16382,1,1,0.8129,18.71,Critical
16383,0,0,0.3099,69.01,Good
16384,1,1,0.8792,12.08,Critical
16385,0,0,0.1218,87.82,Excellent
16386,0,0,0.1087,89.13,Excellent
16387,1,1,0.9783,2.17,Critical
16388,0,0,0.2276,77.24,Good
16389,0,0,0.0769,92.31,Excellent
16390,1,1,0.9412,5.88,Critical
16391,0,0,0.0767,92.33,Excellent
16392,1,1,0.8905,10.95,Critical
16393,0,0,0.0677,93.23,Excellent
16394,0,0,0.0327,96.73,Excellent
16395,1,1,0.9735,2.65,Critical
16396,1,0,0.4918,50.82,Fair
16397,1,1,0.6181,38.19,Poor
16398,0,0,0.1189,88.11,Excellent
16399,1,1,0.889,11.1,Critical
16400,1,1,0.9797,2.03,Critical
16401,0,0,0.2815,71.85,Good
16402,0,0,0.1735,82.65,Excellent
16403,1,1,0.9822,1.78,Critical
16404,0,0,0.26,74.0,Good
16405,1,1,0.8183,18.17,Critical
16406,1,1,0.8859,11.41,Critical
16407,1,1,0.8979,10.21,Critical
16408,1,1,0.7851,21.49,Poor
16409,0,0,0.0969,90.31,Excellent
16410,0,0,0.132,86.8,Excellent
16411,1,1,0.9504,4.96,Critical
16412,1,1,0.9731,2.69,Critical
16413,1,1,0.9199,8.01,Critical
16414,1,1,0.9725,2.75,Critical
16415,1,1,0.8255,17.45,Critical
16416,0,0,0.0795,92.05,Excellent
16417,0,0,0.1307,86.93,Excellent
16418,0,0,0.1091,89.09,Excellent
16419,1,1,0.9003,9.97,Critical
16420,1,1,0.5371,46.29,Fair
16421,0,1,0.5675,43.25,Fair
16422,1,1,0.8715,12.85,Critical
16423,0,0,0.1148,88.52,Excellent
16424,1,1,0.9402,5.98,Critical
16425,1,1,0.9536,4.64,Critical
16426,1,1,0.6738,32.62,Poor
16427,1,1,0.931,6.9,Critical
16428,1,1,0.5759,42.41,Fair
16429,0,0,0.09,91.0,Excellent
16430,1,1,0.8849,11.51,Critical
16431,0,0,0.0763,92.37,Excellent
16432,1,1,0.9037,9.63,Critical
16433,0,0,0.433,56.7,Fair
16434,0,0,0.1087,89.13,Excellent
16435,1,1,0.7648,23.52,Poor
16436,1,1,0.9398,6.02,Critical
16437,1,1,0.8661,13.39,Critical
16438,1,1,0.7939,20.61,Poor
16439,0,0,0.146,85.4,Excellent
16440,1,1,0.801,19.9,Critical
16441,1,1,0.9105,8.95,Critical
16442,0,0,0.15,85.0,Excellent
16443,1,1,0.8387,16.13,Critical
16444,1,1,0.9412,5.88,Critical
16445,1,1,0.9009,9.91,Critical
16446,0,0,0.0721,92.79,Excellent
16447,0,0,0.3136,68.64,Good
16448,1,1,0.9824,1.76,Critical
16449,0,0,0.1474,85.26,Excellent
16450,0,0,0.2075,79.25,Good
16451,0,0,0.0498,95.02,Excellent
16452,1,1,0.9881,1.19,Critical
16453,1,1,0.7767,22.33,Poor
16454,0,0,0.1063,89.37,Excellent
16455,0,0,0.1004,89.96,Excellent
16456,0,0,0.1354,86.46,Excellent
16457,1,1,0.9239,7.61,Critical
16458,0,0,0.0985,90.15,Excellent
16459,1,1,0.6949,30.51,Poor
16460,0,0,0.1352,86.48,Excellent
16461,0,0,0.4837,51.63,Fair
16462,1,1,0.7889,21.11,Poor
16463,0,0,0.2312,76.88,Good
16464,1,1,0.9344,6.56,Critical
16465,1,1,0.7856,21.44,Poor
16466,1,1,0.5561,44.39,Fair
16467,0,0,0.0865,91.35,Excellent
16468,0,0,0.1337,86.63,Excellent
16469,0,0,0.1688,83.12,Excellent
16470,1,1,0.818,18.2,Critical
16471,1,1,0.7681,23.19,Poor
16472,1,1,0.9024,9.76,Critical
16473,1,1,0.888,11.2,Critical
16474,0,0,0.1253,87.47,Excellent
16475,0,0,0.1548,84.52,Excellent
16476,1,1,0.8876,11.24,Critical
16477,1,1,0.856,14.4,Critical
16478,1,1,0.8935,10.65,Critical
16479,0,0,0.4404,55.96,Fair
16480,1,1,0.8585,14.15,Critical
16481,0,0,0.0597,94.03,Excellent
16482,0,0,0.1084,89.16,Excellent
16483,0,0,0.2435,75.65,Good
16484,0,0,0.0577,94.23,Excellent
16485,0,0,0.0747,92.53,Excellent
16486,0,0,0.2473,75.27,Good
16487,1,1,0.8394,16.06,Critical
16488,0,0,0.0868,91.32,Excellent
16489,1,1,0.7746,22.54,Poor
16490,1,1,0.9122,8.78,Critical
16491,0,0,0.3903,60.97,Good
16492,0,0,0.2004,79.96,Good
16493,0,0,0.2772,72.28,Good
16494,1,1,0.9059,9.41,Critical
16495,0,0,0.1077,89.23,Excellent
16496,0,0,0.1787,82.13,Excellent
16497,0,0,0.1823,81.77,Excellent
16498,1,1,0.569,43.1,Fair
16499,0,0,0.0931,90.69,Excellent
16500,0,0,0.0571,94.29,Excellent
16501,0,0,0.123,87.7,Excellent
16502,1,1,0.7166,28.34,Poor
16503,0,0,0.0214,97.86,Excellent
16504,1,1,0.8915,10.85,Critical
16505,0,0,0.0982,90.18,Excellent
16506,0,0,0.1361,86.39,Excellent
16507,0,0,0.0524,94.76,Excellent
16508,1,1,0.9491,5.09,Critical
16509,0,0,0.1308,86.92,Excellent
16510,0,0,0.1528,84.72,Excellent
16511,0,1,0.5074,49.26,Fair
16512,0,0,0.1195,88.05,Excellent
16513,1,1,0.9217,7.83,Critical
16514,0,0,0.3409,65.91,Good
16515,1,1,0.9514,4.86,Critical
16516,0,0,0.1183,88.17,Excellent
16517,1,1,0.8671,13.29,Critical
16518,1,1,0.8729,12.71,Critical
16519,1,1,0.7812,21.88,Poor
16520,1,1,0.9581,4.19,Critical
16521,1,1,0.8811,11.89,Critical
16522,1,1,0.9889,1.11,Critical
16523,0,0,0.1855,81.45,Excellent
16524,1,1,0.8086,19.14,Critical
16525,1,1,0.8203,17.97,Critical
16526,1,1,0.9376,6.24,Critical
16527,0,0,0.1553,84.47,Excellent
16528,0,0,0.0435,95.65,Excellent
16529,0,0,0.102,89.8,Excellent
16530,1,1,0.6612,33.88,Poor
16531,1,1,0.7508,24.92,Poor
16532,1,1,0.8943,10.57,Critical
16533,0,0,0.092,90.8,Excellent
16534,0,0,0.0921,90.79,Excellent
16535,0,0,0.1332,86.68,Excellent
16536,0,0,0.0909,90.91,Excellent
16537,1,0,0.3521,64.79,Good
16538,1,1,0.8002,19.98,Critical
16539,0,1,0.5641,43.59,Fair
16540,1,1,0.9906,0.94,Critical
16541,1,1,0.9138,8.62,Critical
16542,1,1,0.8239,17.61,Critical
16543,1,1,0.7164,28.36,Poor
16544,1,1,0.7505,24.95,Poor
16545,1,1,0.9698,3.02,Critical
16546,1,1,0.7979,20.21,Poor
16547,0,0,0.0793,92.07,Excellent
16548,0,0,0.2751,72.49,Good
16549,1,1,0.8711,12.89,Critical
16550,1,1,0.9301,6.99,Critical
16551,0,0,0.0535,94.65,Excellent
16552,0,0,0.1373,86.27,Excellent
16553,1,1,0.8959,10.41,Critical
16554,1,1,0.9297,7.03,Critical
16555,0,0,0.4513,54.87,Fair
16556,1,1,0.9115,8.85,Critical
16557,1,1,0.9743,2.57,Critical
16558,0,0,0.1306,86.94,Excellent
16559,0,0,0.435,56.5,Fair
16560,1,1,0.9233,7.67,Critical
16561,0,0,0.2808,71.92,Good
16562,0,0,0.2621,73.79,Good
16563,0,0,0.079,92.1,Excellent
16564,1,1,0.8985,10.15,Critical
16565,0,0,0.1143,88.57,Excellent
16566,1,1,0.8766,12.34,Critical
16567,1,1,0.923,7.7,Critical
16568,1,1,0.9659,3.41,Critical
16569,1,1,0.8814,11.86,Critical
16570,0,0,0.2373,76.27,Good
16571,0,0,0.1333,86.67,Excellent
16572,1,1,0.8795,12.05,Critical
16573,1,1,0.9611,3.89,Critical
16574,0,0,0.1786,82.14,Excellent
16575,1,1,0.8224,17.76,Critical
16576,1,1,0.8628,13.72,Critical
16577,0,0,0.2501,74.99,Good
16578,1,1,0.8438,15.62,Critical
16579,1,1,0.802,19.8,Critical
16580,1,1,0.7883,21.17,Poor
16581,0,0,0.0374,96.26,Excellent
16582,1,1,0.8832,11.68,Critical
16583,0,0,0.0906,90.94,Excellent
16584,1,1,0.9106,8.94,Critical
16585,1,1,0.6334,36.66,Poor
16586,0,0,0.0592,94.08,Excellent
16587,0,0,0.0767,92.33,Excellent
16588,0,0,0.2205,77.95,Good
16589,0,0,0.1303,86.97,Excellent
16590,1,1,0.8616,13.84,Critical
16591,1,1,0.8523,14.77,Critical
16592,1,1,0.8337,16.63,Critical
16593,0,0,0.1567,84.33,Excellent
16594,0,0,0.0887,91.13,Excellent
16595,1,1,0.9325,6.75,Critical
16596,0,0,0.1052,89.48,Excellent
16597,0,0,0.0853,91.47,Excellent
16598,1,1,0.9067,9.33,Critical
16599,0,0,0.0825,91.75,Excellent
16600,0,0,0.1149,88.51,Excellent
16601,1,1,0.9565,4.35,Critical
16602,1,1,0.7923,20.77,Poor
16603,0,0,0.0845,91.55,Excellent
16604,0,0,0.3868,61.32,Good
16605,1,1,0.6922,30.78,Poor
16606,1,1,0.7751,22.49,Poor
16607,1,1,0.8937,10.63,Critical
16608,1,1,0.8914,10.86,Critical
16609,0,0,0.0968,90.32,Excellent
16610,0,0,0.1538,84.62,Excellent
16611,1,1,0.7577,24.23,Poor
16612,0,0,0.0815,91.85,Excellent
16613,0,0,0.1089,89.11,Excellent
16614,1,1,0.7007,29.93,Poor
16615,1,1,0.6454,35.46,Poor
16616,1,1,0.9362,6.38,Critical
16617,0,0,0.3553,64.47,Good
16618,0,0,0.2134,78.66,Good
16619,1,1,0.9332,6.68,Critical
16620,0,0,0.0341,96.59,Excellent
16621,0,0,0.1046,89.54,Excellent
16622,0,0,0.1894,81.06,Excellent
16623,0,0,0.1791,82.09,Excellent
16624,1,1,0.8344,16.56,Critical
16625,1,1,0.9773,2.27,Critical
16626,1,1,0.9824,1.76,Critical
16627,1,1,0.731,26.9,Poor
16628,1,1,0.8983,10.17,Critical
16629,0,0,0.1209,87.91,Excellent
16630,1,1,0.9247,7.53,Critical
16631,0,0,0.3882,61.18,Good
16632,0,0,0.189,81.1,Excellent
16633,1,1,0.6462,35.38,Poor
16634,0,0,0.2484,75.16,Good
16635,1,1,0.8803,11.97,Critical
16636,0,0,0.0746,92.54,Excellent
16637,1,1,0.7385,26.15,Poor
16638,1,1,0.9063,9.37,Critical
16639,1,1,0.5924,40.76,Fair
16640,0,0,0.1114,88.86,Excellent
16641,0,0,0.3079,69.21,Good
16642,0,0,0.107,89.3,Excellent
16643,0,0,0.3123,68.77,Good
16644,0,0,0.0762,92.38,Excellent
16645,0,0,0.1666,83.34,Excellent
16646,1,1,0.6975,30.25,Poor
16647,0,0,0.407,59.3,Fair
16648,1,1,0.9339,6.61,Critical
16649,0,0,0.2721,72.79,Good
16650,0,0,0.1743,82.57,Excellent
16651,0,0,0.1086,89.14,Excellent
16652,1,1,0.7932,20.68,Poor
16653,0,0,0.0852,91.48,Excellent
16654,0,0,0.0885,91.15,Excellent
16655,1,1,0.746,25.4,Poor
16656,0,0,0.2091,79.09,Good
16657,0,0,0.1247,87.53,Excellent
16658,1,1,0.6882,31.18,Poor
16659,1,1,0.8386,16.14,Critical
16660,1,1,0.7023,29.77,Poor
16661,0,0,0.232,76.8,Good
16662,0,0,0.1917,80.83,Excellent
16663,1,1,0.9129,8.71,Critical
16664,1,1,0.756,24.4,Poor
16665,0,0,0.3785,62.15,Good
16666,0,0,0.1022,89.78,Excellent
16667,1,1,0.7463,25.37,Poor
16668,1,1,0.7643,23.57,Poor
16669,0,0,0.0798,92.02,Excellent
16670,1,1,0.8662,13.38,Critical
16671,0,1,0.5865,41.35,Fair
16672,0,0,0.2388,76.12,Good
16673,0,0,0.0912,90.88,Excellent
16674,0,0,0.3208,67.92,Good
16675,0,0,0.1244,87.56,Excellent
16676,1,1,0.9163,8.37,Critical
16677,0,0,0.2333,76.67,Good
16678,1,1,0.9244,7.56,Critical
16679,0,0,0.1099,89.01,Excellent
16680,0,0,0.1243,87.57,Excellent
16681,1,1,0.7411,25.89,Poor
16682,0,0,0.1306,86.94,Excellent
16683,1,1,0.8879,11.21,Critical
16684,1,1,0.8324,16.76,Critical
16685,1,1,0.8456,15.44,Critical
16686,1,1,0.709,29.1,Poor
16687,1,1,0.8945,10.55,Critical
16688,0,0,0.1321,86.79,Excellent
16689,1,1,0.9637,3.63,Critical
16690,0,0,0.0882,91.18,Excellent
16691,1,1,0.8588,14.12,Critical
16692,1,1,0.7663,23.37,Poor
16693,0,0,0.2097,79.03,Good
16694,1,1,0.5584,44.16,Fair
16695,1,1,0.9959,0.41,Critical
16696,1,1,0.5586,44.14,Fair
16697,1,1,0.8132,18.68,Critical
16698,0,0,0.0501,94.99,Excellent
16699,1,1,0.6104,38.96,Poor
16700,1,1,0.7159,28.41,Poor
16701,1,1,0.8724,12.76,Critical
16702,1,0,0.4584,54.16,Fair
16703,1,1,0.9192,8.08,Critical
16704,1,1,0.9839,1.61,Critical
16705,1,1,0.6987,30.13,Poor
16706,0,0,0.0816,91.84,Excellent
16707,0,0,0.1355,86.45,Excellent
16708,0,0,0.0376,96.24,Excellent
16709,1,1,0.8719,12.81,Critical
16710,0,0,0.142,85.8,Excellent
16711,1,1,0.5935,40.65,Fair
16712,1,1,0.8368,16.32,Critical
16713,1,1,0.7978,20.22,Poor
16714,0,0,0.0753,92.47,Excellent
16715,1,1,0.8682,13.18,Critical
16716,0,0,0.3992,60.08,Good
16717,0,0,0.0356,96.44,Excellent
16718,0,0,0.1117,88.83,Excellent
16719,1,1,0.9019,9.81,Critical
16720,0,0,0.2006,79.94,Good
16721,0,0,0.1093,89.07,Excellent
16722,1,0,0.4146,58.54,Fair
16723,0,0,0.2637,73.63,Good
16724,1,1,0.6135,38.65,Poor
16725,1,1,0.9595,4.05,Critical
16726,1,1,0.8611,13.89,Critical
16727,0,0,0.2406,75.94,Good
16728,0,0,0.0465,95.35,Excellent
16729,0,0,0.114,88.6,Excellent
16730,1,1,0.8293,17.07,Critical
16731,1,1,0.8871,11.29,Critical
16732,1,1,0.8163,18.37,Critical
16733,1,1,0.7218,27.82,Poor
16734,1,1,0.9273,7.27,Critical
16735,1,1,0.9313,6.87,Critical
16736,0,0,0.067,93.3,Excellent
16737,1,1,0.6895,31.05,Poor
16738,0,0,0.1689,83.11,Excellent
16739,0,0,0.1866,81.34,Excellent
16740,1,1,0.9668,3.32,Critical
16741,0,0,0.1445,85.55,Excellent
16742,0,0,0.1978,80.22,Excellent
16743,1,1,0.9353,6.47,Critical
16744,1,1,0.8443,15.57,Critical
16745,1,0,0.4591,54.09,Fair
16746,0,0,0.0846,91.54,Excellent
16747,1,1,0.7615,23.85,Poor
16748,1,1,0.8416,15.84,Critical
16749,1,1,0.9632,3.68,Critical
16750,0,0,0.1214,87.86,Excellent
16751,1,1,0.8951,10.49,Critical
16752,0,0,0.2335,76.65,Good
16753,1,1,0.7895,21.05,Poor
16754,0,0,0.0544,94.56,Excellent
16755,0,0,0.3219,67.81,Good
16756,1,1,0.8592,14.08,Critical
16757,0,0,0.1321,86.79,Excellent
16758,1,1,0.8573,14.27,Critical
16759,1,1,0.8805,11.95,Critical
16760,1,1,0.7962,20.38,Poor
16761,0,0,0.0705,92.95,Excellent
16762,0,0,0.0987,90.13,Excellent
16763,1,1,0.8249,17.51,Critical
16764,1,1,0.9932,0.68,Critical
16765,1,1,0.7275,27.25,Poor
16766,1,1,0.7349,26.51,Poor
16767,0,0,0.0625,93.75,Excellent
16768,0,0,0.1887,81.13,Excellent
16769,1,1,0.8105,18.95,Critical
16770,0,0,0.0987,90.13,Excellent
16771,1,1,0.8563,14.37,Critical
16772,0,0,0.1081,89.19,Excellent
16773,1,1,0.9273,7.27,Critical
16774,1,1,0.9049,9.51,Critical
16775,0,0,0.0649,93.51,Excellent
16776,0,0,0.0865,91.35,Excellent
16777,1,1,0.7703,22.97,Poor
16778,1,1,0.808,19.2,Critical
16779,0,0,0.2656,73.44,Good
16780,0,0,0.1159,88.41,Excellent
16781,0,0,0.1087,89.13,Excellent
16782,1,1,0.8713,12.87,Critical
16783,1,0,0.4379,56.21,Fair
16784,0,1,0.5071,49.29,Fair
16785,1,1,0.7856,21.44,Poor
16786,1,1,0.9173,8.27,Critical
16787,0,0,0.1588,84.12,Excellent
16788,1,1,0.8837,11.63,Critical
16789,1,1,0.9215,7.85,Critical
16790,1,1,0.9628,3.72,Critical
16791,0,0,0.112,88.8,Excellent
16792,0,0,0.2539,74.61,Good
16793,1,1,0.9886,1.14,Critical
16794,1,1,0.8161,18.39,Critical
16795,0,0,0.0841,91.59,Excellent
16796,1,1,0.6329,36.71,Poor
16797,0,0,0.1443,85.57,Excellent
16798,1,1,0.9293,7.07,Critical
16799,1,1,0.8809,11.91,Critical
16800,1,1,0.9769,2.31,Critical
16801,1,1,0.8258,17.42,Critical
16802,0,0,0.4616,53.84,Fair
16803,1,1,0.8749,12.51,Critical
16804,1,1,0.9064,9.36,Critical
16805,1,1,0.9667,3.33,Critical
16806,0,0,0.1998,80.02,Excellent
16807,1,1,0.9436,5.64,Critical
16808,1,1,0.9662,3.38,Critical
16809,0,0,0.1378,86.22,Excellent
16810,1,1,0.9264,7.36,Critical
16811,1,1,0.8489,15.11,Critical
16812,1,1,0.9785,2.15,Critical
16813,1,1,0.9218,7.82,Critical
16814,1,1,0.9424,5.76,Critical
16815,0,0,0.1464,85.36,Excellent
16816,0,0,0.1273,87.27,Excellent
16817,1,1,0.8103,18.97,Critical
16818,1,1,0.913,8.7,Critical
16819,0,0,0.2139,78.61,Good
16820,1,1,0.8787,12.13,Critical
16821,1,1,0.7832,21.68,Poor
16822,1,1,0.9475,5.25,Critical
16823,0,0,0.0887,91.13,Excellent
16824,1,1,0.737,26.3,Poor
16825,1,1,0.5669,43.31,Fair
16826,1,1,0.6788,32.12,Poor
16827,1,1,0.8253,17.47,Critical
16828,1,0,0.4403,55.97,Fair
16829,1,1,0.8284,17.16,Critical
16830,1,1,0.9228,7.72,Critical
16831,0,0,0.1214,87.86,Excellent
16832,0,0,0.1338,86.62,Excellent
16833,0,0,0.4619,53.81,Fair
16834,0,0,0.1029,89.71,Excellent
16835,0,0,0.185,81.5,Excellent
16836,0,0,0.1145,88.55,Excellent
16837,0,0,0.0607,93.93,Excellent
16838,0,0,0.0824,91.76,Excellent
16839,1,1,0.9523,4.77,Critical
16840,1,1,0.7443,25.57,Poor
16841,0,0,0.1573,84.27,Excellent
16842,1,1,0.9189,8.11,Critical
16843,1,1,0.952,4.8,Critical
16844,1,0,0.3996,60.04,Good
16845,1,1,0.9202,7.98,Critical
16846,0,0,0.3586,64.14,Good
16847,1,1,0.8792,12.08,Critical
16848,0,0,0.3889,61.11,Good
16849,0,0,0.2066,79.34,Good
16850,1,1,0.8148,18.52,Critical
16851,0,0,0.314,68.6,Good
16852,0,0,0.2913,70.87,Good
16853,0,0,0.1262,87.38,Excellent
16854,1,1,0.7008,29.92,Poor
16855,0,0,0.0772,92.28,Excellent
16856,0,0,0.2174,78.26,Good
16857,1,1,0.9129,8.71,Critical
16858,1,1,0.7639,23.61,Poor
16859,1,1,0.9356,6.44,Critical
16860,0,0,0.0653,93.47,Excellent
16861,1,1,0.6706,32.94,Poor
16862,1,1,0.7224,27.76,Poor
16863,0,0,0.1601,83.99,Excellent
16864,1,1,0.898,10.2,Critical
16865,0,0,0.1659,83.41,Excellent
16866,1,1,0.9057,9.43,Critical
16867,1,1,0.8956,10.44,Critical
16868,0,0,0.1057,89.43,Excellent
16869,1,1,0.76,24.0,Poor
16870,1,1,0.8122,18.78,Critical
16871,1,1,0.6109,38.91,Poor
16872,0,0,0.124,87.6,Excellent
16873,0,0,0.302,69.8,Good
16874,0,0,0.3779,62.21,Good
16875,1,1,0.7917,20.83,Poor
16876,1,1,0.8699,13.01,Critical
16877,1,1,0.8968,10.32,Critical
16878,1,1,0.8284,17.16,Critical
16879,0,0,0.1271,87.29,Excellent
16880,1,1,0.9227,7.73,Critical
16881,1,1,0.6405,35.95,Poor
16882,0,0,0.1956,80.44,Excellent
16883,1,1,0.607,39.3,Poor
16884,1,1,0.9361,6.39,Critical
16885,1,1,0.9322,6.78,Critical
16886,1,1,0.9462,5.38,Critical
16887,1,1,0.6503,34.97,Poor
16888,1,1,0.8447,15.53,Critical
16889,0,0,0.0665,93.35,Excellent
16890,0,0,0.1186,88.14,Excellent
16891,0,0,0.1089,89.11,Excellent
16892,1,1,0.8758,12.42,Critical
16893,1,1,0.9463,5.37,Critical
16894,0,0,0.1074,89.26,Excellent
16895,0,0,0.0615,93.85,Excellent
16896,1,1,0.9781,2.19,Critical
16897,1,1,0.7321,26.79,Poor
16898,0,0,0.181,81.9,Excellent
16899,1,0,0.4006,59.94,Fair
16900,0,0,0.2744,72.56,Good
16901,0,0,0.1582,84.18,Excellent
16902,1,1,0.9641,3.59,Critical
16903,0,0,0.2911,70.89,Good
16904,0,0,0.2816,71.84,Good
16905,1,1,0.9111,8.89,Critical
16906,0,0,0.2461,75.39,Good
16907,1,1,0.8715,12.85,Critical
16908,1,1,0.9029,9.71,Critical
16909,0,0,0.0465,95.35,Excellent
16910,0,0,0.2044,79.56,Good
16911,0,0,0.1157,88.43,Excellent
16912,1,1,0.8445,15.55,Critical
16913,0,0,0.1683,83.17,Excellent
16914,1,0,0.4885,51.15,Fair
16915,0,0,0.3197,68.03,Good
16916,1,1,0.8534,14.66,Critical
16917,0,0,0.1471,85.29,Excellent
16918,1,1,0.8411,15.89,Critical
16919,1,1,0.8924,10.76,Critical
16920,1,1,0.9741,2.59,Critical
16921,0,0,0.0688,93.12,Excellent
16922,0,0,0.0939,90.61,Excellent
16923,0,0,0.0708,92.92,Excellent
16924,1,1,0.6004,39.96,Poor
16925,0,0,0.1318,86.82,Excellent
16926,0,0,0.2049,79.51,Good
16927,0,0,0.3349,66.51,Good
16928,0,0,0.06,94.0,Excellent
16929,1,1,0.9489,5.11,Critical
16930,1,1,0.9677,3.23,Critical
16931,1,1,0.8631,13.69,Critical
16932,0,0,0.2106,78.94,Good
16933,0,0,0.0809,91.91,Excellent
16934,0,0,0.1424,85.76,Excellent
16935,1,1,0.8825,11.75,Critical
16936,0,0,0.1767,82.33,Excellent
16937,0,0,0.197,80.3,Excellent
16938,1,1,0.862,13.8,Critical
16939,1,1,0.9438,5.62,Critical
16940,0,0,0.1173,88.27,Excellent
16941,1,1,0.9469,5.31,Critical
16942,1,1,0.9547,4.53,Critical
16943,1,1,0.7994,20.06,Poor
16944,0,0,0.361,63.9,Good
16945,0,0,0.1378,86.22,Excellent
16946,0,0,0.1876,81.24,Excellent
16947,1,1,0.9457,5.43,Critical
16948,0,0,0.1648,83.52,Excellent
16949,0,0,0.1071,89.29,Excellent
16950,1,1,0.6946,30.54,Poor
16951,0,0,0.1698,83.02,Excellent
16952,1,0,0.4436,55.64,Fair
16953,0,0,0.0368,96.32,Excellent
16954,1,0,0.3563,64.37,Good
16955,0,0,0.1662,83.38,Excellent
16956,1,1,0.6579,34.21,Poor
16957,0,0,0.1595,84.05,Excellent
16958,0,0,0.4794,52.06,Fair
16959,0,0,0.0896,91.04,Excellent
16960,1,1,0.6978,30.22,Poor
16961,1,1,0.9318,6.82,Critical
16962,1,1,0.5931,40.69,Fair
16963,1,1,0.9272,7.28,Critical
16964,0,0,0.0985,90.15,Excellent
16965,0,0,0.1931,80.69,Excellent
16966,0,0,0.2696,73.04,Good
16967,0,0,0.2017,79.83,Good
16968,0,0,0.1374,86.26,Excellent
16969,0,0,0.2505,74.95,Good
16970,1,1,0.65,35.0,Poor
16971,0,0,0.2891,71.09,Good
16972,1,1,0.9061,9.39,Critical
16973,0,0,0.1638,83.62,Excellent
16974,0,0,0.1288,87.12,Excellent
16975,1,1,0.734,26.6,Poor
16976,1,1,0.7805,21.95,Poor
16977,0,0,0.0688,93.12,Excellent
16978,0,0,0.137,86.3,Excellent
16979,0,0,0.2632,73.68,Good
16980,1,1,0.8349,16.51,Critical
16981,0,0,0.186,81.4,Excellent
16982,0,0,0.0619,93.81,Excellent
16983,0,0,0.0901,90.99,Excellent
16984,0,0,0.0931,90.69,Excellent
16985,0,0,0.118,88.2,Excellent
16986,0,0,0.2696,73.04,Good
16987,1,1,0.828,17.2,Critical
16988,1,1,0.9583,4.17,Critical
16989,0,0,0.4102,58.98,Fair
16990,1,1,0.8048,19.52,Critical
16991,1,1,0.8728,12.72,Critical
16992,0,0,0.1495,85.05,Excellent
16993,1,1,0.852,14.8,Critical
16994,1,1,0.9376,6.24,Critical
16995,0,0,0.3637,63.63,Good
16996,0,0,0.1291,87.09,Excellent
16997,1,1,0.9254,7.46,Critical
16998,0,0,0.1479,85.21,Excellent
16999,0,0,0.1015,89.85,Excellent
17000,1,1,0.7963,20.37,Poor
17001,1,1,0.9418,5.82,Critical
17002,0,0,0.2623,73.77,Good
17003,0,0,0.2017,79.83,Good
17004,1,1,0.9633,3.67,Critical
17005,1,1,0.9231,7.69,Critical
17006,1,0,0.4665,53.35,Fair
17007,1,1,0.9073,9.27,Critical
17008,0,0,0.1119,88.81,Excellent
17009,1,1,0.9789,2.11,Critical
17010,1,1,0.7028,29.72,Poor
17011,0,0,0.1752,82.48,Excellent
17012,1,1,0.9495,5.05,Critical
17013,0,0,0.0999,90.01,Excellent
17014,0,0,0.0685,93.15,Excellent
17015,0,0,0.1592,84.08,Excellent
17016,0,0,0.369,63.1,Good
17017,1,1,0.9794,2.06,Critical
17018,1,0,0.3622,63.78,Good
17019,1,1,0.6789,32.11,Poor
17020,1,1,0.7478,25.22,Poor
17021,0,0,0.3057,69.43,Good
17022,1,1,0.9282,7.18,Critical
17023,0,0,0.2315,76.85,Good
17024,0,0,0.0774,92.26,Excellent
17025,0,0,0.0606,93.94,Excellent
17026,0,0,0.1552,84.48,Excellent
17027,1,1,0.9252,7.48,Critical
17028,1,1,0.9091,9.09,Critical
17029,1,1,0.9475,5.25,Critical
17030,1,1,0.9407,5.93,Critical
17031,0,0,0.044,95.6,Excellent
17032,0,0,0.0842,91.58,Excellent
17033,1,1,0.8963,10.37,Critical
17034,0,0,0.076,92.4,Excellent
17035,1,1,0.834,16.6,Critical
17036,1,1,0.9284,7.16,Critical
17037,0,0,0.1069,89.31,Excellent
17038,0,0,0.0804,91.96,Excellent
17039,0,0,0.1167,88.33,Excellent
17040,0,0,0.0812,91.88,Excellent
17041,0,0,0.1225,87.75,Excellent
17042,0,0,0.0597,94.03,Excellent
17043,1,1,0.895,10.5,Critical
17044,0,0,0.2809,71.91,Good
17045,1,1,0.9614,3.86,Critical
17046,1,1,0.928,7.2,Critical
17047,0,0,0.1865,81.35,Excellent
17048,1,1,0.8981,10.19,Critical
17049,1,1,0.7217,27.83,Poor
17050,0,0,0.1416,85.84,Excellent
17051,0,0,0.0701,92.99,Excellent
17052,0,0,0.1152,88.48,Excellent
17053,0,0,0.1137,88.63,Excellent
17054,1,1,0.8388,16.12,Critical
17055,1,1,0.8408,15.92,Critical
17056,0,0,0.2546,74.54,Good
17057,0,0,0.3262,67.38,Good
17058,0,0,0.2107,78.93,Good
17059,1,1,0.7221,27.79,Poor
17060,1,1,0.7871,21.29,Poor
17061,0,0,0.147,85.3,Excellent
17062,1,1,0.7427,25.73,Poor
17063,1,1,0.841,15.9,Critical
17064,1,1,0.943,5.7,Critical
17065,1,1,0.8726,12.74,Critical
17066,0,0,0.2816,71.84,Good
17067,0,0,0.0396,96.04,Excellent
17068,1,1,0.9681,3.19,Critical
17069,1,1,0.86,14.0,Critical
17070,0,0,0.1973,80.27,Excellent
17071,1,1,0.9604,3.96,Critical
17072,0,0,0.1035,89.65,Excellent
17073,1,0,0.3517,64.83,Good
17074,0,0,0.1621,83.79,Excellent
17075,0,0,0.1787,82.13,Excellent
17076,0,0,0.0634,93.66,Excellent
17077,0,0,0.1536,84.64,Excellent
17078,1,1,0.5186,48.14,Fair
17079,0,0,0.0887,91.13,Excellent
17080,0,0,0.1695,83.05,Excellent
17081,0,0,0.1562,84.38,Excellent
17082,1,1,0.9671,3.29,Critical
17083,1,1,0.7625,23.75,Poor
17084,0,0,0.0818,91.82,Excellent
17085,1,1,0.8278,17.22,Critical
17086,1,0,0.4471,55.29,Fair
17087,1,1,0.693,30.7,Poor
17088,0,0,0.1397,86.03,Excellent
17089,0,0,0.2222,77.78,Good
17090,1,1,0.8717,12.83,Critical
17091,0,0,0.1482,85.18,Excellent
17092,1,1,0.8897,11.03,Critical
17093,0,0,0.0808,91.92,Excellent
17094,1,1,0.8506,14.94,Critical
17095,0,0,0.3247,67.53,Good
17096,1,1,0.7446,25.54,Poor
17097,0,0,0.0824,91.76,Excellent
17098,0,0,0.0797,92.03,Excellent
17099,0,0,0.252,74.8,Good
17100,0,0,0.101,89.9,Excellent
17101,0,0,0.0746,92.54,Excellent
17102,0,0,0.0636,93.64,Excellent
17103,1,1,0.9546,4.54,Critical
17104,0,0,0.1934,80.66,Excellent
17105,1,1,0.7205,27.95,Poor
17106,1,1,0.8955,10.45,Critical
17107,1,1,0.8212,17.88,Critical
17108,0,0,0.1409,85.91,Excellent
17109,0,0,0.0854,91.46,Excellent
17110,0,0,0.1153,88.47,Excellent
17111,0,0,0.1411,85.89,Excellent
17112,0,0,0.069,93.1,Excellent
17113,0,0,0.1045,89.55,Excellent
17114,1,1,0.9532,4.68,Critical
17115,0,0,0.1498,85.02,Excellent
17116,1,1,0.759,24.1,Poor
17117,1,1,0.8543,14.57,Critical
17118,1,1,0.7466,25.34,Poor
17119,0,1,0.7279,27.21,Poor
17120,0,0,0.1078,89.22,Excellent
17121,0,0,0.106,89.4,Excellent
17122,1,0,0.3998,60.02,Good
17123,0,0,0.24,76.0,Good
17124,0,0,0.0566,94.34,Excellent
17125,1,1,0.7782,22.18,Poor
17126,1,1,0.8987,10.13,Critical
17127,0,0,0.1863,81.37,Excellent
17128,1,1,0.96,4.0,Critical
17129,0,0,0.4786,52.14,Fair
17130,1,1,0.8851,11.49,Critical
17131,0,0,0.1108,88.92,Excellent
17132,0,0,0.0668,93.32,Excellent
17133,0,0,0.0779,92.21,Excellent
17134,0,0,0.318,68.2,Good
17135,0,0,0.106,89.4,Excellent
17136,1,1,0.8855,11.45,Critical
17137,0,0,0.1604,83.96,Excellent
17138,0,0,0.2168,78.32,Good
17139,1,1,0.8811,11.89,Critical
17140,1,1,0.8415,15.85,Critical
17141,0,0,0.0456,95.44,Excellent
17142,0,0,0.0725,92.75,Excellent
17143,0,0,0.1625,83.75,Excellent
17144,1,1,0.8823,11.77,Critical
17145,1,1,0.8714,12.86,Critical
17146,0,0,0.1491,85.09,Excellent
17147,1,1,0.9295,7.05,Critical
17148,1,1,0.9359,6.41,Critical
17149,0,0,0.2627,73.73,Good
17150,1,1,0.7472,25.28,Poor
17151,0,0,0.2764,72.36,Good
17152,0,0,0.2601,73.99,Good
17153,0,0,0.2297,77.03,Good
17154,1,1,0.996,0.4,Critical
17155,1,1,0.7042,29.58,Poor
17156,0,0,0.3914,60.86,Good
17157,1,1,0.6552,34.48,Poor
17158,1,1,0.9484,5.16,Critical
17159,0,0,0.1689,83.11,Excellent
17160,1,1,0.7842,21.58,Poor
17161,0,0,0.1315,86.85,Excellent
17162,0,0,0.1315,86.85,Excellent
17163,1,1,0.6409,35.91,Poor
17164,0,0,0.0947,90.53,Excellent
17165,0,0,0.093,90.7,Excellent
17166,1,1,0.6598,34.02,Poor
17167,0,0,0.0709,92.91,Excellent
17168,0,0,0.1034,89.66,Excellent
17169,0,0,0.1911,80.89,Excellent
17170,0,0,0.1189,88.11,Excellent
17171,1,1,0.9187,8.13,Critical
17172,0,0,0.0723,92.77,Excellent
17173,0,0,0.3984,60.16,Good
17174,0,0,0.0364,96.36,Excellent
17175,0,0,0.1853,81.47,Excellent
17176,1,1,0.7916,20.84,Poor
17177,1,1,0.9154,8.46,Critical
17178,0,0,0.0532,94.68,Excellent
17179,1,1,0.9107,8.93,Critical
17180,1,1,0.994,0.6,Critical
17181,1,1,0.8899,11.01,Critical
17182,1,1,0.9479,5.21,Critical
17183,0,0,0.2963,70.37,Good
17184,1,1,0.7543,24.57,Poor
17185,1,1,0.9276,7.24,Critical
17186,1,1,0.8619,13.81,Critical
17187,0,0,0.0392,96.08,Excellent
17188,1,1,0.8848,11.52,Critical
17189,0,0,0.0772,92.28,Excellent
17190,0,0,0.1107,88.93,Excellent
17191,0,0,0.1682,83.18,Excellent
17192,0,0,0.0706,92.94,Excellent
17193,0,0,0.3179,68.21,Good
17194,0,0,0.1581,84.19,Excellent
17195,0,0,0.3183,68.17,Good
17196,1,1,0.6709,32.91,Poor
17197,0,0,0.2024,79.76,Good
17198,1,1,0.8384,16.16,Critical
17199,0,0,0.0683,93.17,Excellent
17200,1,1,0.9597,4.03,Critical
17201,1,1,0.8473,15.27,Critical
17202,1,1,0.7748,22.52,Poor
17203,0,0,0.1183,88.17,Excellent
17204,1,1,0.7591,24.09,Poor
17205,0,0,0.1441,85.59,Excellent
17206,0,0,0.2429,75.71,Good
17207,0,0,0.1132,88.68,Excellent
17208,0,0,0.1321,86.79,Excellent
17209,1,1,0.9071,9.29,Critical
17210,1,1,0.9346,6.54,Critical
17211,0,0,0.1431,85.69,Excellent
17212,1,1,0.9001,9.99,Critical
17213,0,0,0.2067,79.33,Good
17214,1,1,0.9298,7.02,Critical
17215,1,1,0.7878,21.22,Poor
17216,0,0,0.0838,91.62,Excellent
17217,0,0,0.0676,93.24,Excellent
17218,0,0,0.0618,93.82,Excellent
17219,0,0,0.1439,85.61,Excellent
17220,1,1,0.9162,8.38,Critical
17221,1,1,0.6728,32.72,Poor
17222,0,0,0.0621,93.79,Excellent
17223,0,0,0.2502,74.98,Good
17224,1,1,0.9177,8.23,Critical
17225,0,0,0.1273,87.27,Excellent
17226,0,0,0.0998,90.02,Excellent
17227,0,0,0.0808,91.92,Excellent
17228,0,0,0.0974,90.26,Excellent
17229,1,1,0.9764,2.36,Critical
17230,1,1,0.9009,9.91,Critical
17231,1,1,0.9424,5.76,Critical
17232,0,0,0.4746,52.54,Fair
17233,1,0,0.4401,55.99,Fair
17234,1,1,0.9128,8.72,Critical
17235,0,0,0.1767,82.33,Excellent
17236,0,0,0.1032,89.68,Excellent
17237,1,1,0.8857,11.43,Critical
17238,0,0,0.1541,84.59,Excellent
17239,0,0,0.1444,85.56,Excellent
17240,1,1,0.9296,7.04,Critical
17241,0,0,0.1285,87.15,Excellent
17242,1,1,0.9464,5.36,Critical
17243,0,0,0.17,83.0,Excellent
17244,1,1,0.6999,30.01,Poor
17245,0,0,0.0592,94.08,Excellent
17246,0,0,0.0522,94.78,Excellent
17247,1,1,0.661,33.9,Poor
17248,1,1,0.8504,14.96,Critical
17249,1,1,0.8032,19.68,Critical
17250,0,0,0.1678,83.22,Excellent
17251,1,1,0.7555,24.45,Poor
17252,0,0,0.0954,90.46,Excellent
17253,1,1,0.922,7.8,Critical
17254,0,0,0.1769,82.31,Excellent
17255,0,0,0.3981,60.19,Good
17256,0,0,0.1284,87.16,Excellent
17257,0,0,0.0415,95.85,Excellent
17258,1,1,0.808,19.2,Critical
17259,1,1,0.6079,39.21,Poor
17260,0,0,0.114,88.6,Excellent
17261,0,0,0.0754,92.46,Excellent
17262,1,1,0.6894,31.06,Poor
17263,1,1,0.9302,6.98,Critical
17264,1,1,0.6803,31.97,Poor
17265,0,0,0.0969,90.31,Excellent
17266,0,0,0.2229,77.71,Good
17267,1,1,0.9654,3.46,Critical
17268,1,1,0.9855,1.45,Critical
17269,0,0,0.1117,88.83,Excellent
17270,0,0,0.2503,74.97,Good
17271,0,0,0.1117,88.83,Excellent
17272,0,0,0.1011,89.89,Excellent
17273,0,0,0.3163,68.37,Good
17274,0,0,0.1525,84.75,Excellent
17275,1,1,0.6701,32.99,Poor
17276,0,0,0.1448,85.52,Excellent
17277,0,0,0.0739,92.61,Excellent
17278,1,1,0.8745,12.55,Critical
17279,1,1,0.8798,12.02,Critical
17280,1,1,0.9146,8.54,Critical
17281,1,1,0.9452,5.48,Critical
17282,1,1,0.9222,7.78,Critical
17283,0,0,0.1186,88.14,Excellent
17284,1,1,0.6191,38.09,Poor
17285,0,0,0.1878,81.22,Excellent
17286,1,1,0.7536,24.64,Poor
17287,0,0,0.0974,90.26,Excellent
17288,1,1,0.7819,21.81,Poor
17289,0,0,0.1941,80.59,Excellent
17290,0,0,0.3266,67.34,Good
17291,0,0,0.0803,91.97,Excellent
17292,1,1,0.6187,38.13,Poor
17293,1,1,0.6891,31.09,Poor
17294,0,0,0.3638,63.62,Good
17295,1,1,0.8647,13.53,Critical
17296,0,0,0.0873,91.27,Excellent
17297,1,1,0.873,12.7,Critical
17298,1,1,0.6204,37.96,Poor
17299,1,1,0.9526,4.74,Critical
17300,0,0,0.0811,91.89,Excellent
17301,1,1,0.8026,19.74,Critical
17302,0,0,0.2494,75.06,Good
17303,1,1,0.589,41.1,Fair
17304,1,1,0.8635,13.65,Critical
17305,0,0,0.1464,85.36,Excellent
17306,1,0,0.2805,71.95,Good
17307,0,0,0.3266,67.34,Good
17308,0,0,0.1307,86.93,Excellent
17309,0,0,0.1206,87.94,Excellent
17310,1,1,0.8658,13.42,Critical
17311,1,1,0.8752,12.48,Critical
17312,1,1,0.9889,1.11,Critical
17313,0,1,0.5685,43.15,Fair
17314,0,0,0.1046,89.54,Excellent
17315,1,1,0.7849,21.51,Poor
17316,1,1,0.8398,16.02,Critical
17317,1,1,0.6595,34.05,Poor
17318,0,0,0.0881,91.19,Excellent
17319,0,0,0.1681,83.19,Excellent
17320,0,0,0.1643,83.57,Excellent
17321,0,0,0.1058,89.42,Excellent
17322,1,1,0.9574,4.26,Critical
17323,1,1,0.9407,5.93,Critical
17324,1,1,0.8096,19.04,Critical
17325,1,1,0.9251,7.49,Critical
17326,1,1,0.8432,15.68,Critical
17327,0,0,0.1101,88.99,Excellent
17328,1,1,0.6998,30.02,Poor
17329,0,0,0.1727,82.73,Excellent
17330,0,0,0.0977,90.23,Excellent
17331,0,0,0.0769,92.31,Excellent
17332,1,1,0.8646,13.54,Critical
17333,0,0,0.2322,76.78,Good
17334,1,1,0.8207,17.93,Critical
17335,1,1,0.9037,9.63,Critical
17336,0,0,0.1258,87.42,Excellent
17337,1,1,0.5013,49.87,Fair
17338,0,0,0.1725,82.75,Excellent
17339,0,0,0.1418,85.82,Excellent
17340,1,1,0.905,9.5,Critical
17341,0,0,0.1847,81.53,Excellent
17342,1,1,0.8021,19.79,Critical
17343,1,1,0.7924,20.76,Poor
17344,1,1,0.8792,12.08,Critical
17345,1,1,0.5821,41.79,Fair
17346,1,1,0.8572,14.28,Critical
17347,1,1,0.854,14.6,Critical
17348,0,0,0.2212,77.88,Good
17349,0,0,0.1608,83.92,Excellent
17350,1,1,0.86,14.0,Critical
17351,1,1,0.9231,7.69,Critical
17352,0,0,0.1565,84.35,Excellent
17353,0,0,0.1886,81.14,Excellent
17354,0,0,0.2163,78.37,Good
17355,1,1,0.8388,16.12,Critical
17356,0,0,0.251,74.9,Good
17357,1,1,0.8987,10.13,Critical
17358,1,1,0.7788,22.12,Poor
17359,1,1,0.8875,11.25,Critical
17360,1,1,0.5377,46.23,Fair
17361,1,1,0.844,15.6,Critical
17362,0,0,0.0922,90.78,Excellent
17363,1,1,0.837,16.3,Critical
17364,1,1,0.83,17.0,Critical
17365,0,0,0.1807,81.93,Excellent
17366,1,1,0.857,14.3,Critical
17367,1,1,0.6944,30.56,Poor
17368,1,1,0.8615,13.85,Critical
17369,0,0,0.0673,93.27,Excellent
17370,0,0,0.1673,83.27,Excellent
17371,1,1,0.7872,21.28,Poor
17372,0,0,0.0695,93.05,Excellent
17373,1,1,0.8349,16.51,Critical
17374,1,1,0.662,33.8,Poor
17375,0,0,0.0768,92.32,Excellent
17376,0,0,0.1136,88.64,Excellent
17377,1,1,0.6969,30.31,Poor
17378,1,1,0.9496,5.04,Critical
17379,1,1,0.7726,22.74,Poor
17380,0,0,0.1826,81.74,Excellent
17381,1,1,0.8565,14.35,Critical
17382,0,0,0.2381,76.19,Good
17383,1,0,0.3286,67.14,Good
17384,1,1,0.9593,4.07,Critical
17385,0,0,0.1231,87.69,Excellent
17386,0,0,0.1106,88.94,Excellent
17387,0,0,0.1717,82.83,Excellent
17388,0,0,0.0711,92.89,Excellent
17389,0,0,0.1868,81.32,Excellent
17390,1,1,0.93,7.0,Critical
17391,1,1,0.9465,5.35,Critical
17392,0,0,0.129,87.1,Excellent
17393,0,0,0.1282,87.18,Excellent
17394,0,0,0.1192,88.08,Excellent
17395,0,0,0.242,75.8,Good
17396,0,0,0.0985,90.15,Excellent
17397,1,1,0.8528,14.72,Critical
17398,0,0,0.1389,86.11,Excellent
17399,1,1,0.9757,2.43,Critical
17400,0,0,0.0862,91.38,Excellent
17401,1,1,0.8615,13.85,Critical
17402,0,0,0.2279,77.21,Good
17403,1,1,0.9694,3.06,Critical
17404,1,1,0.6159,38.41,Poor
17405,1,1,0.8949,10.51,Critical
17406,0,0,0.227,77.3,Good
17407,0,0,0.356,64.4,Good
17408,0,0,0.068,93.2,Excellent
17409,1,1,0.8984,10.16,Critical
17410,0,0,0.144,85.6,Excellent
17411,1,1,0.9971,0.29,Critical
17412,1,1,0.9143,8.57,Critical
17413,0,0,0.201,79.9,Good
17414,1,1,0.9628,3.72,Critical
17415,0,0,0.0943,90.57,Excellent
17416,0,0,0.0441,95.59,Excellent
17417,0,0,0.0613,93.87,Excellent
17418,0,0,0.2215,77.85,Good
17419,1,0,0.3483,65.17,Good
17420,0,0,0.069,93.1,Excellent
17421,0,0,0.1032,89.68,Excellent
17422,1,1,0.6885,31.15,Poor
17423,1,1,0.8951,10.49,Critical
17424,0,0,0.1783,82.17,Excellent
17425,0,0,0.1163,88.37,Excellent
17426,0,0,0.3359,66.41,Good
17427,0,0,0.263,73.7,Good
17428,1,1,0.8192,18.08,Critical
17429,1,1,0.8401,15.99,Critical
17430,0,0,0.2608,73.92,Good
17431,1,1,0.9555,4.45,Critical
17432,1,1,0.7481,25.19,Poor
17433,0,0,0.18,82.0,Excellent
17434,1,1,0.6314,36.86,Poor
17435,0,0,0.2884,71.16,Good
17436,1,1,0.788,21.2,Poor
17437,1,1,0.8347,16.53,Critical
17438,1,1,0.9458,5.42,Critical
17439,1,1,0.897,10.3,Critical
17440,1,1,0.9185,8.15,Critical
17441,1,1,0.841,15.9,Critical
17442,1,1,0.9545,4.55,Critical
17443,0,0,0.081,91.9,Excellent
17444,1,1,0.9922,0.78,Critical
17445,1,1,0.9094,9.06,Critical
17446,1,1,0.8782,12.18,Critical
17447,0,0,0.1863,81.37,Excellent
17448,1,1,0.6426,35.74,Poor
17449,0,0,0.0922,90.78,Excellent
17450,0,0,0.1946,80.54,Excellent
17451,0,0,0.1829,81.71,Excellent
17452,0,0,0.3107,68.93,Good
17453,1,1,0.9351,6.49,Critical
17454,1,1,0.6695,33.05,Poor
17455,0,0,0.0675,93.25,Excellent
17456,1,1,0.8758,12.42,Critical
17457,1,1,0.8277,17.23,Critical
17458,1,1,0.9206,7.94,Critical
17459,0,0,0.1096,89.04,Excellent
17460,0,0,0.1218,87.82,Excellent
17461,0,0,0.1033,89.67,Excellent
17462,1,1,0.7855,21.45,Poor
17463,1,1,0.7382,26.18,Poor
17464,1,1,0.5917,40.83,Fair
17465,0,0,0.2793,72.07,Good
17466,0,0,0.3333,66.67,Good
17467,1,1,0.8751,12.49,Critical
17468,1,1,0.96,4.0,Critical
17469,1,1,0.9137,8.63,Critical
17470,1,1,0.9412,5.88,Critical
17471,1,1,0.9273,7.27,Critical
17472,0,0,0.2117,78.83,Good
17473,0,0,0.0687,93.13,Excellent
17474,1,1,0.8708,12.92,Critical
17475,1,0,0.3377,66.23,Good
17476,0,0,0.327,67.3,Good
17477,1,1,0.8636,13.64,Critical
17478,1,1,0.8558,14.42,Critical
17479,0,0,0.095,90.5,Excellent
17480,0,0,0.1508,84.92,Excellent
17481,0,0,0.073,92.7,Excellent
17482,1,1,0.987,1.3,Critical
17483,0,0,0.228,77.2,Good
17484,0,0,0.2195,78.05,Good
17485,0,0,0.121,87.9,Excellent
17486,0,0,0.3064,69.36,Good
17487,1,1,0.9103,8.97,Critical
17488,0,0,0.0705,92.95,Excellent
17489,0,0,0.118,88.2,Excellent
17490,1,1,0.8702,12.98,Critical
17491,0,0,0.1956,80.44,Excellent
17492,0,0,0.0837,91.63,Excellent
17493,1,1,0.8754,12.46,Critical
17494,0,0,0.3394,66.06,Good
17495,0,0,0.1486,85.14,Excellent
17496,1,1,0.9102,8.98,Critical
17497,0,0,0.1466,85.34,Excellent
17498,1,1,0.7354,26.46,Poor
17499,0,0,0.2752,72.48,Good
17500,0,0,0.117,88.3,Excellent
17501,1,1,0.7431,25.69,Poor
17502,0,0,0.2629,73.71,Good
17503,1,1,0.8058,19.42,Critical
17504,0,0,0.1574,84.26,Excellent
17505,1,1,0.8926,10.74,Critical
17506,0,0,0.0419,95.81,Excellent
17507,0,0,0.0706,92.94,Excellent
17508,1,1,0.9213,7.87,Critical
17509,0,0,0.2915,70.85,Good
17510,1,1,0.8024,19.76,Critical
17511,1,1,0.7592,24.08,Poor
17512,0,0,0.1895,81.05,Excellent
17513,0,0,0.1074,89.26,Excellent
17514,0,0,0.151,84.9,Excellent
17515,0,0,0.282,71.8,Good
17516,1,1,0.978,2.2,Critical
17517,1,1,0.6677,33.23,Poor
17518,1,1,0.8452,15.48,Critical
17519,0,0,0.3017,69.83,Good
17520,0,0,0.1452,85.48,Excellent
17521,0,0,0.0913,90.87,Excellent
17522,1,1,0.8694,13.06,Critical
17523,0,0,0.1176,88.24,Excellent
17524,1,1,0.9014,9.86,Critical
17525,1,1,0.8469,15.31,Critical
17526,0,0,0.1646,83.54,Excellent
17527,1,1,0.8546,14.54,Critical
17528,1,0,0.4427,55.73,Fair
17529,0,0,0.3689,63.11,Good
17530,0,0,0.113,88.7,Excellent
17531,0,0,0.0664,93.36,Excellent
17532,0,0,0.11,89.0,Excellent
17533,1,1,0.9102,8.98,Critical
17534,0,0,0.3601,63.99,Good
17535,0,0,0.1082,89.18,Excellent
17536,1,1,0.9005,9.95,Critical
17537,0,0,0.1829,81.71,Excellent
17538,1,1,0.9569,4.31,Critical
17539,1,1,0.5029,49.71,Fair
17540,0,0,0.1818,81.82,Excellent
17541,0,0,0.1698,83.02,Excellent
17542,1,1,0.6066,39.34,Poor
17543,1,1,0.9515,4.85,Critical
17544,0,0,0.1289,87.11,Excellent
17545,0,0,0.0705,92.95,Excellent
17546,1,1,0.8848,11.52,Critical
17547,1,1,0.886,11.4,Critical
17548,1,1,0.5386,46.14,Fair
17549,0,0,0.0419,95.81,Excellent
17550,1,1,0.9055,9.45,Critical
17551,0,0,0.0906,90.94,Excellent
17552,0,0,0.0868,91.32,Excellent
17553,0,0,0.2292,77.08,Good
17554,1,1,0.9257,7.43,Critical
17555,0,0,0.0863,91.37,Excellent
17556,1,1,0.9773,2.27,Critical
17557,1,1,0.9337,6.63,Critical
17558,1,1,0.828,17.2,Critical
17559,0,0,0.0666,93.34,Excellent
17560,0,0,0.0835,91.65,Excellent
17561,0,0,0.0405,95.95,Excellent
17562,0,0,0.3658,63.42,Good
17563,0,0,0.0896,91.04,Excellent
17564,0,0,0.034,96.6,Excellent
17565,1,1,0.856,14.4,Critical
17566,0,0,0.0642,93.58,Excellent
17567,1,1,0.8,20.0,Critical
17568,0,0,0.1114,88.86,Excellent
17569,1,1,0.8679,13.21,Critical
17570,0,0,0.1059,89.41,Excellent
17571,0,0,0.0725,92.75,Excellent
17572,0,0,0.0754,92.46,Excellent
17573,1,1,0.5298,47.02,Fair
17574,1,1,0.9087,9.13,Critical
17575,1,1,0.8132,18.68,Critical
17576,1,1,0.912,8.8,Critical
17577,1,1,0.9866,1.34,Critical
17578,0,0,0.091,90.9,Excellent
17579,1,1,0.8047,19.53,Critical
17580,1,1,0.8387,16.13,Critical
17581,0,0,0.1248,87.52,Excellent
17582,1,1,0.9449,5.51,Critical
17583,1,1,0.7224,27.76,Poor
17584,1,1,0.8754,12.46,Critical
17585,0,0,0.3769,62.31,Good
17586,1,1,0.7824,21.76,Poor
17587,1,1,0.8973,10.27,Critical
17588,1,1,0.562,43.8,Fair
17589,0,0,0.3362,66.38,Good
17590,0,0,0.3414,65.86,Good
17591,1,1,0.73,27.0,Poor
17592,0,0,0.1926,80.74,Excellent
17593,0,0,0.0591,94.09,Excellent
17594,0,0,0.0806,91.94,Excellent
17595,1,1,0.9236,7.64,Critical
17596,0,0,0.2402,75.98,Good
17597,0,0,0.2369,76.31,Good
17598,1,1,0.8393,16.07,Critical
17599,1,1,0.8779,12.21,Critical
17600,0,0,0.1893,81.07,Excellent
17601,0,0,0.0451,95.49,Excellent
17602,1,1,0.8641,13.59,Critical
17603,1,0,0.4896,51.04,Fair
17604,0,0,0.0618,93.82,Excellent
17605,1,1,0.962,3.8,Critical
17606,0,0,0.1118,88.82,Excellent
17607,1,1,0.6861,31.39,Poor
17608,0,0,0.1409,85.91,Excellent
17609,1,1,0.9304,6.96,Critical
17610,1,1,0.9489,5.11,Critical
17611,0,0,0.1174,88.26,Excellent
17612,0,0,0.1494,85.06,Excellent
17613,1,1,0.8986,10.14,Critical
17614,1,1,0.9269,7.31,Critical
17615,0,0,0.1283,87.17,Excellent
17616,0,0,0.2724,72.76,Good
17617,1,1,0.9319,6.81,Critical
17618,0,0,0.1014,89.86,Excellent
17619,0,0,0.0937,90.63,Excellent
17620,0,0,0.1909,80.91,Excellent
17621,1,1,0.7965,20.35,Poor
17622,0,0,0.1121,88.79,Excellent
17623,0,0,0.4958,50.42,Fair
17624,1,1,0.922,7.8,Critical
17625,1,1,0.923,7.7,Critical
17626,1,1,0.9085,9.15,Critical
17627,1,1,0.7196,28.04,Poor
17628,1,1,0.794,20.6,Poor
17629,1,1,0.8851,11.49,Critical
17630,1,1,0.5919,40.81,Fair
17631,0,0,0.1085,89.15,Excellent
17632,1,1,0.7114,28.86,Poor
17633,1,1,0.879,12.1,Critical
17634,1,1,0.8901,10.99,Critical
17635,0,0,0.1329,86.71,Excellent
17636,1,1,0.8509,14.91,Critical
17637,0,0,0.146,85.4,Excellent
17638,0,0,0.2401,75.99,Good
17639,0,0,0.2359,76.41,Good
17640,1,1,0.8788,12.12,Critical
17641,0,0,0.1397,86.03,Excellent
17642,1,1,0.9528,4.72,Critical
17643,1,1,0.9349,6.51,Critical
17644,1,1,0.7681,23.19,Poor
17645,0,0,0.1435,85.65,Excellent
17646,0,0,0.1138,88.62,Excellent
17647,1,1,0.5401,45.99,Fair
17648,1,1,0.9504,4.96,Critical
17649,0,0,0.0734,92.66,Excellent
17650,1,1,0.7826,21.74,Poor
17651,1,1,0.7705,22.95,Poor
17652,1,1,0.7945,20.55,Poor
17653,0,0,0.0858,91.42,Excellent
17654,0,0,0.1161,88.39,Excellent
17655,0,0,0.1778,82.22,Excellent
17656,1,1,0.875,12.5,Critical
17657,1,1,0.7715,22.85,Poor
17658,1,1,0.7291,27.09,Poor
17659,0,0,0.1791,82.09,Excellent
17660,1,1,0.9438,5.62,Critical
17661,1,1,0.516,48.4,Fair
17662,0,0,0.0984,90.16,Excellent
17663,1,1,0.6827,31.73,Poor
17664,1,1,0.8898,11.02,Critical
17665,0,0,0.115,88.5,Excellent
17666,0,0,0.1346,86.54,Excellent
17667,1,1,0.9553,4.47,Critical
17668,0,0,0.0825,91.75,Excellent
17669,0,0,0.2184,78.16,Good
17670,1,1,0.7979,20.21,Poor
17671,0,0,0.1287,87.13,Excellent
17672,1,1,0.7789,22.11,Poor
17673,0,0,0.172,82.8,Excellent
17674,0,0,0.2275,77.25,Good
17675,0,0,0.496,50.4,Fair
17676,0,0,0.1149,88.51,Excellent
17677,0,0,0.218,78.2,Good
17678,0,0,0.0845,91.55,Excellent
17679,1,1,0.8983,10.17,Critical
17680,1,0,0.3825,61.75,Good
17681,1,1,0.8149,18.51,Critical
17682,1,1,0.8275,17.25,Critical
17683,1,1,0.8781,12.19,Critical
17684,1,1,0.9122,8.78,Critical
17685,1,1,0.8176,18.24,Critical
17686,1,1,0.6868,31.32,Poor
17687,0,0,0.2084,79.16,Good
17688,0,0,0.2612,73.88,Good
17689,1,1,0.892,10.8,Critical
17690,1,1,0.8414,15.86,Critical
17691,1,1,0.6636,33.64,Poor
17692,0,0,0.1747,82.53,Excellent
17693,1,1,0.8597,14.03,Critical
17694,0,0,0.3654,63.46,Good
17695,1,1,0.8426,15.74,Critical
17696,0,0,0.1753,82.47,Excellent
17697,0,0,0.1336,86.64,Excellent
17698,0,0,0.2425,75.75,Good
17699,1,1,0.9007,9.93,Critical
17700,1,1,0.973,2.7,Critical
17701,1,1,0.7644,23.56,Poor
17702,0,0,0.0678,93.22,Excellent
17703,1,1,0.95,5.0,Critical
17704,1,0,0.3987,60.13,Good
17705,0,0,0.1457,85.43,Excellent
17706,0,0,0.1842,81.58,Excellent
17707,1,1,0.9174,8.26,Critical
17708,0,0,0.1691,83.09,Excellent
17709,0,0,0.3364,66.36,Good
17710,0,0,0.0624,93.76,Excellent
17711,0,0,0.2344,76.56,Good
17712,1,1,0.6663,33.37,Poor
17713,1,1,0.9425,5.75,Critical
17714,0,0,0.0838,91.62,Excellent
17715,1,1,0.8812,11.88,Critical
17716,0,0,0.2557,74.43,Good
17717,0,0,0.2217,77.83,Good
17718,0,0,0.1015,89.85,Excellent
17719,1,1,0.9776,2.24,Critical
17720,1,1,0.6373,36.27,Poor
17721,0,0,0.2007,79.93,Good
17722,1,1,0.8848,11.52,Critical
17723,0,0,0.165,83.5,Excellent
17724,1,1,0.9187,8.13,Critical
17725,0,0,0.0668,93.32,Excellent
17726,0,0,0.2056,79.44,Good
17727,1,1,0.9586,4.14,Critical
17728,0,0,0.2774,72.26,Good
17729,1,1,0.8844,11.56,Critical
17730,0,0,0.1187,88.13,Excellent
17731,0,0,0.1477,85.23,Excellent
17732,1,1,0.8944,10.56,Critical
17733,0,0,0.173,82.7,Excellent
17734,0,0,0.2018,79.82,Good
17735,0,0,0.0859,91.41,Excellent
17736,0,0,0.104,89.6,Excellent
17737,0,0,0.167,83.3,Excellent
17738,1,1,0.9312,6.88,Critical
17739,1,1,0.9229,7.71,Critical
17740,1,1,0.7434,25.66,Poor
17741,1,1,0.7966,20.34,Poor
17742,0,0,0.1348,86.52,Excellent
17743,1,1,0.7349,26.51,Poor
17744,1,1,0.8356,16.44,Critical
17745,0,0,0.2322,76.78,Good
17746,1,1,0.7956,20.44,Poor
17747,1,1,0.7425,25.75,Poor
17748,1,1,0.6543,34.57,Poor
17749,0,0,0.103,89.7,Excellent
17750,0,0,0.262,73.8,Good
17751,0,0,0.0649,93.51,Excellent
17752,1,1,0.8313,16.87,Critical
17753,1,1,0.9184,8.16,Critical
17754,0,0,0.2404,75.96,Good
17755,0,0,0.1589,84.11,Excellent
17756,0,0,0.3435,65.65,Good
17757,1,1,0.8554,14.46,Critical
17758,1,1,0.9018,9.82,Critical
17759,0,0,0.152,84.8,Excellent
17760,1,1,0.9449,5.51,Critical
17761,1,1,0.9587,4.13,Critical
17762,0,0,0.1532,84.68,Excellent
17763,0,0,0.1103,88.97,Excellent
17764,1,1,0.8031,19.69,Critical
17765,1,0,0.4744,52.56,Fair
17766,1,1,0.7829,21.71,Poor
17767,1,1,0.9043,9.57,Critical
17768,1,1,0.8916,10.84,Critical
17769,0,0,0.2709,72.91,Good
17770,0,0,0.1619,83.81,Excellent
17771,0,0,0.3138,68.62,Good
17772,1,1,0.5762,42.38,Fair
17773,0,0,0.108,89.2,Excellent
17774,0,0,0.1215,87.85,Excellent
17775,0,0,0.4884,51.16,Fair
17776,0,0,0.3015,69.85,Good
17777,1,1,0.8612,13.88,Critical
17778,1,1,0.9474,5.26,Critical
17779,0,0,0.0741,92.59,Excellent
17780,0,0,0.1458,85.42,Excellent
17781,1,1,0.8285,17.15,Critical
17782,0,0,0.3145,68.55,Good
17783,0,0,0.046,95.4,Excellent
17784,0,0,0.1546,84.54,Excellent
17785,0,0,0.3114,68.86,Good
17786,1,0,0.4274,57.26,Fair
17787,1,1,0.9313,6.87,Critical
17788,0,0,0.1794,82.06,Excellent
17789,0,0,0.1456,85.44,Excellent
17790,0,0,0.1855,81.45,Excellent
17791,0,0,0.0451,95.49,Excellent
17792,1,1,0.8709,12.91,Critical
17793,0,0,0.1481,85.19,Excellent
17794,1,1,0.9178,8.22,Critical
17795,0,0,0.187,81.3,Excellent
17796,1,1,0.8818,11.82,Critical
17797,0,0,0.1186,88.14,Excellent
17798,0,0,0.1127,88.73,Excellent
17799,1,1,0.9255,7.45,Critical
17800,1,0,0.3321,66.79,Good
17801,1,1,0.9364,6.36,Critical
17802,0,0,0.1285,87.15,Excellent
17803,1,1,0.8644,13.56,Critical
17804,0,0,0.204,79.6,Good
17805,1,1,0.9659,3.41,Critical
17806,1,1,0.6609,33.91,Poor
17807,1,0,0.4192,58.08,Fair
17808,0,0,0.0902,90.98,Excellent
17809,1,1,0.9853,1.47,Critical
17810,0,0,0.121,87.9,Excellent
17811,0,0,0.1909,80.91,Excellent
17812,0,0,0.3942,60.58,Good
17813,1,1,0.7888,21.12,Poor
17814,1,1,0.9892,1.08,Critical
17815,1,1,0.8423,15.77,Critical
17816,0,0,0.2271,77.29,Good
17817,1,1,0.9207,7.93,Critical
17818,0,0,0.2906,70.94,Good
17819,0,0,0.1815,81.85,Excellent
17820,1,1,0.7616,23.84,Poor
17821,1,1,0.9011,9.89,Critical
17822,1,1,0.9458,5.42,Critical
17823,0,0,0.1423,85.77,Excellent
17824,0,0,0.217,78.3,Good
17825,0,0,0.0622,93.78,Excellent
17826,0,0,0.0717,92.83,Excellent
17827,0,0,0.0393,96.07,Excellent
17828,1,1,0.59,41.0,Fair
17829,1,0,0.471,52.9,Fair
17830,1,1,0.8609,13.91,Critical
17831,0,0,0.0649,93.51,Excellent
17832,1,1,0.941,5.9,Critical
17833,1,1,0.9194,8.06,Critical
17834,0,0,0.1635,83.65,Excellent
17835,0,0,0.1468,85.32,Excellent
17836,0,0,0.1615,83.85,Excellent
17837,0,0,0.1666,83.34,Excellent
17838,1,1,0.8926,10.74,Critical
17839,0,0,0.046,95.4,Excellent
17840,1,1,0.9942,0.58,Critical
17841,0,0,0.1553,84.47,Excellent
17842,0,0,0.0607,93.93,Excellent
17843,0,0,0.1413,85.87,Excellent
17844,0,0,0.053,94.7,Excellent
17845,1,1,0.7912,20.88,Poor
17846,1,1,0.8631,13.69,Critical
17847,1,1,0.9652,3.48,Critical
17848,0,0,0.1876,81.24,Excellent
17849,0,0,0.0777,92.23,Excellent
17850,1,1,0.8386,16.14,Critical
17851,0,0,0.1334,86.66,Excellent
17852,0,0,0.1702,82.98,Excellent
17853,0,0,0.1406,85.94,Excellent
17854,0,0,0.0943,90.57,Excellent
17855,0,0,0.1574,84.26,Excellent
17856,0,0,0.245,75.5,Good
17857,0,0,0.1015,89.85,Excellent
17858,1,1,0.6127,38.73,Poor
17859,0,0,0.1006,89.94,Excellent
17860,0,0,0.1102,88.98,Excellent
17861,0,0,0.1769,82.31,Excellent
17862,0,0,0.072,92.8,Excellent
17863,1,1,0.9288,7.12,Critical
17864,0,0,0.1175,88.25,Excellent
17865,1,1,0.8655,13.45,Critical
17866,1,1,0.773,22.7,Poor
17867,1,1,0.8131,18.69,Critical
17868,1,1,0.8296,17.04,Critical
17869,0,0,0.2119,78.81,Good
17870,1,1,0.9,10.0,Critical
17871,0,0,0.143,85.7,Excellent
17872,0,0,0.23,77.0,Good
17873,0,0,0.1497,85.03,Excellent
17874,0,0,0.0693,93.07,Excellent
17875,0,0,0.1877,81.23,Excellent
17876,1,1,0.7113,28.87,Poor
17877,1,1,0.873,12.7,Critical
17878,0,0,0.21,79.0,Good
17879,0,0,0.09,91.0,Excellent
17880,0,0,0.0402,95.98,Excellent
17881,0,0,0.0865,91.35,Excellent
17882,1,1,0.9537,4.63,Critical
17883,0,0,0.2131,78.69,Good
17884,1,1,0.8964,10.36,Critical
17885,1,1,0.8227,17.73,Critical
17886,1,1,0.6643,33.57,Poor
17887,1,1,0.8103,18.97,Critical
17888,0,0,0.2826,71.74,Good
17889,1,1,0.7571,24.29,Poor
17890,0,0,0.1093,89.07,Excellent
17891,1,0,0.4964,50.36,Fair
17892,0,0,0.065,93.5,Excellent
17893,0,0,0.0862,91.38,Excellent
17894,1,1,0.7866,21.34,Poor
17895,1,1,0.6164,38.36,Poor
17896,1,1,0.906,9.4,Critical
17897,1,1,0.7062,29.38,Poor
17898,1,1,0.9327,6.73,Critical
17899,1,1,0.9915,0.85,Critical
17900,1,1,0.8814,11.86,Critical
17901,1,1,0.8755,12.45,Critical
17902,0,0,0.0707,92.93,Excellent
17903,1,1,0.8998,10.02,Critical
17904,1,1,0.8832,11.68,Critical
17905,1,1,0.9654,3.46,Critical
17906,0,0,0.108,89.2,Excellent
17907,0,0,0.4192,58.08,Fair
17908,1,1,0.805,19.5,Critical
17909,0,0,0.1927,80.73,Excellent
17910,0,0,0.2464,75.36,Good
17911,0,0,0.1888,81.12,Excellent
17912,0,0,0.0909,90.91,Excellent
17913,0,0,0.3308,66.92,Good
17914,1,1,0.9806,1.94,Critical
17915,1,1,0.9518,4.82,Critical
17916,1,1,0.87,13.0,Critical
17917,1,1,0.8405,15.95,Critical
17918,1,1,0.9539,4.61,Critical
17919,0,0,0.184,81.6,Excellent
17920,1,1,0.9743,2.57,Critical
17921,1,1,0.9852,1.48,Critical
17922,1,1,0.8406,15.94,Critical
17923,0,0,0.44,56.0,Fair
17924,1,1,0.9454,5.46,Critical
17925,1,1,0.8683,13.17,Critical
17926,1,1,0.8529,14.71,Critical
17927,1,1,0.8534,14.66,Critical
17928,1,1,0.9401,5.99,Critical
17929,1,1,0.8755,12.45,Critical
17930,0,0,0.1335,86.65,Excellent
17931,0,0,0.0954,90.46,Excellent
17932,0,0,0.2662,73.38,Good
17933,0,0,0.0544,94.56,Excellent
17934,0,0,0.0638,93.62,Excellent
17935,1,1,0.9113,8.87,Critical
17936,1,1,0.9266,7.34,Critical
17937,1,1,0.7473,25.27,Poor
17938,0,0,0.3133,68.67,Good
17939,1,1,0.8798,12.02,Critical
17940,1,1,0.8643,13.57,Critical
17941,1,1,0.8476,15.24,Critical
17942,0,0,0.1948,80.52,Excellent
17943,0,0,0.2123,78.77,Good
17944,0,0,0.0975,90.25,Excellent
17945,0,0,0.1342,86.58,Excellent
17946,0,0,0.0999,90.01,Excellent
17947,0,0,0.0998,90.02,Excellent
17948,1,1,0.9347,6.53,Critical
17949,1,1,0.5196,48.04,Fair
17950,1,1,0.9175,8.25,Critical
17951,1,1,0.9552,4.48,Critical
17952,0,0,0.3288,67.12,Good
17953,0,0,0.4398,56.02,Fair
17954,0,0,0.1377,86.23,Excellent
17955,0,0,0.043,95.7,Excellent
17956,1,1,0.8783,12.17,Critical
17957,0,0,0.1871,81.29,Excellent
17958,1,1,0.9784,2.16,Critical
17959,1,1,0.9335,6.65,Critical
17960,0,0,0.2055,79.45,Good
17961,0,0,0.0617,93.83,Excellent
17962,1,1,0.5911,40.89,Fair
17963,1,1,0.9523,4.77,Critical
17964,0,0,0.2237,77.63,Good
17965,1,1,0.9341,6.59,Critical
17966,1,1,0.7739,22.61,Poor
17967,1,1,0.7581,24.19,Poor
17968,1,1,0.9061,9.39,Critical
17969,0,0,0.0382,96.18,Excellent
17970,0,0,0.129,87.1,Excellent
17971,1,1,0.8535,14.65,Critical
17972,0,0,0.2767,72.33,Good
17973,0,0,0.0834,91.66,Excellent
17974,1,1,0.9717,2.83,Critical
17975,0,0,0.2266,77.34,Good
17976,0,0,0.0868,91.32,Excellent
17977,0,0,0.0602,93.98,Excellent
17978,1,1,0.9225,7.75,Critical
17979,0,0,0.1131,88.69,Excellent
17980,0,0,0.1047,89.53,Excellent
17981,1,1,0.8566,14.34,Critical
17982,1,1,0.9277,7.23,Critical
17983,1,1,0.8391,16.09,Critical
17984,1,1,0.9405,5.95,Critical
17985,1,1,0.8891,11.09,Critical
17986,1,1,0.9082,9.18,Critical
17987,1,1,0.8192,18.08,Critical
17988,1,1,0.8956,10.44,Critical
17989,1,1,0.857,14.3,Critical
17990,1,1,0.7087,29.13,Poor
17991,0,0,0.2047,79.53,Good
17992,0,0,0.1561,84.39,Excellent
17993,1,1,0.9783,2.17,Critical
17994,1,1,0.7951,20.49,Poor
17995,1,1,0.5857,41.43,Fair
17996,0,0,0.1948,80.52,Excellent
17997,1,1,0.8776,12.24,Critical
17998,1,1,0.9231,7.69,Critical
17999,1,0,0.4091,59.09,Fair
18000,1,1,0.9167,8.33,Critical
18001,1,1,0.6055,39.45,Poor
18002,0,0,0.0919,90.81,Excellent
18003,0,0,0.4435,55.65,Fair
18004,0,0,0.2659,73.41,Good
18005,1,1,0.8465,15.35,Critical
18006,1,1,0.6968,30.32,Poor
18007,0,0,0.0658,93.42,Excellent
18008,0,0,0.0395,96.05,Excellent
18009,0,0,0.2186,78.14,Good
18010,1,1,0.5942,40.58,Fair
18011,0,0,0.0702,92.98,Excellent
18012,1,1,0.8543,14.57,Critical
18013,1,1,0.8749,12.51,Critical
18014,1,1,0.8917,10.83,Critical
18015,1,1,0.8847,11.53,Critical
18016,1,1,0.8391,16.09,Critical
18017,1,1,0.9158,8.42,Critical
18018,1,1,0.7985,20.15,Poor
18019,0,0,0.1011,89.89,Excellent
18020,1,1,0.9632,3.68,Critical
18021,1,1,0.9478,5.22,Critical
18022,1,1,0.8667,13.33,Critical
18023,1,1,0.9804,1.96,Critical
18024,0,0,0.1631,83.69,Excellent
18025,1,1,0.7255,27.45,Poor
18026,0,0,0.0451,95.49,Excellent
18027,1,1,0.9649,3.51,Critical
18028,0,0,0.1572,84.28,Excellent
18029,1,1,0.8962,10.38,Critical
18030,0,0,0.0476,95.24,Excellent
18031,1,1,0.8443,15.57,Critical
18032,1,1,0.9009,9.91,Critical
18033,1,1,0.93,7.0,Critical
18034,0,0,0.1591,84.09,Excellent
18035,0,0,0.069,93.1,Excellent
18036,1,1,0.8164,18.36,Critical
18037,0,0,0.2894,71.06,Good
18038,0,0,0.1662,83.38,Excellent
18039,1,1,0.814,18.6,Critical
18040,0,0,0.1866,81.34,Excellent
18041,0,0,0.1595,84.05,Excellent
18042,0,0,0.2187,78.13,Good
18043,1,1,0.7084,29.16,Poor
18044,0,0,0.0635,93.65,Excellent
18045,0,0,0.2763,72.37,Good
18046,1,1,0.7856,21.44,Poor
18047,1,1,0.8836,11.64,Critical
18048,1,1,0.9,10.0,Critical
18049,1,1,0.8641,13.59,Critical
18050,1,1,0.795,20.5,Poor
18051,0,0,0.1105,88.95,Excellent
18052,0,0,0.3316,66.84,Good
18053,1,1,0.764,23.6,Poor
18054,0,0,0.0537,94.63,Excellent
18055,1,1,0.9191,8.09,Critical
18056,1,1,0.5242,47.58,Fair
18057,1,1,0.9463,5.37,Critical
18058,1,1,0.8945,10.55,Critical
18059,0,0,0.3984,60.16,Good
18060,0,0,0.0582,94.18,Excellent
18061,0,0,0.1474,85.26,Excellent
18062,0,0,0.2095,79.05,Good
18063,1,1,0.9271,7.29,Critical
18064,1,1,0.5903,40.97,Fair
18065,1,1,0.8496,15.04,Critical
18066,0,0,0.2358,76.42,Good
18067,0,0,0.0725,92.75,Excellent
18068,1,1,0.803,19.7,Critical
18069,1,1,0.8817,11.83,Critical
18070,0,0,0.0764,92.36,Excellent
18071,0,0,0.223,77.7,Good
18072,1,1,0.7195,28.05,Poor
18073,0,0,0.1103,88.97,Excellent
18074,0,0,0.0599,94.01,Excellent
18075,0,0,0.093,90.7,Excellent
18076,1,1,0.9403,5.97,Critical
18077,1,1,0.8164,18.36,Critical
18078,1,1,0.9908,0.92,Critical
18079,1,1,0.8157,18.43,Critical
18080,1,1,0.8882,11.18,Critical
18081,0,0,0.1367,86.33,Excellent
18082,0,0,0.2527,74.73,Good
18083,1,1,0.8996,10.04,Critical
18084,0,0,0.1467,85.33,Excellent
18085,0,0,0.2049,79.51,Good
18086,0,0,0.1027,89.73,Excellent
18087,1,1,0.7917,20.83,Poor
18088,1,1,0.9276,7.24,Critical
18089,0,0,0.1769,82.31,Excellent
18090,0,0,0.1845,81.55,Excellent
18091,1,1,0.7885,21.15,Poor
18092,0,0,0.1086,89.14,Excellent
18093,0,0,0.141,85.9,Excellent
18094,0,0,0.2013,79.87,Good
18095,1,1,0.8572,14.28,Critical
18096,0,0,0.099,90.1,Excellent
18097,0,0,0.1373,86.27,Excellent
18098,1,1,0.6058,39.42,Poor
18099,0,0,0.1216,87.84,Excellent
18100,1,1,0.7459,25.41,Poor
18101,0,0,0.1252,87.48,Excellent
18102,0,0,0.0783,92.17,Excellent
18103,0,0,0.2159,78.41,Good
18104,1,1,0.9264,7.36,Critical
18105,0,0,0.263,73.7,Good
18106,1,1,0.8127,18.73,Critical
18107,1,1,0.9554,4.46,Critical
18108,1,1,0.5372,46.28,Fair
18109,0,0,0.1575,84.25,Excellent
18110,1,1,0.9129,8.71,Critical
18111,1,1,0.9418,5.82,Critical
18112,1,1,0.9109,8.91,Critical
18113,0,0,0.1244,87.56,Excellent
18114,0,0,0.1245,87.55,Excellent
18115,0,0,0.0271,97.29,Excellent
18116,0,0,0.1813,81.87,Excellent
18117,0,0,0.1378,86.22,Excellent
18118,1,1,0.6044,39.56,Poor
18119,0,0,0.0695,93.05,Excellent
18120,0,0,0.2186,78.14,Good
18121,1,1,0.8157,18.43,Critical
18122,0,0,0.0816,91.84,Excellent
18123,0,0,0.0554,94.46,Excellent
18124,1,1,0.9734,2.66,Critical
18125,1,1,0.9428,5.72,Critical
18126,0,0,0.1745,82.55,Excellent
18127,1,1,0.9008,9.92,Critical
18128,0,0,0.2363,76.37,Good
18129,0,0,0.2787,72.13,Good
18130,0,0,0.2494,75.06,Good
18131,0,0,0.089,91.1,Excellent
18132,1,1,0.9426,5.74,Critical
18133,1,1,0.7483,25.17,Poor
18134,1,1,0.6335,36.65,Poor
18135,0,0,0.11,89.0,Excellent
18136,1,1,0.8114,18.86,Critical
18137,0,0,0.0674,93.26,Excellent
18138,0,0,0.2104,78.96,Good
18139,1,1,0.9331,6.69,Critical
18140,0,0,0.1213,87.87,Excellent
18141,0,0,0.1411,85.89,Excellent
18142,1,1,0.9757,2.43,Critical
18143,0,0,0.2219,77.81,Good
18144,0,0,0.0479,95.21,Excellent
18145,1,0,0.4149,58.51,Fair
18146,0,0,0.19,81.0,Excellent
18147,0,0,0.4183,58.17,Fair
18148,1,1,0.5574,44.26,Fair
18149,1,1,0.9297,7.03,Critical
18150,1,1,0.5835,41.65,Fair
18151,0,0,0.359,64.1,Good
18152,0,0,0.2847,71.53,Good
18153,0,0,0.0576,94.24,Excellent
18154,0,0,0.1389,86.11,Excellent
18155,0,0,0.0732,92.68,Excellent
18156,0,0,0.2713,72.87,Good
18157,1,1,0.8845,11.55,Critical
18158,1,1,0.7156,28.44,Poor
18159,1,1,0.8071,19.29,Critical
18160,1,1,0.7354,26.46,Poor
18161,1,1,0.8558,14.42,Critical
18162,1,1,0.9663,3.37,Critical
18163,0,0,0.1124,88.76,Excellent
18164,1,1,0.9642,3.58,Critical
18165,1,1,0.8846,11.54,Critical
18166,1,1,0.8261,17.39,Critical
18167,1,1,0.9533,4.67,Critical
18168,1,1,0.8215,17.85,Critical
18169,1,1,0.8472,15.28,Critical
18170,1,1,0.8429,15.71,Critical
18171,0,0,0.457,54.3,Fair
18172,0,0,0.2154,78.46,Good
18173,1,1,0.7964,20.36,Poor
18174,1,1,0.793,20.7,Poor
18175,0,0,0.1327,86.73,Excellent
18176,1,0,0.3181,68.19,Good
18177,1,1,0.9366,6.34,Critical
18178,0,0,0.1663,83.37,Excellent
18179,0,0,0.2044,79.56,Good
18180,1,1,0.8237,17.63,Critical
18181,0,0,0.1209,87.91,Excellent
18182,0,0,0.2648,73.52,Good
18183,1,1,0.9104,8.96,Critical
18184,0,0,0.1084,89.16,Excellent
18185,0,0,0.1395,86.05,Excellent
18186,1,1,0.9685,3.15,Critical
18187,1,1,0.919,8.1,Critical
18188,1,1,0.9605,3.95,Critical
18189,1,1,0.8863,11.37,Critical
18190,1,1,0.8855,11.45,Critical
18191,1,1,0.9352,6.48,Critical
18192,1,1,0.9797,2.03,Critical
18193,1,1,0.8555,14.45,Critical
18194,0,0,0.1906,80.94,Excellent
18195,1,1,0.7739,22.61,Poor
18196,0,0,0.4186,58.14,Fair
18197,1,1,0.5792,42.08,Fair
18198,1,1,0.7691,23.09,Poor
18199,1,1,0.7237,27.63,Poor
18200,0,0,0.0669,93.31,Excellent
18201,1,1,0.805,19.5,Critical
18202,0,0,0.2644,73.56,Good
18203,0,0,0.1346,86.54,Excellent
18204,1,0,0.3693,63.07,Good
18205,1,1,0.906,9.4,Critical
18206,0,0,0.0989,90.11,Excellent
18207,1,1,0.942,5.8,Critical
18208,1,1,0.9025,9.75,Critical
18209,0,0,0.1172,88.28,Excellent
18210,1,1,0.9098,9.02,Critical
18211,0,0,0.1258,87.42,Excellent
18212,0,0,0.1192,88.08,Excellent
18213,1,1,0.6629,33.71,Poor
18214,1,1,0.9028,9.72,Critical
18215,1,1,0.8948,10.52,Critical
18216,0,0,0.1488,85.12,Excellent
18217,1,1,0.7902,20.98,Poor
18218,1,1,0.9782,2.18,Critical
18219,0,0,0.1071,89.29,Excellent
18220,0,0,0.1382,86.18,Excellent
18221,0,0,0.1224,87.76,Excellent
18222,0,0,0.1731,82.69,Excellent
18223,0,1,0.54,46.0,Fair
18224,0,0,0.0908,90.92,Excellent
18225,0,0,0.0459,95.41,Excellent
18226,1,1,0.8072,19.28,Critical
18227,1,1,0.9396,6.04,Critical
18228,0,0,0.2869,71.31,Good
18229,0,0,0.1245,87.55,Excellent
18230,0,0,0.1328,86.72,Excellent
18231,1,1,0.8767,12.33,Critical
18232,1,1,0.9199,8.01,Critical
18233,0,0,0.3474,65.26,Good
18234,0,0,0.2488,75.12,Good
18235,1,1,0.8665,13.35,Critical
18236,0,0,0.1844,81.56,Excellent
18237,1,1,0.9063,9.37,Critical
18238,0,0,0.0888,91.12,Excellent
18239,0,0,0.0826,91.74,Excellent
18240,1,1,0.88,12.0,Critical
18241,1,1,0.6817,31.83,Poor
18242,0,0,0.224,77.6,Good
18243,0,0,0.1291,87.09,Excellent
18244,0,0,0.2411,75.89,Good
18245,0,0,0.2058,79.42,Good
18246,0,0,0.1623,83.77,Excellent
18247,0,0,0.4485,55.15,Fair
18248,0,0,0.2025,79.75,Good
18249,1,1,0.9259,7.41,Critical
18250,1,1,0.9623,3.77,Critical
18251,0,0,0.1936,80.64,Excellent
18252,1,1,0.8438,15.62,Critical
18253,1,1,0.8518,14.82,Critical
18254,1,1,0.9609,3.91,Critical
18255,0,0,0.102,89.8,Excellent
18256,0,0,0.0974,90.26,Excellent
18257,1,1,0.6687,33.13,Poor
18258,1,1,0.971,2.9,Critical
18259,0,0,0.1344,86.56,Excellent
18260,1,1,0.8443,15.57,Critical
18261,1,1,0.832,16.8,Critical
18262,0,0,0.2518,74.82,Good
18263,1,1,0.8922,10.78,Critical
18264,0,0,0.2415,75.85,Good
18265,1,1,0.8895,11.05,Critical
18266,1,1,0.9267,7.33,Critical
18267,1,1,0.5178,48.22,Fair
18268,0,0,0.1113,88.87,Excellent
18269,1,1,0.804,19.6,Critical
18270,1,1,0.9663,3.37,Critical
18271,0,0,0.1199,88.01,Excellent
18272,1,1,0.877,12.3,Critical
18273,0,0,0.0696,93.04,Excellent
18274,1,1,0.634,36.6,Poor
18275,0,0,0.1097,89.03,Excellent
18276,1,1,0.8731,12.69,Critical
18277,0,0,0.0863,91.37,Excellent
18278,0,0,0.1708,82.92,Excellent
18279,1,1,0.6358,36.42,Poor
18280,0,0,0.2322,76.78,Good
18281,1,1,0.9413,5.87,Critical
18282,1,1,0.9202,7.98,Critical
18283,1,1,0.5739,42.61,Fair
18284,1,1,0.9327,6.73,Critical
18285,0,0,0.0736,92.64,Excellent
18286,1,1,0.8844,11.56,Critical
18287,0,0,0.0716,92.84,Excellent
18288,1,1,0.6988,30.12,Poor
18289,0,0,0.1562,84.38,Excellent
18290,0,0,0.0769,92.31,Excellent
18291,1,1,0.9584,4.16,Critical
18292,0,0,0.1976,80.24,Excellent
18293,0,0,0.1651,83.49,Excellent
18294,1,1,0.9177,8.23,Critical
18295,1,1,0.9686,3.14,Critical
18296,0,0,0.1165,88.35,Excellent
18297,1,1,0.8903,10.97,Critical
18298,1,1,0.9542,4.58,Critical
18299,0,0,0.0667,93.33,Excellent
18300,0,0,0.0839,91.61,Excellent
18301,1,1,0.7007,29.93,Poor
18302,1,1,0.9298,7.02,Critical
18303,0,0,0.1344,86.56,Excellent
18304,1,1,0.6264,37.36,Poor
18305,1,1,0.9459,5.41,Critical
18306,1,1,0.8401,15.99,Critical
18307,1,1,0.8575,14.25,Critical
18308,0,0,0.0987,90.13,Excellent
18309,1,1,0.8587,14.13,Critical
18310,0,0,0.1449,85.51,Excellent
18311,0,0,0.0843,91.57,Excellent
18312,0,0,0.25,75.0,Good
18313,0,0,0.2363,76.37,Good
18314,1,1,0.9011,9.89,Critical
18315,0,0,0.1636,83.64,Excellent
18316,1,1,0.5587,44.13,Fair
18317,0,0,0.0906,90.94,Excellent
18318,0,0,0.1679,83.21,Excellent
18319,0,0,0.1151,88.49,Excellent
18320,1,1,0.9216,7.84,Critical
18321,1,1,0.939,6.1,Critical
18322,1,1,0.874,12.6,Critical
18323,1,1,0.8987,10.13,Critical
18324,0,0,0.1854,81.46,Excellent
18325,1,1,0.7527,24.73,Poor
18326,1,1,0.6209,37.91,Poor
18327,0,0,0.1151,88.49,Excellent
18328,1,1,0.9457,5.43,Critical
18329,1,1,0.9461,5.39,Critical
18330,0,0,0.2282,77.18,Good
18331,1,1,0.7889,21.11,Poor
18332,0,0,0.0547,94.53,Excellent
18333,0,0,0.133,86.7,Excellent
18334,1,1,0.9288,7.12,Critical
18335,1,1,0.6321,36.79,Poor
18336,1,1,0.8992,10.08,Critical
18337,0,0,0.171,82.9,Excellent
18338,0,0,0.1587,84.13,Excellent
18339,0,0,0.1873,81.27,Excellent
18340,1,1,0.8499,15.01,Critical
18341,0,0,0.1788,82.12,Excellent
18342,1,1,0.8344,16.56,Critical
18343,1,1,0.9661,3.39,Critical
18344,1,1,0.8906,10.94,Critical
18345,0,0,0.0861,91.39,Excellent
18346,0,0,0.3904,60.96,Good
18347,1,1,0.7531,24.69,Poor
18348,1,1,0.7952,20.48,Poor
18349,1,1,0.6856,31.44,Poor
18350,1,1,0.5846,41.54,Fair
18351,1,1,0.8937,10.63,Critical
18352,0,0,0.1337,86.63,Excellent
18353,1,1,0.868,13.2,Critical
18354,1,1,0.6228,37.72,Poor
18355,0,0,0.1157,88.43,Excellent
18356,0,0,0.1242,87.58,Excellent
18357,1,1,0.7047,29.53,Poor
18358,1,1,0.7782,22.18,Poor
18359,1,1,0.9109,8.91,Critical
18360,1,1,0.9383,6.17,Critical
18361,0,0,0.1657,83.43,Excellent
18362,0,0,0.1416,85.84,Excellent
18363,1,1,0.9233,7.67,Critical
18364,0,0,0.1206,87.94,Excellent
18365,1,1,0.6668,33.32,Poor
18366,0,0,0.0932,90.68,Excellent
18367,0,0,0.1721,82.79,Excellent
18368,1,1,0.8724,12.76,Critical
18369,0,0,0.0816,91.84,Excellent
18370,0,0,0.0928,90.72,Excellent
18371,1,1,0.8824,11.76,Critical
18372,0,0,0.2556,74.44,Good
18373,0,0,0.1105,88.95,Excellent
18374,1,1,0.9021,9.79,Critical
18375,0,0,0.1395,86.05,Excellent
18376,1,1,0.7946,20.54,Poor
18377,0,0,0.2238,77.62,Good
18378,1,1,0.9689,3.11,Critical
18379,1,1,0.8786,12.14,Critical
18380,0,1,0.6313,36.87,Poor
18381,0,0,0.2143,78.57,Good
18382,0,0,0.169,83.1,Excellent
18383,1,1,0.5852,41.48,Fair
18384,1,1,0.8439,15.61,Critical
18385,0,0,0.1804,81.96,Excellent
18386,0,0,0.0463,95.37,Excellent
18387,1,1,0.8718,12.82,Critical
18388,0,0,0.2668,73.32,Good
18389,0,0,0.2044,79.56,Good
18390,0,0,0.0698,93.02,Excellent
18391,0,0,0.0922,90.78,Excellent
18392,0,0,0.155,84.5,Excellent
18393,0,0,0.0972,90.28,Excellent
18394,0,0,0.2271,77.29,Good
18395,0,0,0.1785,82.15,Excellent
18396,0,0,0.2165,78.35,Good
18397,0,0,0.0962,90.38,Excellent
18398,1,1,0.8334,16.66,Critical
18399,1,1,0.8289,17.11,Critical
18400,1,1,0.8495,15.05,Critical
18401,1,1,0.9387,6.13,Critical
18402,0,0,0.0507,94.93,Excellent
18403,0,0,0.4584,54.16,Fair
18404,1,1,0.8491,15.09,Critical
18405,0,0,0.0615,93.85,Excellent
18406,0,0,0.0361,96.39,Excellent
18407,0,0,0.1898,81.02,Excellent
18408,1,1,0.9408,5.92,Critical
18409,0,0,0.099,90.1,Excellent
18410,0,0,0.2167,78.33,Good
18411,0,0,0.1285,87.15,Excellent
18412,1,1,0.7589,24.11,Poor
18413,1,1,0.855,14.5,Critical
18414,1,1,0.6241,37.59,Poor
18415,1,1,0.9546,4.54,Critical
18416,1,1,0.6676,33.24,Poor
18417,1,1,0.7254,27.46,Poor
18418,0,0,0.0836,91.64,Excellent
18419,1,1,0.9465,5.35,Critical
18420,1,1,0.8197,18.03,Critical
18421,0,0,0.1235,87.65,Excellent
18422,0,0,0.3534,64.66,Good
18423,0,0,0.0889,91.11,Excellent
18424,0,0,0.1963,80.37,Excellent
18425,1,0,0.3779,62.21,Good
18426,0,0,0.1711,82.89,Excellent
18427,1,1,0.9148,8.52,Critical
18428,0,0,0.2214,77.86,Good
18429,0,0,0.188,81.2,Excellent
18430,0,0,0.0674,93.26,Excellent
18431,1,1,0.8642,13.58,Critical
18432,0,0,0.058,94.2,Excellent
18433,0,0,0.0236,97.64,Excellent
18434,1,1,0.8609,13.91,Critical
18435,1,1,0.9129,8.71,Critical
18436,0,0,0.0998,90.02,Excellent
18437,0,0,0.1873,81.27,Excellent
18438,0,0,0.3002,69.98,Good
18439,1,1,0.9849,1.51,Critical
18440,1,1,0.8567,14.33,Critical
18441,0,0,0.2321,76.79,Good
18442,0,0,0.2289,77.11,Good
18443,1,1,0.8653,13.47,Critical
18444,1,1,0.9361,6.39,Critical
18445,1,1,0.6624,33.76,Poor
18446,0,0,0.4179,58.21,Fair
18447,0,0,0.1259,87.41,Excellent
18448,0,0,0.0815,91.85,Excellent
18449,1,1,0.9721,2.79,Critical
18450,1,1,0.9068,9.32,Critical
18451,1,1,0.7991,20.09,Poor
18452,0,0,0.0652,93.48,Excellent
18453,1,1,0.912,8.8,Critical
18454,0,0,0.1551,84.49,Excellent
18455,1,1,0.8636,13.64,Critical
18456,0,0,0.238,76.2,Good
18457,0,0,0.149,85.1,Excellent
18458,0,0,0.1074,89.26,Excellent
18459,1,1,0.8277,17.23,Critical
18460,1,1,0.7708,22.92,Poor
18461,0,0,0.1293,87.07,Excellent
18462,1,1,0.9657,3.43,Critical
18463,1,1,0.9911,0.89,Critical
18464,1,1,0.8204,17.96,Critical
18465,1,1,0.6905,30.95,Poor
18466,0,0,0.1882,81.18,Excellent
18467,0,0,0.3023,69.77,Good
18468,1,1,0.8056,19.44,Critical
18469,1,1,0.7741,22.59,Poor
18470,0,0,0.3157,68.43,Good
18471,0,0,0.2051,79.49,Good
18472,1,1,0.7322,26.78,Poor
18473,0,0,0.4014,59.86,Fair
18474,1,1,0.9623,3.77,Critical
18475,0,0,0.1718,82.82,Excellent
18476,0,0,0.1256,87.44,Excellent
18477,1,1,0.8352,16.48,Critical
18478,0,0,0.1697,83.03,Excellent
18479,0,0,0.1243,87.57,Excellent
18480,0,0,0.0587,94.13,Excellent
18481,1,1,0.6063,39.37,Poor
18482,1,1,0.642,35.8,Poor
18483,1,1,0.9533,4.67,Critical
18484,1,1,0.9055,9.45,Critical
18485,0,0,0.0612,93.88,Excellent
18486,1,1,0.8611,13.89,Critical
18487,0,0,0.0921,90.79,Excellent
18488,1,1,0.951,4.9,Critical
18489,1,1,0.9545,4.55,Critical
18490,1,1,0.9828,1.72,Critical
18491,0,0,0.1328,86.72,Excellent
18492,0,0,0.3413,65.87,Good
18493,0,0,0.1243,87.57,Excellent
18494,0,0,0.1237,87.63,Excellent
18495,0,0,0.1506,84.94,Excellent
18496,1,1,0.9439,5.61,Critical
18497,1,1,0.9771,2.29,Critical
18498,0,0,0.2645,73.55,Good
18499,1,1,0.8564,14.36,Critical
18500,1,1,0.8689,13.11,Critical
18501,1,1,0.9813,1.87,Critical
18502,1,1,0.7596,24.04,Poor
18503,1,1,0.9232,7.68,Critical
18504,1,1,0.8085,19.15,Critical
18505,0,0,0.1784,82.16,Excellent
18506,0,0,0.0714,92.86,Excellent
18507,0,0,0.1452,85.48,Excellent
18508,0,0,0.284,71.6,Good
18509,0,0,0.081,91.9,Excellent
18510,1,1,0.9435,5.65,Critical
18511,1,1,0.8258,17.42,Critical
18512,0,0,0.0632,93.68,Excellent
18513,1,1,0.8632,13.68,Critical
18514,1,1,0.9581,4.19,Critical
18515,0,0,0.1953,80.47,Excellent
18516,0,0,0.1389,86.11,Excellent
18517,0,0,0.2662,73.38,Good
18518,1,0,0.493,50.7,Fair
18519,0,0,0.1222,87.78,Excellent
18520,1,1,0.6622,33.78,Poor
18521,0,0,0.1287,87.13,Excellent
18522,1,1,0.9573,4.27,Critical
18523,1,1,0.9171,8.29,Critical
18524,0,0,0.2955,70.45,Good
18525,0,0,0.166,83.4,Excellent
18526,0,0,0.1138,88.62,Excellent
18527,0,0,0.0895,91.05,Excellent
18528,0,0,0.2229,77.71,Good
18529,1,1,0.7459,25.41,Poor
18530,1,1,0.7075,29.25,Poor
18531,0,0,0.1417,85.83,Excellent
18532,1,1,0.8527,14.73,Critical
18533,1,1,0.9223,7.77,Critical
18534,1,1,0.613,38.7,Poor
18535,0,0,0.2166,78.34,Good
18536,0,0,0.0547,94.53,Excellent
18537,1,1,0.9272,7.28,Critical
18538,0,0,0.2802,71.98,Good
18539,1,1,0.8522,14.78,Critical
18540,0,0,0.0647,93.53,Excellent
18541,1,1,0.9035,9.65,Critical
18542,1,1,0.9225,7.75,Critical
18543,0,0,0.3282,67.18,Good
18544,0,0,0.0696,93.04,Excellent
18545,1,1,0.9152,8.48,Critical
18546,1,1,0.8042,19.58,Critical
18547,0,0,0.065,93.5,Excellent
18548,0,0,0.0641,93.59,Excellent
18549,1,1,0.8538,14.62,Critical
18550,1,1,0.8945,10.55,Critical
18551,0,0,0.0582,94.18,Excellent
18552,0,0,0.0944,90.56,Excellent
18553,1,1,0.816,18.4,Critical
18554,1,1,0.9665,3.35,Critical
18555,0,0,0.1075,89.25,Excellent
18556,0,0,0.1509,84.91,Excellent
18557,1,1,0.5983,40.17,Fair
18558,1,1,0.9024,9.76,Critical
18559,0,0,0.0737,92.63,Excellent
18560,1,1,0.7869,21.31,Poor
18561,1,1,0.8629,13.71,Critical
18562,0,0,0.1691,83.09,Excellent
18563,1,1,0.8504,14.96,Critical
18564,0,0,0.4046,59.54,Fair
18565,1,1,0.9779,2.21,Critical
18566,0,0,0.0449,95.51,Excellent
18567,0,0,0.0711,92.89,Excellent
18568,1,1,0.6458,35.42,Poor
18569,0,0,0.3647,63.53,Good
18570,0,0,0.0948,90.52,Excellent
18571,1,1,0.9271,7.29,Critical
18572,0,0,0.1789,82.11,Excellent
18573,1,1,0.9188,8.12,Critical
18574,0,0,0.2029,79.71,Good
18575,1,1,0.8786,12.14,Critical
18576,0,0,0.1556,84.44,Excellent
18577,0,0,0.0889,91.11,Excellent
18578,1,1,0.9472,5.28,Critical
18579,0,0,0.1917,80.83,Excellent
18580,0,0,0.1545,84.55,Excellent
18581,1,1,0.536,46.4,Fair
18582,0,0,0.2777,72.23,Good
18583,1,1,0.9323,6.77,Critical
18584,0,0,0.1121,88.79,Excellent
18585,1,1,0.8895,11.05,Critical
18586,0,0,0.019,98.1,Excellent
18587,1,0,0.4747,52.53,Fair
18588,1,1,0.9296,7.04,Critical
18589,0,0,0.1002,89.98,Excellent
18590,0,0,0.1039,89.61,Excellent
18591,1,1,0.6273,37.27,Poor
18592,1,1,0.9064,9.36,Critical
18593,1,1,0.8417,15.83,Critical
18594,1,1,0.8043,19.57,Critical
18595,1,1,0.9184,8.16,Critical
18596,0,0,0.1202,87.98,Excellent
18597,0,0,0.1231,87.69,Excellent
18598,1,1,0.9226,7.74,Critical
18599,0,0,0.0694,93.06,Excellent
18600,1,1,0.7635,23.65,Poor
18601,1,1,0.7921,20.79,Poor
18602,0,0,0.1505,84.95,Excellent
18603,1,1,0.8582,14.18,Critical
18604,1,1,0.9195,8.05,Critical
18605,1,1,0.842,15.8,Critical
18606,1,1,0.9348,6.52,Critical
18607,1,1,0.7806,21.94,Poor
18608,0,0,0.0801,91.99,Excellent
18609,1,1,0.673,32.7,Poor
18610,0,0,0.172,82.8,Excellent
18611,0,0,0.2278,77.22,Good
18612,0,0,0.1084,89.16,Excellent
18613,1,1,0.881,11.9,Critical
18614,0,0,0.0637,93.63,Excellent
18615,1,1,0.8945,10.55,Critical
18616,0,0,0.0515,94.85,Excellent
18617,0,0,0.124,87.6,Excellent
18618,0,0,0.4088,59.12,Fair
18619,1,1,0.6002,39.98,Poor
18620,1,1,0.8105,18.95,Critical
18621,1,1,0.7854,21.46,Poor
18622,0,0,0.1668,83.32,Excellent
18623,0,0,0.1596,84.04,Excellent
18624,1,1,0.9063,9.37,Critical
18625,1,1,0.8689,13.11,Critical
18626,1,1,0.8817,11.83,Critical
18627,0,0,0.264,73.6,Good
18628,1,1,0.8161,18.39,Critical
18629,0,0,0.2356,76.44,Good
18630,1,1,0.895,10.5,Critical
18631,0,0,0.1536,84.64,Excellent
18632,1,1,0.8866,11.34,Critical
18633,0,0,0.2047,79.53,Good
18634,1,1,0.9287,7.13,Critical
18635,0,0,0.1654,83.46,Excellent
18636,1,1,0.7075,29.25,Poor
18637,1,1,0.8134,18.66,Critical
18638,0,0,0.0695,93.05,Excellent
18639,0,0,0.1894,81.06,Excellent
18640,0,0,0.1055,89.45,Excellent
18641,0,0,0.0818,91.82,Excellent
18642,0,0,0.2048,79.52,Good
18643,1,1,0.665,33.5,Poor
18644,0,0,0.3243,67.57,Good
18645,1,1,0.857,14.3,Critical
18646,1,1,0.864,13.6,Critical
18647,1,1,0.9284,7.16,Critical
18648,1,1,0.9259,7.41,Critical
18649,0,0,0.0971,90.29,Excellent
18650,1,1,0.9567,4.33,Critical
18651,0,0,0.3331,66.69,Good
18652,0,0,0.1084,89.16,Excellent
18653,0,0,0.2058,79.42,Good
18654,0,0,0.0963,90.37,Excellent
18655,1,1,0.638,36.2,Poor
18656,1,1,0.7533,24.67,Poor
18657,1,1,0.7558,24.42,Poor
18658,1,1,0.9031,9.69,Critical
18659,0,0,0.1618,83.82,Excellent
18660,1,1,0.982,1.8,Critical
18661,1,1,0.8407,15.93,Critical
18662,0,0,0.1195,88.05,Excellent
18663,0,0,0.0289,97.11,Excellent
18664,1,1,0.7098,29.02,Poor
18665,0,0,0.0573,94.27,Excellent
18666,0,0,0.1234,87.66,Excellent
18667,1,1,0.8124,18.76,Critical
18668,0,0,0.2168,78.32,Good
18669,1,1,0.9803,1.97,Critical
18670,1,1,0.8975,10.25,Critical
18671,1,1,0.9305,6.95,Critical
18672,0,0,0.1291,87.09,Excellent
18673,1,1,0.755,24.5,Poor
18674,1,1,0.8804,11.96,Critical
18675,0,0,0.2789,72.11,Good
18676,0,0,0.2734,72.66,Good
18677,1,1,0.828,17.2,Critical
18678,1,1,0.9509,4.91,Critical
18679,0,0,0.2889,71.11,Good
18680,0,0,0.0979,90.21,Excellent
18681,0,0,0.2308,76.92,Good
18682,0,0,0.1067,89.33,Excellent
18683,1,1,0.8203,17.97,Critical
18684,1,1,0.7218,27.82,Poor
18685,0,0,0.0544,94.56,Excellent
18686,1,1,0.8617,13.83,Critical
18687,0,0,0.1841,81.59,Excellent
18688,1,1,0.8076,19.24,Critical
18689,1,1,0.9645,3.55,Critical
18690,0,0,0.0711,92.89,Excellent
18691,0,0,0.3699,63.01,Good
18692,1,1,0.9514,4.86,Critical
18693,0,0,0.1924,80.76,Excellent
18694,0,0,0.2679,73.21,Good
18695,0,0,0.2767,72.33,Good
18696,1,1,0.5962,40.38,Fair
18697,0,0,0.1218,87.82,Excellent
18698,1,1,0.8888,11.12,Critical
18699,0,0,0.0534,94.66,Excellent
18700,0,0,0.3974,60.26,Good
18701,0,0,0.2728,72.72,Good
18702,0,0,0.4372,56.28,Fair
18703,1,1,0.9219,7.81,Critical
18704,0,0,0.1651,83.49,Excellent
18705,0,0,0.0667,93.33,Excellent
18706,0,0,0.2474,75.26,Good
18707,0,0,0.1418,85.82,Excellent
18708,1,1,0.9652,3.48,Critical
18709,0,0,0.1909,80.91,Excellent
18710,1,1,0.8077,19.23,Critical
18711,1,1,0.9081,9.19,Critical
18712,1,1,0.8185,18.15,Critical
18713,1,1,0.959,4.1,Critical
18714,1,1,0.9504,4.96,Critical
18715,0,0,0.1785,82.15,Excellent
18716,1,1,0.8806,11.94,Critical
18717,1,1,0.9152,8.48,Critical
18718,0,0,0.1365,86.35,Excellent
18719,0,0,0.1203,87.97,Excellent
18720,1,1,0.986,1.4,Critical
18721,0,0,0.3607,63.93,Good
18722,1,1,0.941,5.9,Critical
18723,0,0,0.0809,91.91,Excellent
18724,0,0,0.2309,76.91,Good
18725,0,0,0.3205,67.95,Good
18726,0,0,0.0997,90.03,Excellent
18727,1,1,0.9678,3.22,Critical
18728,1,1,0.9194,8.06,Critical
18729,0,0,0.0722,92.78,Excellent
18730,0,0,0.045,95.5,Excellent
18731,1,1,0.8091,19.09,Critical
18732,1,1,0.7998,20.02,Poor
18733,1,1,0.6121,38.79,Poor
18734,0,0,0.1988,80.12,Excellent
18735,1,1,0.8355,16.45,Critical
18736,0,0,0.0916,90.84,Excellent
18737,1,1,0.9151,8.49,Critical
18738,0,0,0.32,68.0,Good
18739,1,1,0.9249,7.51,Critical
18740,1,1,0.9094,9.06,Critical
18741,1,1,0.7897,21.03,Poor
18742,0,0,0.0921,90.79,Excellent
18743,0,0,0.1832,81.68,Excellent
18744,1,1,0.7937,20.63,Poor
18745,0,0,0.2764,72.36,Good
18746,1,1,0.9693,3.07,Critical
18747,1,1,0.8994,10.06,Critical
18748,1,1,0.9634,3.66,Critical
18749,0,0,0.1292,87.08,Excellent
18750,1,1,0.9146,8.54,Critical
18751,1,1,0.9361,6.39,Critical
18752,0,0,0.0539,94.61,Excellent
18753,1,1,0.7666,23.34,Poor
18754,1,0,0.4136,58.64,Fair
18755,1,1,0.7873,21.27,Poor
18756,0,0,0.1816,81.84,Excellent
18757,1,1,0.8438,15.62,Critical
18758,0,0,0.1102,88.98,Excellent
18759,1,1,0.907,9.3,Critical
18760,0,0,0.1659,83.41,Excellent
18761,1,1,0.7859,21.41,Poor
18762,0,0,0.1051,89.49,Excellent
18763,0,0,0.0778,92.22,Excellent
18764,1,1,0.5658,43.42,Fair
18765,1,1,0.5051,49.49,Fair
18766,0,1,0.515,48.5,Fair
18767,0,0,0.216,78.4,Good
18768,0,0,0.1102,88.98,Excellent
18769,1,1,0.8249,17.51,Critical
18770,0,0,0.1509,84.91,Excellent
18771,0,0,0.1323,86.77,Excellent
18772,0,0,0.1001,89.99,Excellent
18773,0,0,0.2984,70.16,Good
18774,0,0,0.2541,74.59,Good
18775,1,1,0.8824,11.76,Critical
18776,1,1,0.6975,30.25,Poor
18777,1,1,0.9564,4.36,Critical
18778,1,1,0.6997,30.03,Poor
18779,1,1,0.9307,6.93,Critical
18780,0,0,0.0916,90.84,Excellent
18781,0,0,0.2101,78.99,Good
18782,0,0,0.1498,85.02,Excellent
18783,0,0,0.0827,91.73,Excellent
18784,0,0,0.1022,89.78,Excellent
18785,1,1,0.9202,7.98,Critical
18786,1,1,0.825,17.5,Critical
18787,0,0,0.0593,94.07,Excellent
18788,0,0,0.1061,89.39,Excellent
18789,0,0,0.0676,93.24,Excellent
18790,1,1,0.8593,14.07,Critical
18791,0,0,0.4812,51.88,Fair
18792,0,0,0.1298,87.02,Excellent
18793,0,0,0.2998,70.02,Good
18794,1,1,0.9254,7.46,Critical
18795,1,1,0.8825,11.75,Critical
18796,1,0,0.3885,61.15,Good
18797,0,0,0.0799,92.01,Excellent
18798,1,1,0.6706,32.94,Poor
18799,0,0,0.1523,84.77,Excellent
18800,0,0,0.4789,52.11,Fair
18801,1,1,0.9448,5.52,Critical
18802,1,1,0.9543,4.57,Critical
18803,1,1,0.8196,18.04,Critical
18804,0,0,0.3214,67.86,Good
18805,1,1,0.6422,35.78,Poor
18806,0,0,0.4734,52.66,Fair
18807,0,0,0.0771,92.29,Excellent
18808,0,0,0.3964,60.36,Good
18809,0,0,0.0781,92.19,Excellent
18810,0,0,0.2078,79.22,Good
18811,1,1,0.7506,24.94,Poor
18812,0,0,0.3094,69.06,Good
18813,0,0,0.2249,77.51,Good
18814,1,1,0.8184,18.16,Critical
18815,1,1,0.8606,13.94,Critical
18816,0,0,0.183,81.7,Excellent
18817,0,0,0.0929,90.71,Excellent
18818,1,1,0.8531,14.69,Critical
18819,0,0,0.135,86.5,Excellent
18820,0,0,0.124,87.6,Excellent
18821,0,0,0.1081,89.19,Excellent
18822,1,1,0.8476,15.24,Critical
18823,1,1,0.8834,11.66,Critical
18824,1,1,0.871,12.9,Critical
18825,1,1,0.8712,12.88,Critical
18826,1,1,0.8586,14.14,Critical
18827,1,0,0.4681,53.19,Fair
18828,1,1,0.9211,7.89,Critical
18829,1,1,0.8096,19.04,Critical
18830,1,1,0.9249,7.51,Critical
18831,1,1,0.854,14.6,Critical
18832,0,0,0.1635,83.65,Excellent
18833,0,0,0.0653,93.47,Excellent
18834,0,0,0.1336,86.64,Excellent
18835,1,1,0.9518,4.82,Critical
18836,0,0,0.0768,92.32,Excellent
18837,0,0,0.2073,79.27,Good
18838,0,0,0.1668,83.32,Excellent
18839,0,0,0.1375,86.25,Excellent
18840,1,1,0.8471,15.29,Critical
18841,0,0,0.1169,88.31,Excellent
18842,1,1,0.7197,28.03,Poor
18843,0,0,0.4271,57.29,Fair
18844,0,0,0.2644,73.56,Good
18845,0,0,0.2439,75.61,Good
18846,1,1,0.8675,13.25,Critical
18847,1,1,0.7386,26.14,Poor
18848,1,0,0.2485,75.15,Good
18849,1,1,0.881,11.9,Critical
18850,0,0,0.2886,71.14,Good
18851,1,1,0.938,6.2,Critical
18852,0,0,0.0785,92.15,Excellent
18853,1,1,0.8959,10.41,Critical
18854,1,1,0.9436,5.64,Critical
18855,0,0,0.1036,89.64,Excellent
18856,1,1,0.8896,11.04,Critical
18857,0,0,0.1771,82.29,Excellent
18858,1,1,0.9357,6.43,Critical
18859,1,1,0.7096,29.04,Poor
18860,0,0,0.1201,87.99,Excellent
18861,1,1,0.9252,7.48,Critical
18862,0,0,0.1503,84.97,Excellent
18863,0,0,0.4871,51.29,Fair
18864,1,1,0.8226,17.74,Critical
18865,1,1,0.968,3.2,Critical
18866,0,0,0.0907,90.93,Excellent
18867,0,0,0.224,77.6,Good
18868,0,0,0.1361,86.39,Excellent
18869,0,0,0.1277,87.23,Excellent
18870,1,1,0.973,2.7,Critical
18871,0,0,0.1742,82.58,Excellent
18872,1,1,0.9598,4.02,Critical
18873,0,0,0.0884,91.16,Excellent
18874,1,1,0.9488,5.12,Critical
18875,0,0,0.269,73.1,Good
18876,1,1,0.914,8.6,Critical
18877,1,1,0.7115,28.85,Poor
18878,0,0,0.2227,77.73,Good
18879,1,1,0.8917,10.83,Critical
18880,1,1,0.7698,23.02,Poor
18881,1,1,0.9464,5.36,Critical
18882,0,0,0.1331,86.69,Excellent
18883,0,0,0.1924,80.76,Excellent
18884,0,0,0.186,81.4,Excellent
18885,1,1,0.8701,12.99,Critical
18886,1,1,0.9437,5.63,Critical
18887,0,0,0.0983,90.17,Excellent
18888,0,0,0.2733,72.67,Good
18889,1,1,0.8762,12.38,Critical
18890,1,1,0.895,10.5,Critical
18891,1,1,0.9028,9.72,Critical
18892,0,0,0.0521,94.79,Excellent
18893,1,0,0.3989,60.11,Good
18894,0,0,0.2221,77.79,Good
18895,0,0,0.1023,89.77,Excellent
18896,1,1,0.9723,2.77,Critical
18897,0,0,0.0394,96.06,Excellent
18898,0,0,0.2792,72.08,Good
18899,0,0,0.2257,77.43,Good
18900,0,0,0.0378,96.22,Excellent
18901,1,1,0.6082,39.18,Poor
18902,0,0,0.0727,92.73,Excellent
18903,0,0,0.1333,86.67,Excellent
18904,0,0,0.1664,83.36,Excellent
18905,1,1,0.753,24.7,Poor
18906,0,0,0.3351,66.49,Good
18907,1,1,0.9292,7.08,Critical
18908,0,0,0.1264,87.36,Excellent
18909,0,0,0.2168,78.32,Good
18910,0,0,0.0717,92.83,Excellent
18911,1,1,0.8067,19.33,Critical
18912,0,0,0.0828,91.72,Excellent
18913,1,1,0.9463,5.37,Critical
18914,1,1,0.7843,21.57,Poor
18915,0,0,0.0565,94.35,Excellent
18916,0,0,0.1812,81.88,Excellent
18917,1,1,0.5573,44.27,Fair
18918,0,0,0.1376,86.24,Excellent
18919,0,0,0.1039,89.61,Excellent
18920,1,1,0.7379,26.21,Poor
18921,1,1,0.5922,40.78,Fair
18922,0,0,0.1817,81.83,Excellent
18923,0,0,0.1869,81.31,Excellent
18924,0,0,0.0451,95.49,Excellent
18925,1,1,0.8471,15.29,Critical
18926,1,1,0.9896,1.04,Critical
18927,1,1,0.8653,13.47,Critical
18928,1,1,0.8787,12.13,Critical
18929,0,0,0.1239,87.61,Excellent
18930,1,1,0.862,13.8,Critical
18931,0,0,0.0708,92.92,Excellent
18932,0,0,0.1665,83.35,Excellent
18933,1,1,0.709,29.1,Poor
18934,1,1,0.9286,7.14,Critical
18935,1,1,0.5317,46.83,Fair
18936,1,1,0.9511,4.89,Critical
18937,0,0,0.1911,80.89,Excellent
18938,0,0,0.0941,90.59,Excellent
18939,1,1,0.9585,4.15,Critical
18940,0,0,0.1275,87.25,Excellent
18941,0,0,0.2597,74.03,Good
18942,1,1,0.7232,27.68,Poor
18943,0,0,0.0731,92.69,Excellent
18944,0,0,0.0957,90.43,Excellent
18945,0,0,0.0387,96.13,Excellent
18946,0,0,0.1243,87.57,Excellent
18947,1,1,0.9297,7.03,Critical
18948,1,1,0.9909,0.91,Critical
18949,0,0,0.1084,89.16,Excellent
18950,1,1,0.9656,3.44,Critical
18951,0,0,0.2374,76.26,Good
18952,0,0,0.1482,85.18,Excellent
18953,1,1,0.8877,11.23,Critical
18954,0,0,0.1922,80.78,Excellent
18955,0,0,0.0794,92.06,Excellent
18956,0,0,0.1671,83.29,Excellent
18957,0,0,0.1198,88.02,Excellent
18958,1,1,0.8052,19.48,Critical
18959,1,1,0.7917,20.83,Poor
18960,0,0,0.2769,72.31,Good
18961,0,0,0.3624,63.76,Good
18962,0,0,0.404,59.6,Fair
18963,1,1,0.691,30.9,Poor
18964,1,1,0.7715,22.85,Poor
18965,1,1,0.7905,20.95,Poor
18966,1,1,0.9578,4.22,Critical
18967,1,1,0.8221,17.79,Critical
18968,0,0,0.0747,92.53,Excellent
18969,0,0,0.1129,88.71,Excellent
18970,0,0,0.2644,73.56,Good
18971,0,0,0.1445,85.55,Excellent
18972,1,1,0.7929,20.71,Poor
18973,0,0,0.0718,92.82,Excellent
18974,0,0,0.2429,75.71,Good
18975,0,0,0.1028,89.72,Excellent
18976,1,1,0.9039,9.61,Critical
18977,0,0,0.0628,93.72,Excellent
18978,0,0,0.1102,88.98,Excellent
18979,1,1,0.8592,14.08,Critical
18980,0,0,0.1428,85.72,Excellent
18981,0,0,0.0345,96.55,Excellent
18982,1,1,0.9271,7.29,Critical
18983,0,1,0.5006,49.94,Fair
18984,1,1,0.8006,19.94,Critical
18985,0,0,0.0364,96.36,Excellent
18986,1,1,0.9396,6.04,Critical
18987,0,0,0.1433,85.67,Excellent
18988,0,0,0.1538,84.62,Excellent
18989,1,1,0.5132,48.68,Fair
18990,0,0,0.1541,84.59,Excellent
18991,0,0,0.1121,88.79,Excellent
18992,0,0,0.095,90.5,Excellent
18993,1,1,0.7103,28.97,Poor
18994,0,0,0.1341,86.59,Excellent
18995,0,0,0.0702,92.98,Excellent
18996,1,1,0.8889,11.11,Critical
18997,0,0,0.1901,80.99,Excellent
18998,1,1,0.7935,20.65,Poor
18999,1,1,0.5396,46.04,Fair
19000,0,0,0.062,93.8,Excellent
19001,0,0,0.0748,92.52,Excellent
19002,1,1,0.9478,5.22,Critical
19003,1,1,0.8851,11.49,Critical
19004,1,1,0.8176,18.24,Critical
19005,1,1,0.7139,28.61,Poor
19006,1,1,0.9272,7.28,Critical
19007,0,0,0.1024,89.76,Excellent
19008,0,0,0.1077,89.23,Excellent
19009,0,0,0.0975,90.25,Excellent
19010,1,1,0.887,11.3,Critical
19011,0,0,0.2392,76.08,Good
19012,0,0,0.0769,92.31,Excellent
19013,0,0,0.1329,86.71,Excellent
19014,1,1,0.9356,6.44,Critical
19015,1,1,0.9293,7.07,Critical
19016,1,1,0.5084,49.16,Fair
19017,0,0,0.0752,92.48,Excellent
19018,0,0,0.1316,86.84,Excellent
19019,0,0,0.1612,83.88,Excellent
19020,1,1,0.7255,27.45,Poor
19021,0,0,0.1618,83.82,Excellent
19022,0,0,0.1416,85.84,Excellent
19023,0,0,0.408,59.2,Fair
19024,0,0,0.0986,90.14,Excellent
19025,1,1,0.796,20.4,Poor
19026,0,0,0.0909,90.91,Excellent
19027,1,0,0.3759,62.41,Good
19028,0,0,0.1721,82.79,Excellent
19029,0,0,0.0979,90.21,Excellent
19030,1,1,0.6631,33.69,Poor
19031,0,0,0.0816,91.84,Excellent
19032,1,1,0.6181,38.19,Poor
19033,0,0,0.0851,91.49,Excellent
19034,0,0,0.1156,88.44,Excellent
19035,1,1,0.5294,47.06,Fair
19036,1,1,0.8286,17.14,Critical
19037,0,0,0.1502,84.98,Excellent
19038,1,1,0.6893,31.07,Poor
19039,0,0,0.2026,79.74,Good
19040,0,0,0.1376,86.24,Excellent
19041,1,1,0.8881,11.19,Critical
19042,1,1,0.9577,4.23,Critical
19043,0,0,0.2013,79.87,Good
19044,0,0,0.09,91.0,Excellent
19045,1,1,0.5754,42.46,Fair
19046,0,0,0.0909,90.91,Excellent
19047,1,1,0.9959,0.41,Critical
19048,1,1,0.9291,7.09,Critical
19049,1,0,0.4577,54.23,Fair
19050,1,1,0.5289,47.11,Fair
19051,0,0,0.0994,90.06,Excellent
19052,1,1,0.979,2.1,Critical
19053,1,0,0.4403,55.97,Fair
19054,0,0,0.1289,87.11,Excellent
19055,0,0,0.0768,92.32,Excellent
19056,1,1,0.9796,2.04,Critical
19057,0,0,0.0909,90.91,Excellent
19058,1,1,0.9733,2.67,Critical
19059,1,1,0.8814,11.86,Critical
19060,1,1,0.8054,19.46,Critical
19061,0,0,0.2138,78.62,Good
19062,1,1,0.7667,23.33,Poor
19063,0,0,0.2224,77.76,Good
19064,0,0,0.1138,88.62,Excellent
19065,1,1,0.8687,13.13,Critical
19066,0,0,0.1484,85.16,Excellent
19067,0,0,0.1407,85.93,Excellent
19068,1,1,0.9716,2.84,Critical
19069,1,1,0.8985,10.15,Critical
19070,0,0,0.0486,95.14,Excellent
19071,0,0,0.0863,91.37,Excellent
19072,1,1,0.8222,17.78,Critical
19073,1,1,0.6013,39.87,Poor
19074,1,1,0.8618,13.82,Critical
19075,1,1,0.7999,20.01,Poor
19076,1,1,0.8171,18.29,Critical
19077,0,0,0.1745,82.55,Excellent
19078,1,0,0.3629,63.71,Good
19079,1,1,0.9313,6.87,Critical
19080,1,1,0.6913,30.87,Poor
19081,1,1,0.6845,31.55,Poor
19082,0,0,0.1703,82.97,Excellent
19083,1,1,0.9691,3.09,Critical
19084,1,1,0.5968,40.32,Fair
19085,0,0,0.2263,77.37,Good
19086,1,1,0.9498,5.02,Critical
19087,0,0,0.1611,83.89,Excellent
19088,1,1,0.8135,18.65,Critical
19089,0,0,0.0995,90.05,Excellent
19090,1,1,0.6778,32.22,Poor
19091,0,0,0.1179,88.21,Excellent
19092,0,0,0.091,90.9,Excellent
19093,0,0,0.0663,93.37,Excellent
19094,0,0,0.1105,88.95,Excellent
19095,0,0,0.0429,95.71,Excellent
19096,0,0,0.1014,89.86,Excellent
19097,1,1,0.8012,19.88,Critical
19098,0,0,0.1055,89.45,Excellent
19099,0,0,0.0805,91.95,Excellent
19100,0,0,0.1333,86.67,Excellent
19101,1,1,0.9262,7.38,Critical
19102,0,0,0.2874,71.26,Good
19103,0,0,0.2196,78.04,Good
19104,0,0,0.0828,91.72,Excellent
19105,0,0,0.2063,79.37,Good
19106,0,0,0.0737,92.63,Excellent
19107,1,1,0.8976,10.24,Critical
19108,0,0,0.3023,69.77,Good
19109,0,0,0.0634,93.66,Excellent
19110,1,1,0.7871,21.29,Poor
19111,0,0,0.0882,91.18,Excellent
19112,0,0,0.1852,81.48,Excellent
19113,0,0,0.1758,82.42,Excellent
19114,0,0,0.0733,92.67,Excellent
19115,1,1,0.7888,21.12,Poor
19116,1,1,0.6682,33.18,Poor
19117,1,1,0.8029,19.71,Critical
19118,1,1,0.713,28.7,Poor
19119,1,1,0.8767,12.33,Critical
19120,0,0,0.0801,91.99,Excellent
19121,1,1,0.969,3.1,Critical
19122,0,0,0.0917,90.83,Excellent
19123,0,0,0.1569,84.31,Excellent
19124,1,1,0.8619,13.81,Critical
19125,0,0,0.0748,92.52,Excellent
19126,1,1,0.8457,15.43,Critical
19127,0,0,0.3438,65.62,Good
19128,0,0,0.1372,86.28,Excellent
19129,1,1,0.8602,13.98,Critical
19130,0,0,0.2074,79.26,Good
19131,1,1,0.8861,11.39,Critical
19132,1,1,0.924,7.6,Critical
19133,1,1,0.7942,20.58,Poor
19134,0,0,0.2117,78.83,Good
19135,0,0,0.2116,78.84,Good
19136,1,1,0.5989,40.11,Fair
19137,1,1,0.6353,36.47,Poor
19138,1,1,0.7011,29.89,Poor
19139,0,0,0.1812,81.88,Excellent
19140,1,1,0.6175,38.25,Poor
19141,1,1,0.8144,18.56,Critical
19142,0,0,0.1174,88.26,Excellent
19143,1,1,0.8559,14.41,Critical
19144,1,1,0.8009,19.91,Critical
19145,0,0,0.062,93.8,Excellent
19146,0,0,0.0777,92.23,Excellent
19147,1,1,0.867,13.3,Critical
19148,0,0,0.1067,89.33,Excellent
19149,1,1,0.952,4.8,Critical
19150,1,1,0.9588,4.12,Critical
19151,1,0,0.4827,51.73,Fair
19152,1,1,0.8892,11.08,Critical
19153,1,0,0.3746,62.54,Good
19154,0,0,0.1607,83.93,Excellent
19155,1,1,0.7621,23.79,Poor
19156,1,1,0.8454,15.46,Critical
19157,0,0,0.0663,93.37,Excellent
19158,1,1,0.9253,7.47,Critical
19159,1,1,0.8749,12.51,Critical
19160,1,1,0.5966,40.34,Fair
19161,1,1,0.8888,11.12,Critical
19162,1,1,0.9661,3.39,Critical
19163,0,0,0.1661,83.39,Excellent
19164,1,1,0.9075,9.25,Critical
19165,0,0,0.1251,87.49,Excellent
19166,0,0,0.1567,84.33,Excellent
19167,1,1,0.8804,11.96,Critical
19168,1,1,0.9687,3.13,Critical
19169,0,0,0.1526,84.74,Excellent
19170,0,0,0.1896,81.04,Excellent
19171,1,1,0.8218,17.82,Critical
19172,1,1,0.783,21.7,Poor
19173,1,0,0.4267,57.33,Fair
19174,1,1,0.8852,11.48,Critical
19175,0,0,0.0651,93.49,Excellent
19176,0,0,0.1748,82.52,Excellent
19177,0,0,0.1279,87.21,Excellent
19178,0,0,0.1553,84.47,Excellent
19179,0,0,0.1263,87.37,Excellent
19180,0,0,0.0654,93.46,Excellent
19181,1,1,0.7759,22.41,Poor
19182,1,1,0.8634,13.66,Critical
19183,1,1,0.859,14.1,Critical
19184,1,1,0.8908,10.92,Critical
19185,0,0,0.0587,94.13,Excellent
19186,1,1,0.7146,28.54,Poor
19187,1,1,0.745,25.5,Poor
19188,1,1,0.9211,7.89,Critical
19189,0,0,0.1756,82.44,Excellent
19190,0,0,0.2256,77.44,Good
19191,1,1,0.9093,9.07,Critical
19192,0,0,0.0819,91.81,Excellent
19193,1,1,0.9243,7.57,Critical
19194,0,0,0.1345,86.55,Excellent
19195,1,1,0.8597,14.03,Critical
19196,0,0,0.3782,62.18,Good
19197,1,1,0.6246,37.54,Poor
19198,0,0,0.1295,87.05,Excellent
19199,0,0,0.2825,71.75,Good
19200,1,1,0.8957,10.43,Critical
19201,1,1,0.8862,11.38,Critical
19202,0,0,0.0778,92.22,Excellent
19203,0,0,0.3508,64.92,Good
19204,0,0,0.086,91.4,Excellent
19205,1,1,0.9219,7.81,Critical
19206,1,1,0.9059,9.41,Critical
19207,0,0,0.1212,87.88,Excellent
19208,1,1,0.8145,18.55,Critical
19209,1,1,0.7728,22.72,Poor
19210,0,0,0.089,91.1,Excellent
19211,1,0,0.4941,50.59,Fair
19212,1,1,0.7932,20.68,Poor
19213,1,1,0.9906,0.94,Critical
19214,0,0,0.4498,55.02,Fair
19215,1,1,0.5197,48.03,Fair
19216,1,1,0.8759,12.41,Critical
19217,0,0,0.0839,91.61,Excellent
19218,0,0,0.3042,69.58,Good
19219,0,0,0.1489,85.11,Excellent
19220,0,0,0.1107,88.93,Excellent
19221,0,0,0.1014,89.86,Excellent
19222,1,1,0.7132,28.68,Poor
19223,0,0,0.2919,70.81,Good
19224,0,0,0.051,94.9,Excellent
19225,1,1,0.9193,8.07,Critical
19226,1,1,0.8669,13.31,Critical
19227,0,0,0.0326,96.74,Excellent
19228,1,1,0.9627,3.73,Critical
19229,1,1,0.9414,5.86,Critical
19230,0,0,0.1917,80.83,Excellent
19231,0,0,0.0748,92.52,Excellent
19232,1,1,0.9523,4.77,Critical
19233,1,1,0.8445,15.55,Critical
19234,0,0,0.1953,80.47,Excellent
19235,1,1,0.8925,10.75,Critical
19236,1,1,0.933,6.7,Critical
19237,1,1,0.6814,31.86,Poor
19238,1,1,0.6227,37.73,Poor
19239,1,1,0.9599,4.01,Critical
19240,0,0,0.1271,87.29,Excellent
19241,0,0,0.0886,91.14,Excellent
19242,1,1,0.834,16.6,Critical
19243,0,0,0.1049,89.51,Excellent
19244,0,0,0.1098,89.02,Excellent
19245,0,0,0.2332,76.68,Good
19246,1,1,0.9341,6.59,Critical
19247,0,0,0.164,83.6,Excellent
19248,1,1,0.9552,4.48,Critical
19249,1,1,0.7632,23.68,Poor
19250,1,1,0.9294,7.06,Critical
19251,1,1,0.6144,38.56,Poor
19252,0,0,0.0812,91.88,Excellent
19253,1,1,0.8797,12.03,Critical
19254,1,1,0.87,13.0,Critical
19255,1,1,0.9753,2.47,Critical
19256,0,0,0.2449,75.51,Good
19257,0,0,0.1304,86.96,Excellent
19258,0,0,0.11,89.0,Excellent
19259,1,1,0.8168,18.32,Critical
19260,0,0,0.1508,84.92,Excellent
19261,0,0,0.1247,87.53,Excellent
19262,0,0,0.2471,75.29,Good
19263,0,0,0.3083,69.17,Good
19264,1,1,0.8881,11.19,Critical
19265,1,1,0.8385,16.15,Critical
19266,0,0,0.1846,81.54,Excellent
19267,1,1,0.8188,18.12,Critical
19268,1,1,0.8797,12.03,Critical
19269,0,0,0.4002,59.98,Fair
19270,0,0,0.208,79.2,Good
19271,0,0,0.2811,71.89,Good
19272,0,0,0.1435,85.65,Excellent
19273,1,1,0.9432,5.68,Critical
19274,0,0,0.1095,89.05,Excellent
19275,1,1,0.9333,6.67,Critical
19276,1,1,0.9026,9.74,Critical
19277,0,0,0.1162,88.38,Excellent
19278,0,0,0.1882,81.18,Excellent
19279,1,1,0.9044,9.56,Critical
19280,0,0,0.0756,92.44,Excellent
19281,1,1,0.9468,5.32,Critical
19282,1,1,0.6585,34.15,Poor
19283,0,0,0.1895,81.05,Excellent
19284,0,0,0.4245,57.55,Fair
19285,0,0,0.2492,75.08,Good
19286,0,0,0.055,94.5,Excellent
19287,0,0,0.0513,94.87,Excellent
19288,1,1,0.8996,10.04,Critical
19289,1,1,0.8134,18.66,Critical
19290,0,0,0.1286,87.14,Excellent
19291,0,0,0.0432,95.68,Excellent
19292,0,0,0.0886,91.14,Excellent
19293,1,1,0.9082,9.18,Critical
19294,0,0,0.201,79.9,Good
19295,0,0,0.106,89.4,Excellent
19296,1,1,0.9247,7.53,Critical
19297,0,0,0.3751,62.49,Good
19298,1,1,0.9568,4.32,Critical
19299,0,0,0.0655,93.45,Excellent
19300,1,1,0.8854,11.46,Critical
19301,0,0,0.0612,93.88,Excellent
19302,0,0,0.3689,63.11,Good
19303,0,0,0.1643,83.57,Excellent
19304,0,0,0.2633,73.67,Good
19305,1,1,0.8516,14.84,Critical
19306,1,1,0.9296,7.04,Critical
19307,1,1,0.816,18.4,Critical
19308,1,1,0.8266,17.34,Critical
19309,0,0,0.1128,88.72,Excellent
19310,0,0,0.1101,88.99,Excellent
19311,1,1,0.9186,8.14,Critical
19312,0,0,0.1269,87.31,Excellent
19313,1,1,0.8406,15.94,Critical
19314,0,0,0.0898,91.02,Excellent
19315,1,1,0.8218,17.82,Critical
19316,1,1,0.8625,13.75,Critical
19317,0,0,0.0981,90.19,Excellent
19318,1,0,0.4608,53.92,Fair
19319,1,1,0.5543,44.57,Fair
19320,0,0,0.0975,90.25,Excellent
19321,1,1,0.9041,9.59,Critical
19322,0,0,0.1973,80.27,Excellent
19323,1,1,0.9495,5.05,Critical
19324,1,1,0.7726,22.74,Poor
19325,1,1,0.7354,26.46,Poor
19326,1,1,0.8422,15.78,Critical
19327,0,0,0.1377,86.23,Excellent
19328,1,1,0.7255,27.45,Poor
19329,1,1,0.8512,14.88,Critical
19330,1,1,0.9068,9.32,Critical
19331,1,1,0.8495,15.05,Critical
19332,1,1,0.7254,27.46,Poor
19333,1,1,0.9734,2.66,Critical
19334,1,1,0.8754,12.46,Critical
19335,0,0,0.1497,85.03,Excellent
19336,0,0,0.3543,64.57,Good
19337,1,1,0.8038,19.62,Critical
19338,1,1,0.9224,7.76,Critical
19339,0,0,0.1107,88.93,Excellent
19340,1,0,0.4474,55.26,Fair
19341,1,1,0.9196,8.04,Critical
19342,1,1,0.9284,7.16,Critical
19343,0,0,0.0499,95.01,Excellent
19344,1,1,0.7455,25.45,Poor
19345,1,1,0.9016,9.84,Critical
19346,0,0,0.3096,69.04,Good
19347,1,1,0.9884,1.16,Critical
19348,1,1,0.8865,11.35,Critical
19349,0,0,0.0539,94.61,Excellent
19350,0,0,0.0672,93.28,Excellent
19351,0,0,0.0635,93.65,Excellent
19352,1,1,0.9415,5.85,Critical
19353,1,1,0.8838,11.62,Critical
19354,0,0,0.1847,81.53,Excellent
19355,0,0,0.0544,94.56,Excellent
19356,0,0,0.1048,89.52,Excellent
19357,1,1,0.7522,24.78,Poor
19358,0,0,0.1568,84.32,Excellent
19359,1,1,0.8688,13.12,Critical
19360,0,0,0.0349,96.51,Excellent
19361,1,1,0.8763,12.37,Critical
19362,0,0,0.2032,79.68,Good
19363,0,0,0.1392,86.08,Excellent
19364,1,1,0.8481,15.19,Critical
19365,0,0,0.2416,75.84,Good
19366,1,1,0.6377,36.23,Poor
19367,0,0,0.0869,91.31,Excellent
19368,1,1,0.9786,2.14,Critical
19369,0,0,0.0869,91.31,Excellent
19370,0,0,0.063,93.7,Excellent
19371,0,0,0.2479,75.21,Good
19372,0,0,0.1143,88.57,Excellent
19373,1,1,0.8747,12.53,Critical
19374,1,1,0.7939,20.61,Poor
19375,0,0,0.2487,75.13,Good
19376,0,0,0.1209,87.91,Excellent
19377,1,1,0.748,25.2,Poor
19378,1,1,0.9133,8.67,Critical
19379,0,0,0.0968,90.32,Excellent
19380,0,0,0.1728,82.72,Excellent
19381,0,0,0.1153,88.47,Excellent
19382,0,0,0.1123,88.77,Excellent
19383,0,0,0.2362,76.38,Good
19384,0,0,0.0446,95.54,Excellent
19385,0,0,0.2069,79.31,Good
19386,1,1,0.9484,5.16,Critical
19387,1,1,0.7572,24.28,Poor
19388,1,1,0.9284,7.16,Critical
19389,0,0,0.0607,93.93,Excellent
19390,1,1,0.9922,0.78,Critical
19391,1,1,0.8545,14.55,Critical
19392,1,1,0.8428,15.72,Critical
19393,1,0,0.4716,52.84,Fair
19394,1,1,0.5725,42.75,Fair
19395,1,1,0.844,15.6,Critical
19396,0,0,0.3094,69.06,Good
19397,0,0,0.1064,89.36,Excellent
19398,0,0,0.2158,78.42,Good
19399,1,1,0.9121,8.79,Critical
19400,0,0,0.0582,94.18,Excellent
19401,1,1,0.7598,24.02,Poor
19402,0,0,0.0912,90.88,Excellent
19403,1,1,0.9797,2.03,Critical
19404,1,1,0.9272,7.28,Critical
19405,1,1,0.9504,4.96,Critical
19406,0,0,0.0479,95.21,Excellent
19407,1,1,0.77,23.0,Poor
19408,0,0,0.1965,80.35,Excellent
19409,0,0,0.1228,87.72,Excellent
19410,1,1,0.8702,12.98,Critical
19411,1,1,0.7666,23.34,Poor
19412,0,0,0.0915,90.85,Excellent
19413,0,0,0.1764,82.36,Excellent
19414,0,0,0.084,91.6,Excellent
19415,0,0,0.1763,82.37,Excellent
19416,1,1,0.8823,11.77,Critical
19417,1,1,0.9486,5.14,Critical
19418,0,0,0.2425,75.75,Good
19419,1,1,0.8179,18.21,Critical
19420,0,0,0.1777,82.23,Excellent
19421,1,1,0.8368,16.32,Critical
19422,0,0,0.0556,94.44,Excellent
19423,1,1,0.8706,12.94,Critical
19424,0,0,0.218,78.2,Good
19425,1,1,0.9247,7.53,Critical
19426,0,1,0.5329,46.71,Fair
19427,0,0,0.2193,78.07,Good
19428,1,1,0.8842,11.58,Critical
19429,0,0,0.1447,85.53,Excellent
19430,0,0,0.152,84.8,Excellent
19431,1,1,0.8852,11.48,Critical
19432,1,1,0.7269,27.31,Poor
19433,1,1,0.8871,11.29,Critical
19434,0,0,0.0614,93.86,Excellent
19435,0,0,0.0741,92.59,Excellent
19436,0,0,0.0464,95.36,Excellent
19437,0,0,0.0409,95.91,Excellent
19438,0,0,0.1043,89.57,Excellent
19439,0,0,0.1876,81.24,Excellent
19440,0,0,0.3008,69.92,Good
19441,0,0,0.0531,94.69,Excellent
19442,0,0,0.1517,84.83,Excellent
19443,0,0,0.1136,88.64,Excellent
19444,1,1,0.8559,14.41,Critical
19445,1,1,0.9033,9.67,Critical
19446,1,1,0.7445,25.55,Poor
19447,1,1,0.7662,23.38,Poor
19448,0,0,0.0807,91.93,Excellent
19449,0,0,0.0735,92.65,Excellent
19450,0,0,0.1772,82.28,Excellent
19451,0,0,0.1477,85.23,Excellent
19452,0,0,0.2367,76.33,Good
19453,1,1,0.9746,2.54,Critical
19454,0,0,0.1181,88.19,Excellent
19455,1,1,0.8452,15.48,Critical
19456,1,1,0.8035,19.65,Critical
19457,0,0,0.367,63.3,Good
19458,0,0,0.18,82.0,Excellent
19459,0,0,0.177,82.3,Excellent
19460,0,0,0.1138,88.62,Excellent
19461,0,0,0.1576,84.24,Excellent
19462,0,0,0.1865,81.35,Excellent
19463,0,0,0.2105,78.95,Good
19464,1,1,0.5796,42.04,Fair
19465,1,1,0.9459,5.41,Critical
19466,0,0,0.1018,89.82,Excellent
19467,0,0,0.1103,88.97,Excellent
19468,1,1,0.726,27.4,Poor
19469,1,1,0.7738,22.62,Poor
19470,1,1,0.6841,31.59,Poor
19471,0,0,0.1145,88.55,Excellent
19472,0,0,0.2343,76.57,Good
19473,1,1,0.8611,13.89,Critical
19474,1,1,0.8246,17.54,Critical
19475,1,1,0.8332,16.68,Critical
19476,0,0,0.4102,58.98,Fair
19477,1,1,0.8957,10.43,Critical
19478,1,1,0.8918,10.82,Critical
19479,0,0,0.1503,84.97,Excellent
19480,1,0,0.487,51.3,Fair
19481,1,1,0.9378,6.22,Critical
19482,1,1,0.7079,29.21,Poor
19483,0,0,0.1035,89.65,Excellent
19484,0,0,0.1618,83.82,Excellent
19485,1,1,0.8516,14.84,Critical
19486,0,0,0.1013,89.87,Excellent
19487,0,0,0.1513,84.87,Excellent
19488,1,1,0.9056,9.44,Critical
19489,0,0,0.1564,84.36,Excellent
19490,0,0,0.0724,92.76,Excellent
19491,0,0,0.275,72.5,Good
19492,0,0,0.1689,83.11,Excellent
19493,1,1,0.7833,21.67,Poor
19494,1,1,0.8956,10.44,Critical
19495,1,1,0.8563,14.37,Critical
19496,1,0,0.4016,59.84,Fair
19497,0,0,0.1146,88.54,Excellent
19498,0,0,0.1106,88.94,Excellent
19499,0,0,0.3153,68.47,Good
19500,1,1,0.8334,16.66,Critical
19501,0,0,0.0622,93.78,Excellent
19502,1,1,0.9587,4.13,Critical
19503,1,1,0.9047,9.53,Critical
19504,0,0,0.1571,84.29,Excellent
19505,0,0,0.16,84.0,Excellent
19506,1,1,0.6388,36.12,Poor
19507,0,0,0.1637,83.63,Excellent
19508,1,1,0.9654,3.46,Critical
19509,0,0,0.0773,92.27,Excellent
19510,1,1,0.9577,4.23,Critical
19511,0,0,0.1279,87.21,Excellent
19512,1,1,0.9469,5.31,Critical
19513,0,0,0.2055,79.45,Good
19514,0,1,0.5366,46.34,Fair
19515,0,0,0.3896,61.04,Good
19516,0,0,0.1551,84.49,Excellent
19517,1,1,0.7954,20.46,Poor
19518,0,0,0.0689,93.11,Excellent
19519,0,0,0.0683,93.17,Excellent
19520,1,1,0.9414,5.86,Critical
19521,0,0,0.0895,91.05,Excellent
19522,1,0,0.4768,52.32,Fair
19523,1,1,0.9337,6.63,Critical
19524,1,1,0.7812,21.88,Poor
19525,0,0,0.0853,91.47,Excellent
19526,0,0,0.1154,88.46,Excellent
19527,0,0,0.1074,89.26,Excellent
19528,0,0,0.0806,91.94,Excellent
19529,0,1,0.584,41.6,Fair
19530,1,1,0.7027,29.73,Poor
19531,0,0,0.146,85.4,Excellent
19532,1,1,0.9033,9.67,Critical
19533,1,1,0.8213,17.87,Critical
19534,1,1,0.8615,13.85,Critical
19535,1,1,0.8614,13.86,Critical
19536,0,0,0.2412,75.88,Good
19537,1,1,0.8871,11.29,Critical
19538,1,1,0.5054,49.46,Fair
19539,0,0,0.1185,88.15,Excellent
19540,1,1,0.7183,28.17,Poor
19541,0,0,0.0831,91.69,Excellent
19542,1,1,0.8415,15.85,Critical
19543,0,0,0.1232,87.68,Excellent
19544,0,0,0.1102,88.98,Excellent
19545,1,1,0.8174,18.26,Critical
19546,1,1,0.9183,8.17,Critical
19547,0,0,0.1613,83.87,Excellent
19548,1,1,0.891,10.9,Critical
19549,0,0,0.2296,77.04,Good
19550,0,0,0.1997,80.03,Excellent
19551,1,1,0.8576,14.24,Critical
19552,0,0,0.0682,93.18,Excellent
19553,0,0,0.2555,74.45,Good
19554,0,0,0.1204,87.96,Excellent
19555,1,1,0.6863,31.37,Poor
19556,0,0,0.0961,90.39,Excellent
19557,0,0,0.0961,90.39,Excellent
19558,1,1,0.8446,15.54,Critical
19559,1,1,0.9923,0.77,Critical
19560,1,1,0.8287,17.13,Critical
19561,1,1,0.9797,2.03,Critical
19562,0,0,0.2932,70.68,Good
19563,1,1,0.7442,25.58,Poor
19564,0,0,0.1531,84.69,Excellent
19565,0,0,0.1261,87.39,Excellent
19566,1,1,0.8942,10.58,Critical
19567,0,0,0.2305,76.95,Good
19568,0,0,0.3552,64.48,Good
19569,1,1,0.9243,7.57,Critical
19570,0,0,0.0917,90.83,Excellent
19571,1,1,0.9035,9.65,Critical
19572,0,0,0.1281,87.19,Excellent
19573,1,1,0.9687,3.13,Critical
19574,1,1,0.8122,18.78,Critical
19575,0,0,0.0515,94.85,Excellent
19576,0,0,0.2902,70.98,Good
19577,1,1,0.9472,5.28,Critical
19578,1,1,0.9252,7.48,Critical
19579,0,0,0.4437,55.63,Fair
19580,1,1,0.6331,36.69,Poor
19581,0,0,0.1852,81.48,Excellent
19582,1,1,0.7901,20.99,Poor
19583,1,1,0.981,1.9,Critical
19584,0,1,0.5366,46.34,Fair
19585,1,1,0.8183,18.17,Critical
19586,0,0,0.201,79.9,Good
19587,0,0,0.1093,89.07,Excellent
19588,0,0,0.0996,90.04,Excellent
19589,0,0,0.146,85.4,Excellent
19590,1,1,0.9793,2.07,Critical
19591,0,0,0.0797,92.03,Excellent
19592,1,1,0.9547,4.53,Critical
19593,0,0,0.0657,93.43,Excellent
19594,1,1,0.9472,5.28,Critical
19595,1,1,0.9656,3.44,Critical
19596,1,1,0.8613,13.87,Critical
19597,0,0,0.1085,89.15,Excellent
19598,1,1,0.8644,13.56,Critical
19599,0,0,0.3262,67.38,Good
19600,1,1,0.8937,10.63,Critical
19601,0,0,0.3145,68.55,Good
19602,0,0,0.1378,86.22,Excellent
19603,1,1,0.9186,8.14,Critical
19604,0,0,0.1406,85.94,Excellent
19605,1,1,0.9449,5.51,Critical
19606,0,0,0.062,93.8,Excellent
19607,0,0,0.1385,86.15,Excellent
19608,0,0,0.0838,91.62,Excellent
19609,1,1,0.9672,3.28,Critical
19610,0,0,0.3834,61.66,Good
19611,1,1,0.7418,25.82,Poor
19612,1,1,0.671,32.9,Poor
19613,0,0,0.1969,80.31,Excellent
19614,1,1,0.8811,11.89,Critical
19615,0,0,0.1192,88.08,Excellent
19616,1,1,0.7855,21.45,Poor
19617,0,0,0.1866,81.34,Excellent
19618,1,1,0.9398,6.02,Critical
19619,0,0,0.0909,90.91,Excellent
19620,1,1,0.8873,11.27,Critical
19621,1,1,0.7943,20.57,Poor
19622,0,0,0.0836,91.64,Excellent
19623,1,1,0.7701,22.99,Poor
19624,1,1,0.9423,5.77,Critical
19625,0,0,0.4712,52.88,Fair
19626,0,0,0.1519,84.81,Excellent
19627,1,1,0.8891,11.09,Critical
19628,1,1,0.9633,3.67,Critical
19629,0,0,0.3263,67.37,Good
19630,0,0,0.2444,75.56,Good
19631,1,1,0.9626,3.74,Critical
19632,0,0,0.0943,90.57,Excellent
19633,1,1,0.9501,4.99,Critical
19634,1,1,0.9064,9.36,Critical
19635,0,0,0.1749,82.51,Excellent
19636,1,1,0.9159,8.41,Critical
19637,1,1,0.6367,36.33,Poor
19638,1,1,0.9606,3.94,Critical
19639,0,0,0.1641,83.59,Excellent
19640,0,0,0.1599,84.01,Excellent
19641,0,0,0.1452,85.48,Excellent
19642,0,0,0.0813,91.87,Excellent
19643,1,1,0.8233,17.67,Critical
19644,0,0,0.0761,92.39,Excellent
19645,0,0,0.3205,67.95,Good
19646,1,1,0.9379,6.21,Critical
19647,0,0,0.2761,72.39,Good
19648,1,1,0.9137,8.63,Critical
19649,0,0,0.147,85.3,Excellent
19650,0,0,0.1996,80.04,Excellent
19651,0,0,0.1608,83.92,Excellent
19652,1,1,0.8992,10.08,Critical
19653,1,1,0.9182,8.18,Critical
19654,1,1,0.8666,13.34,Critical
19655,0,0,0.1269,87.31,Excellent
19656,1,1,0.8533,14.67,Critical
19657,0,0,0.1063,89.37,Excellent
19658,0,0,0.145,85.5,Excellent
19659,1,1,0.9392,6.08,Critical
19660,1,1,0.9076,9.24,Critical
19661,1,1,0.9588,4.12,Critical
19662,0,0,0.3604,63.96,Good
19663,1,1,0.7568,24.32,Poor
19664,1,1,0.7984,20.16,Poor
19665,0,0,0.1184,88.16,Excellent
19666,1,1,0.8071,19.29,Critical
19667,0,0,0.2262,77.38,Good
19668,1,1,0.8599,14.01,Critical
19669,0,0,0.2611,73.89,Good
19670,0,0,0.0866,91.34,Excellent
19671,0,0,0.1519,84.81,Excellent
19672,0,0,0.2414,75.86,Good
19673,0,0,0.0835,91.65,Excellent
19674,0,0,0.0707,92.93,Excellent
19675,1,1,0.8622,13.78,Critical
19676,1,1,0.974,2.6,Critical
19677,0,0,0.2441,75.59,Good
19678,1,1,0.9522,4.78,Critical
19679,0,0,0.1845,81.55,Excellent
19680,0,0,0.4114,58.86,Fair
19681,1,1,0.9572,4.28,Critical
19682,1,1,0.8487,15.13,Critical
19683,0,0,0.0447,95.53,Excellent
19684,1,1,0.5591,44.09,Fair
19685,0,0,0.07,93.0,Excellent
19686,1,1,0.886,11.4,Critical
19687,0,0,0.1786,82.14,Excellent
19688,1,1,0.7906,20.94,Poor
19689,1,1,0.802,19.8,Critical
19690,1,1,0.9679,3.21,Critical
19691,0,0,0.1014,89.86,Excellent
19692,0,0,0.0805,91.95,Excellent
19693,1,1,0.9086,9.14,Critical
19694,0,0,0.488,51.2,Fair
19695,1,1,0.8646,13.54,Critical
19696,0,0,0.1678,83.22,Excellent
19697,1,1,0.9578,4.22,Critical
19698,0,0,0.176,82.4,Excellent
19699,0,0,0.0884,91.16,Excellent
19700,0,0,0.1112,88.88,Excellent
19701,0,0,0.2264,77.36,Good
19702,0,0,0.0602,93.98,Excellent
19703,1,1,0.8579,14.21,Critical
19704,0,0,0.1851,81.49,Excellent
19705,0,0,0.119,88.1,Excellent
19706,0,0,0.2271,77.29,Good
19707,0,0,0.0894,91.06,Excellent
19708,0,0,0.0627,93.73,Excellent
19709,0,0,0.1068,89.32,Excellent
19710,0,0,0.2215,77.85,Good
19711,0,0,0.093,90.7,Excellent
19712,0,0,0.2697,73.03,Good
19713,0,0,0.2389,76.11,Good
19714,1,1,0.842,15.8,Critical
19715,1,1,0.7544,24.56,Poor
19716,0,0,0.1215,87.85,Excellent
19717,0,1,0.5616,43.84,Fair
19718,0,0,0.1896,81.04,Excellent
19719,1,1,0.9765,2.35,Critical
19720,0,0,0.1437,85.63,Excellent
19721,0,0,0.0617,93.83,Excellent
19722,1,1,0.913,8.7,Critical
19723,1,1,0.8772,12.28,Critical
19724,1,1,0.8605,13.95,Critical
19725,1,1,0.9384,6.16,Critical
19726,0,0,0.0764,92.36,Excellent
19727,0,0,0.1576,84.24,Excellent
19728,0,0,0.4344,56.56,Fair
19729,0,0,0.1129,88.71,Excellent
19730,0,0,0.2354,76.46,Good
19731,0,0,0.0977,90.23,Excellent
19732,0,0,0.2647,73.53,Good
19733,1,1,0.9255,7.45,Critical
19734,0,0,0.0757,92.43,Excellent
19735,0,0,0.1321,86.79,Excellent
19736,0,0,0.4079,59.21,Fair
19737,0,0,0.4225,57.75,Fair
19738,0,0,0.2639,73.61,Good
19739,1,1,0.8254,17.46,Critical
19740,0,0,0.2351,76.49,Good
19741,0,0,0.1577,84.23,Excellent
19742,1,0,0.4505,54.95,Fair
19743,0,0,0.0777,92.23,Excellent
19744,1,1,0.8913,10.87,Critical
19745,0,0,0.0445,95.55,Excellent
19746,1,1,0.9221,7.79,Critical
19747,1,1,0.9317,6.83,Critical
19748,0,0,0.286,71.4,Good
19749,0,0,0.0492,95.08,Excellent
19750,1,1,0.9263,7.37,Critical
19751,0,0,0.1181,88.19,Excellent
19752,1,1,0.8561,14.39,Critical
19753,1,0,0.4986,50.14,Fair
19754,0,0,0.1024,89.76,Excellent
19755,0,0,0.2214,77.86,Good
19756,0,0,0.0901,90.99,Excellent
19757,0,0,0.1758,82.42,Excellent
19758,0,0,0.2857,71.43,Good
19759,0,0,0.1645,83.55,Excellent
19760,1,1,0.638,36.2,Poor
19761,0,0,0.1293,87.07,Excellent
19762,0,0,0.1045,89.55,Excellent
19763,1,1,0.978,2.2,Critical
19764,1,1,0.8061,19.39,Critical
19765,1,1,0.9398,6.02,Critical
19766,0,0,0.0921,90.79,Excellent
19767,0,0,0.153,84.7,Excellent
19768,0,0,0.0489,95.11,Excellent
19769,0,0,0.1318,86.82,Excellent
19770,1,1,0.856,14.4,Critical
19771,1,1,0.9011,9.89,Critical
19772,1,1,0.7977,20.23,Poor
19773,1,1,0.7409,25.91,Poor
19774,0,0,0.0546,94.54,Excellent
19775,1,1,0.8661,13.39,Critical
19776,0,0,0.3053,69.47,Good
19777,1,1,0.9399,6.01,Critical
19778,1,1,0.9186,8.14,Critical
19779,0,0,0.0217,97.83,Excellent
19780,0,0,0.1011,89.89,Excellent
19781,1,1,0.6471,35.29,Poor
19782,1,0,0.4973,50.27,Fair
19783,0,0,0.1182,88.18,Excellent
19784,1,1,0.8283,17.17,Critical
19785,1,1,0.6237,37.63,Poor
19786,0,0,0.1035,89.65,Excellent
19787,1,1,0.972,2.8,Critical
19788,1,1,0.8722,12.78,Critical
19789,0,0,0.0959,90.41,Excellent
19790,0,0,0.135,86.5,Excellent
19791,1,1,0.8282,17.18,Critical
19792,1,1,0.8756,12.44,Critical
19793,1,1,0.8784,12.16,Critical
19794,0,0,0.0973,90.27,Excellent
19795,1,1,0.8453,15.47,Critical
19796,1,1,0.8759,12.41,Critical
19797,0,0,0.1151,88.49,Excellent
19798,0,0,0.228,77.2,Good
19799,0,0,0.0499,95.01,Excellent
19800,0,0,0.3931,60.69,Good
19801,0,0,0.2348,76.52,Good
19802,1,1,0.9926,0.74,Critical
19803,0,0,0.0858,91.42,Excellent
19804,1,1,0.696,30.4,Poor
19805,1,1,0.98,2.0,Critical
19806,0,0,0.2507,74.93,Good
19807,1,1,0.7397,26.03,Poor
19808,1,1,0.9724,2.76,Critical
19809,1,1,0.8283,17.17,Critical
19810,1,1,0.6918,30.82,Poor
19811,1,1,0.6332,36.68,Poor
19812,0,0,0.1698,83.02,Excellent
19813,1,1,0.8929,10.71,Critical
19814,1,1,0.8756,12.44,Critical
19815,0,0,0.1383,86.17,Excellent
19816,0,0,0.1038,89.62,Excellent
19817,1,1,0.8276,17.24,Critical
19818,0,0,0.0805,91.95,Excellent
19819,0,0,0.1025,89.75,Excellent
19820,0,0,0.278,72.2,Good
19821,0,0,0.3239,67.61,Good
19822,0,0,0.076,92.4,Excellent
19823,0,0,0.1192,88.08,Excellent
19824,0,0,0.0872,91.28,Excellent
19825,0,0,0.3706,62.94,Good
19826,1,1,0.9394,6.06,Critical
19827,0,0,0.081,91.9,Excellent
19828,0,0,0.0981,90.19,Excellent
19829,1,1,0.8198,18.02,Critical
19830,1,1,0.9594,4.06,Critical
19831,1,1,0.7457,25.43,Poor
19832,0,0,0.1121,88.79,Excellent
19833,0,0,0.2159,78.41,Good
19834,0,0,0.2027,79.73,Good
19835,1,1,0.8175,18.25,Critical
19836,1,1,0.9856,1.44,Critical
19837,1,1,0.7556,24.44,Poor
19838,0,0,0.1584,84.16,Excellent
19839,0,0,0.169,83.1,Excellent
19840,0,0,0.0854,91.46,Excellent
19841,0,0,0.2054,79.46,Good
19842,0,0,0.0816,91.84,Excellent
19843,1,1,0.8438,15.62,Critical
19844,0,0,0.4757,52.43,Fair
19845,1,1,0.6791,32.09,Poor
19846,0,0,0.144,85.6,Excellent
19847,0,0,0.1052,89.48,Excellent
19848,1,1,0.8971,10.29,Critical
19849,0,0,0.1524,84.76,Excellent
19850,0,0,0.2126,78.74,Good
19851,0,0,0.2355,76.45,Good
19852,1,1,0.8945,10.55,Critical
19853,1,1,0.8493,15.07,Critical
19854,1,1,0.8969,10.31,Critical
19855,0,0,0.1249,87.51,Excellent
19856,0,0,0.134,86.6,Excellent
19857,1,1,0.7836,21.64,Poor
19858,1,1,0.6218,37.82,Poor
19859,0,0,0.1397,86.03,Excellent
19860,1,1,0.9166,8.34,Critical
19861,1,1,0.9225,7.75,Critical
19862,1,1,0.9667,3.33,Critical
19863,0,0,0.0604,93.96,Excellent
19864,0,0,0.2126,78.74,Good
19865,0,0,0.0531,94.69,Excellent
19866,1,1,0.5098,49.02,Fair
19867,0,0,0.1035,89.65,Excellent
19868,1,1,0.984,1.6,Critical
19869,0,0,0.1601,83.99,Excellent
19870,0,0,0.1119,88.81,Excellent
19871,0,0,0.097,90.3,Excellent
19872,0,0,0.0639,93.61,Excellent
19873,0,1,0.6174,38.26,Poor
19874,1,1,0.916,8.4,Critical
19875,1,1,0.8671,13.29,Critical
19876,0,0,0.0619,93.81,Excellent
19877,0,0,0.2069,79.31,Good
19878,1,1,0.8086,19.14,Critical
19879,0,0,0.1137,88.63,Excellent
19880,0,0,0.1919,80.81,Excellent
19881,1,1,0.6258,37.42,Poor
19882,0,0,0.1543,84.57,Excellent
19883,0,0,0.097,90.3,Excellent
19884,1,1,0.8728,12.72,Critical
19885,1,1,0.7648,23.52,Poor
19886,0,0,0.1529,84.71,Excellent
19887,0,0,0.141,85.9,Excellent
19888,0,0,0.2423,75.77,Good
19889,0,0,0.1312,86.88,Excellent
19890,0,0,0.0638,93.62,Excellent
19891,0,0,0.1965,80.35,Excellent
19892,1,1,0.7765,22.35,Poor
19893,1,1,0.8185,18.15,Critical
19894,0,0,0.2234,77.66,Good
19895,0,0,0.124,87.6,Excellent
19896,0,0,0.1016,89.84,Excellent
19897,0,0,0.1767,82.33,Excellent
19898,0,0,0.0679,93.21,Excellent
19899,0,0,0.1103,88.97,Excellent
19900,0,0,0.1743,82.57,Excellent
19901,0,0,0.1438,85.62,Excellent
19902,0,0,0.1404,85.96,Excellent
19903,0,0,0.1718,82.82,Excellent
19904,0,0,0.4567,54.33,Fair
19905,0,0,0.1556,84.44,Excellent
19906,1,1,0.7038,29.62,Poor
19907,0,0,0.0743,92.57,Excellent
19908,0,0,0.0442,95.58,Excellent
19909,0,0,0.3301,66.99,Good
19910,1,1,0.6834,31.66,Poor
19911,0,0,0.072,92.8,Excellent
19912,0,0,0.1338,86.62,Excellent
19913,0,0,0.2115,78.85,Good
19914,0,0,0.1603,83.97,Excellent
19915,0,0,0.1723,82.77,Excellent
19916,0,0,0.3451,65.49,Good
19917,1,1,0.9886,1.14,Critical
19918,1,0,0.435,56.5,Fair
19919,1,1,0.9106,8.94,Critical
19920,0,0,0.1256,87.44,Excellent
19921,0,0,0.1016,89.84,Excellent
19922,0,0,0.3326,66.74,Good
19923,0,0,0.0609,93.91,Excellent
19924,0,0,0.109,89.1,Excellent
19925,0,0,0.1525,84.75,Excellent
19926,1,1,0.9543,4.57,Critical
19927,0,0,0.0748,92.52,Excellent
19928,1,1,0.6401,35.99,Poor
19929,0,0,0.1554,84.46,Excellent
19930,1,1,0.9704,2.96,Critical
19931,1,1,0.8878,11.22,Critical
19932,1,1,0.9409,5.91,Critical
19933,1,1,0.9317,6.83,Critical
19934,1,1,0.7641,23.59,Poor
19935,1,1,0.8953,10.47,Critical
19936,0,0,0.3466,65.34,Good
19937,0,0,0.1223,87.77,Excellent
19938,1,1,0.9098,9.02,Critical
19939,0,0,0.147,85.3,Excellent
19940,0,0,0.0924,90.76,Excellent
19941,0,0,0.1981,80.19,Excellent
19942,0,0,0.0443,95.57,Excellent
19943,1,1,0.6925,30.75,Poor
19944,1,0,0.4738,52.62,Fair
19945,0,0,0.2619,73.81,Good
19946,1,1,0.9784,2.16,Critical
19947,0,0,0.2868,71.32,Good
19948,1,1,0.9322,6.78,Critical
19949,0,0,0.1649,83.51,Excellent
19950,1,1,0.6761,32.39,Poor
19951,0,0,0.17,83.0,Excellent
19952,1,1,0.9392,6.08,Critical
19953,1,1,0.943,5.7,Critical
19954,1,1,0.9452,5.48,Critical
19955,0,0,0.1882,81.18,Excellent
19956,0,0,0.1533,84.67,Excellent
19957,0,0,0.069,93.1,Excellent
19958,0,0,0.1743,82.57,Excellent
19959,0,0,0.0816,91.84,Excellent
19960,1,1,0.7975,20.25,Poor
19961,0,0,0.2125,78.75,Good
19962,1,1,0.542,45.8,Fair
19963,1,1,0.9472,5.28,Critical
19964,0,0,0.1606,83.94,Excellent
19965,0,0,0.3393,66.07,Good
19966,0,0,0.1325,86.75,Excellent
19967,0,0,0.156,84.4,Excellent
19968,1,1,0.7875,21.25,Poor
19969,1,1,0.9519,4.81,Critical
19970,1,1,0.79,21.0,Poor
19971,0,0,0.3005,69.95,Good
19972,1,1,0.9845,1.55,Critical
19973,0,0,0.0556,94.44,Excellent
19974,1,1,0.6597,34.03,Poor
19975,0,0,0.1078,89.22,Excellent
19976,1,1,0.9242,7.58,Critical
19977,0,0,0.1275,87.25,Excellent
19978,1,1,0.9049,9.51,Critical
19979,0,0,0.0687,93.13,Excellent
19980,0,0,0.2214,77.86,Good
19981,0,0,0.3821,61.79,Good
19982,1,1,0.8567,14.33,Critical
19983,1,1,0.64,36.0,Poor
19984,1,1,0.9274,7.26,Critical
19985,1,1,0.8656,13.44,Critical
19986,1,1,0.8536,14.64,Critical
19987,1,1,0.8241,17.59,Critical
19988,0,0,0.1497,85.03,Excellent
19989,0,0,0.2976,70.24,Good
19990,1,1,0.7759,22.41,Poor
19991,1,1,0.9709,2.91,Critical
19992,0,0,0.1019,89.81,Excellent
19993,0,0,0.1056,89.44,Excellent
19994,1,1,0.9382,6.18,Critical
19995,0,0,0.1215,87.85,Excellent
19996,1,1,0.8435,15.65,Critical
19997,0,0,0.1166,88.34,Excellent
19998,1,1,0.7547,24.53,Poor
19999,0,0,0.126,87.4,Excellent
20000,0,0,0.0669,93.31,Excellent
20001,0,0,0.0725,92.75,Excellent
20002,0,0,0.1026,89.74,Excellent
20003,1,1,0.9042,9.58,Critical
20004,0,0,0.1809,81.91,Excellent
20005,1,1,0.952,4.8,Critical
20006,0,0,0.094,90.6,Excellent
20007,1,1,0.9669,3.31,Critical
20008,0,0,0.0896,91.04,Excellent
20009,1,1,0.8501,14.99,Critical
20010,0,0,0.1521,84.79,Excellent
20011,0,0,0.0625,93.75,Excellent
20012,0,0,0.1685,83.15,Excellent
20013,1,1,0.9572,4.28,Critical
20014,0,0,0.1825,81.75,Excellent
20015,1,1,0.9507,4.93,Critical
20016,0,0,0.3383,66.17,Good
20017,1,1,0.9714,2.86,Critical
20018,1,1,0.8933,10.67,Critical
20019,0,0,0.1191,88.09,Excellent
20020,1,1,0.878,12.2,Critical
20021,0,0,0.1486,85.14,Excellent
20022,1,1,0.8012,19.88,Critical
20023,0,0,0.2526,74.74,Good
20024,0,0,0.4451,55.49,Fair
20025,1,1,0.8957,10.43,Critical
20026,0,0,0.0498,95.02,Excellent
20027,0,0,0.2241,77.59,Good
20028,0,0,0.1395,86.05,Excellent
20029,1,1,0.5905,40.95,Fair
20030,1,1,0.795,20.5,Poor
20031,1,1,0.9054,9.46,Critical
20032,0,0,0.3965,60.35,Good
20033,1,1,0.6099,39.01,Poor
20034,0,0,0.1753,82.47,Excellent
20035,1,1,0.8179,18.21,Critical
20036,0,0,0.0859,91.41,Excellent
20037,0,0,0.0993,90.07,Excellent
20038,0,0,0.2421,75.79,Good
20039,0,0,0.3046,69.54,Good
20040,0,0,0.0886,91.14,Excellent
20041,0,0,0.467,53.3,Fair
20042,0,0,0.1515,84.85,Excellent
20043,0,0,0.1595,84.05,Excellent
20044,0,0,0.1018,89.82,Excellent
20045,0,0,0.2588,74.12,Good
20046,1,0,0.4424,55.76,Fair
20047,1,1,0.7761,22.39,Poor
20048,1,1,0.7914,20.86,Poor
20049,0,0,0.1033,89.67,Excellent
20050,1,1,0.9039,9.61,Critical
20051,0,0,0.182,81.8,Excellent
20052,1,1,0.8799,12.01,Critical
20053,1,1,0.9128,8.72,Critical
20054,0,0,0.0962,90.38,Excellent
20055,0,0,0.3818,61.82,Good
20056,0,0,0.1533,84.67,Excellent
20057,1,1,0.9376,6.24,Critical
20058,0,0,0.1787,82.13,Excellent
20059,1,1,0.9306,6.94,Critical
20060,0,0,0.4137,58.63,Fair
20061,1,1,0.7968,20.32,Poor
20062,0,0,0.0596,94.04,Excellent
20063,0,0,0.361,63.9,Good
20064,1,1,0.6815,31.85,Poor
20065,0,0,0.1544,84.56,Excellent
20066,0,0,0.1367,86.33,Excellent
20067,1,1,0.8734,12.66,Critical
20068,1,1,0.8831,11.69,Critical
20069,1,1,0.7089,29.11,Poor
20070,0,0,0.0406,95.94,Excellent
20071,0,0,0.1102,88.98,Excellent
20072,0,0,0.1797,82.03,Excellent
20073,1,1,0.9483,5.17,Critical
20074,0,0,0.1737,82.63,Excellent
20075,1,1,0.893,10.7,Critical
20076,1,1,0.7291,27.09,Poor
20077,1,1,0.8704,12.96,Critical
20078,1,1,0.6404,35.96,Poor
20079,1,1,0.9432,5.68,Critical
20080,1,1,0.9664,3.36,Critical
20081,0,0,0.2708,72.92,Good
20082,0,0,0.3073,69.27,Good
20083,1,1,0.8705,12.95,Critical
20084,1,1,0.5667,43.33,Fair
20085,1,1,0.8491,15.09,Critical
20086,1,1,0.8257,17.43,Critical
20087,0,0,0.0763,92.37,Excellent
20088,1,1,0.7585,24.15,Poor
20089,1,1,0.6198,38.02,Poor
20090,0,0,0.0792,92.08,Excellent
20091,0,0,0.1925,80.75,Excellent
20092,0,0,0.0898,91.02,Excellent
20093,0,0,0.0924,90.76,Excellent
20094,1,1,0.8607,13.93,Critical
20095,1,1,0.8756,12.44,Critical
20096,1,1,0.8803,11.97,Critical
20097,0,0,0.1346,86.54,Excellent
20098,1,1,0.7829,21.71,Poor
20099,0,0,0.0888,91.12,Excellent
20100,1,1,0.8868,11.32,Critical
20101,1,1,0.8332,16.68,Critical
20102,0,0,0.4542,54.58,Fair
20103,1,1,0.9245,7.55,Critical
20104,1,1,0.9433,5.67,Critical
20105,1,1,0.9411,5.89,Critical
20106,1,1,0.7504,24.96,Poor
20107,0,0,0.0547,94.53,Excellent
20108,1,1,0.7715,22.85,Poor
20109,0,0,0.1037,89.63,Excellent
20110,1,1,0.7728,22.72,Poor
20111,1,1,0.9112,8.88,Critical
20112,0,0,0.1224,87.76,Excellent
20113,1,1,0.996,0.4,Critical
20114,0,0,0.1008,89.92,Excellent
20115,1,1,0.835,16.5,Critical
20116,1,1,0.8976,10.24,Critical
20117,1,1,0.9065,9.35,Critical
20118,1,1,0.8798,12.02,Critical
20119,0,0,0.1611,83.89,Excellent
20120,1,1,0.7124,28.76,Poor
20121,0,0,0.1892,81.08,Excellent
20122,0,0,0.1846,81.54,Excellent
20123,1,1,0.8429,15.71,Critical
20124,1,1,0.8987,10.13,Critical
20125,1,1,0.7426,25.74,Poor
20126,1,1,0.8837,11.63,Critical
20127,1,1,0.9136,8.64,Critical
20128,1,1,0.876,12.4,Critical
20129,1,1,0.8285,17.15,Critical
20130,1,1,0.8,20.0,Poor
20131,0,0,0.0798,92.02,Excellent
20132,1,1,0.945,5.5,Critical
20133,0,0,0.3229,67.71,Good
20134,1,1,0.813,18.7,Critical
20135,0,0,0.1812,81.88,Excellent
20136,1,1,0.9303,6.97,Critical
20137,1,1,0.9031,9.69,Critical
20138,1,1,0.8936,10.64,Critical
20139,0,0,0.176,82.4,Excellent
20140,1,1,0.9394,6.06,Critical
20141,1,1,0.8134,18.66,Critical
20142,0,0,0.1594,84.06,Excellent
20143,0,0,0.1386,86.14,Excellent
20144,1,1,0.9847,1.53,Critical
20145,1,1,0.7833,21.67,Poor
20146,1,1,0.9315,6.85,Critical
20147,0,0,0.2298,77.02,Good
20148,1,1,0.897,10.3,Critical
20149,0,0,0.1382,86.18,Excellent
20150,1,1,0.8559,14.41,Critical
20151,0,0,0.1411,85.89,Excellent
20152,0,0,0.0838,91.62,Excellent
20153,1,1,0.8592,14.08,Critical
20154,1,1,0.6152,38.48,Poor
20155,1,1,0.8901,10.99,Critical
20156,1,1,0.8997,10.03,Critical
20157,0,0,0.1002,89.98,Excellent
20158,1,1,0.6935,30.65,Poor
20159,1,0,0.4589,54.11,Fair
20160,1,1,0.9701,2.99,Critical
20161,1,1,0.8095,19.05,Critical
20162,0,0,0.3358,66.42,Good
20163,1,1,0.5423,45.77,Fair
20164,0,0,0.2513,74.87,Good
20165,1,1,0.8138,18.62,Critical
20166,1,1,0.7114,28.86,Poor
20167,1,1,0.9345,6.55,Critical
20168,1,0,0.3348,66.52,Good
20169,1,1,0.9153,8.47,Critical
20170,1,1,0.6818,31.82,Poor
20171,0,0,0.1068,89.32,Excellent
20172,1,1,0.7008,29.92,Poor
20173,1,1,0.777,22.3,Poor
20174,1,1,0.7182,28.18,Poor
20175,1,1,0.7779,22.21,Poor
20176,0,0,0.2308,76.92,Good
20177,0,0,0.1161,88.39,Excellent
20178,0,0,0.079,92.1,Excellent
20179,0,0,0.0541,94.59,Excellent
20180,0,0,0.4747,52.53,Fair
20181,1,1,0.8724,12.76,Critical
20182,1,1,0.9115,8.85,Critical
20183,0,0,0.1122,88.78,Excellent
20184,0,0,0.0404,95.96,Excellent
20185,0,0,0.1238,87.62,Excellent
20186,0,0,0.3809,61.91,Good
20187,0,0,0.2179,78.21,Good
20188,0,0,0.1581,84.19,Excellent
20189,0,0,0.08,92.0,Excellent
20190,1,1,0.5873,41.27,Fair
20191,0,0,0.0815,91.85,Excellent
20192,1,1,0.899,10.1,Critical
20193,1,1,0.8548,14.52,Critical
20194,0,0,0.0476,95.24,Excellent
20195,0,0,0.1023,89.77,Excellent
20196,1,1,0.5107,48.93,Fair
20197,0,0,0.0862,91.38,Excellent
20198,0,0,0.1984,80.16,Excellent
20199,0,0,0.0724,92.76,Excellent
20200,1,1,0.8862,11.38,Critical
20201,0,0,0.1557,84.43,Excellent
20202,0,0,0.2422,75.78,Good
20203,1,1,0.8256,17.44,Critical
20204,0,0,0.1272,87.28,Excellent
20205,1,1,0.7166,28.34,Poor
20206,0,0,0.2074,79.26,Good
20207,1,1,0.8924,10.76,Critical
20208,0,0,0.078,92.2,Excellent
20209,1,1,0.8088,19.12,Critical
20210,1,1,0.6718,32.82,Poor
20211,1,1,0.7875,21.25,Poor
20212,1,1,0.9512,4.88,Critical
20213,0,0,0.0694,93.06,Excellent
20214,1,1,0.9347,6.53,Critical
20215,0,0,0.186,81.4,Excellent
20216,0,0,0.2225,77.75,Good
20217,1,0,0.4801,51.99,Fair
20218,0,0,0.0947,90.53,Excellent
20219,0,0,0.1177,88.23,Excellent
20220,1,1,0.594,40.6,Fair
20221,1,1,0.8023,19.77,Critical
20222,0,0,0.0964,90.36,Excellent
20223,0,0,0.0669,93.31,Excellent
20224,0,0,0.2073,79.27,Good
20225,1,1,0.8804,11.96,Critical
20226,1,1,0.6334,36.66,Poor
20227,0,0,0.3339,66.61,Good
20228,0,0,0.1164,88.36,Excellent
20229,1,1,0.852,14.8,Critical
20230,1,1,0.7018,29.82,Poor
20231,0,0,0.0969,90.31,Excellent
20232,1,0,0.4737,52.63,Fair
20233,0,0,0.2083,79.17,Good
20234,1,1,0.9096,9.04,Critical
20235,0,0,0.0816,91.84,Excellent
20236,0,0,0.2284,77.16,Good
20237,1,1,0.9074,9.26,Critical
20238,1,1,0.9428,5.72,Critical
20239,1,1,0.8548,14.52,Critical
20240,0,0,0.1116,88.84,Excellent
20241,0,0,0.0627,93.73,Excellent
20242,1,1,0.778,22.2,Poor
20243,1,1,0.7573,24.27,Poor
20244,1,1,0.8311,16.89,Critical
20245,0,0,0.0908,90.92,Excellent
20246,0,0,0.258,74.2,Good
20247,0,0,0.1744,82.56,Excellent
20248,0,0,0.0436,95.64,Excellent
20249,0,0,0.0648,93.52,Excellent
20250,0,0,0.2216,77.84,Good
20251,1,1,0.713,28.7,Poor
20252,1,1,0.8424,15.76,Critical
20253,1,1,0.7681,23.19,Poor
20254,0,0,0.1794,82.06,Excellent
20255,1,1,0.9519,4.81,Critical
20256,0,0,0.1239,87.61,Excellent
20257,0,0,0.0783,92.17,Excellent
20258,0,0,0.182,81.8,Excellent
20259,0,0,0.0951,90.49,Excellent
20260,0,0,0.1867,81.33,Excellent
20261,1,1,0.8744,12.56,Critical
20262,1,1,0.9226,7.74,Critical
20263,1,1,0.9144,8.56,Critical
20264,0,0,0.1411,85.89,Excellent
20265,0,0,0.0717,92.83,Excellent
20266,0,0,0.2263,77.37,Good
20267,0,0,0.0409,95.91,Excellent
20268,1,1,0.7811,21.89,Poor
20269,1,1,0.9387,6.13,Critical
20270,0,0,0.4322,56.78,Fair
20271,1,1,0.7699,23.01,Poor
20272,1,1,0.9393,6.07,Critical
20273,1,1,0.8363,16.37,Critical
20274,1,1,0.8954,10.46,Critical
20275,0,0,0.0996,90.04,Excellent
20276,1,1,0.7968,20.32,Poor
20277,1,1,0.5345,46.55,Fair
20278,1,1,0.9744,2.56,Critical
20279,1,1,0.9169,8.31,Critical
20280,0,0,0.2107,78.93,Good
20281,1,1,0.6776,32.24,Poor
20282,1,1,0.8272,17.28,Critical
20283,0,0,0.0623,93.77,Excellent
20284,1,1,0.9235,7.65,Critical
20285,0,0,0.1367,86.33,Excellent
20286,1,1,0.8038,19.62,Critical
20287,0,0,0.0795,92.05,Excellent
20288,1,1,0.8105,18.95,Critical
20289,0,0,0.0696,93.04,Excellent
20290,1,0,0.4598,54.02,Fair
20291,1,1,0.932,6.8,Critical
20292,0,0,0.2857,71.43,Good
20293,0,0,0.1069,89.31,Excellent
20294,0,0,0.176,82.4,Excellent
20295,1,1,0.9539,4.61,Critical
20296,0,0,0.1464,85.36,Excellent
20297,1,1,0.6273,37.27,Poor
20298,1,1,0.9118,8.82,Critical
20299,0,0,0.189,81.1,Excellent
20300,0,0,0.1449,85.51,Excellent
20301,1,1,0.9423,5.77,Critical
20302,1,1,0.9898,1.02,Critical
20303,0,0,0.0481,95.19,Excellent
20304,0,0,0.2138,78.62,Good
20305,0,0,0.1353,86.47,Excellent
20306,0,0,0.2113,78.87,Good
20307,1,1,0.9664,3.36,Critical
20308,0,0,0.1395,86.05,Excellent
20309,1,1,0.7032,29.68,Poor
20310,1,1,0.9352,6.48,Critical
20311,0,0,0.1221,87.79,Excellent
20312,0,0,0.1167,88.33,Excellent
20313,1,1,0.9486,5.14,Critical
20314,1,1,0.7858,21.42,Poor
20315,1,1,0.9153,8.47,Critical
20316,1,1,0.6679,33.21,Poor
20317,1,1,0.9047,9.53,Critical
20318,1,1,0.8203,17.97,Critical
20319,1,1,0.914,8.6,Critical
20320,1,1,0.8151,18.49,Critical
20321,0,0,0.1777,82.23,Excellent
20322,1,1,0.8209,17.91,Critical
20323,1,1,0.8855,11.45,Critical
20324,1,1,0.8543,14.57,Critical
20325,1,1,0.8774,12.26,Critical
20326,1,1,0.8907,10.93,Critical
20327,0,0,0.1641,83.59,Excellent
20328,0,0,0.141,85.9,Excellent
20329,1,1,0.9493,5.07,Critical
20330,1,1,0.9388,6.12,Critical
20331,0,1,0.5008,49.92,Fair
20332,1,1,0.5094,49.06,Fair
20333,0,0,0.075,92.5,Excellent
20334,1,1,0.5641,43.59,Fair
20335,1,1,0.8076,19.24,Critical
20336,1,1,0.6819,31.81,Poor
20337,1,1,0.9355,6.45,Critical
20338,0,0,0.1041,89.59,Excellent
20339,0,0,0.3769,62.31,Good
20340,1,1,0.8347,16.53,Critical
20341,0,0,0.0907,90.93,Excellent
20342,1,1,0.9007,9.93,Critical
20343,0,0,0.0829,91.71,Excellent
20344,1,1,0.9525,4.75,Critical
20345,0,0,0.0641,93.59,Excellent
20346,0,0,0.082,91.8,Excellent
20347,0,0,0.0557,94.43,Excellent
20348,0,0,0.1671,83.29,Excellent
20349,0,0,0.2367,76.33,Good
20350,0,0,0.1367,86.33,Excellent
20351,0,0,0.2153,78.47,Good
20352,1,1,0.9474,5.26,Critical
20353,0,0,0.0742,92.58,Excellent
20354,1,1,0.9919,0.81,Critical
20355,0,0,0.1081,89.19,Excellent
20356,0,0,0.1234,87.66,Excellent
20357,0,0,0.0585,94.15,Excellent
20358,1,1,0.9251,7.49,Critical
20359,0,0,0.1479,85.21,Excellent
20360,1,1,0.8672,13.28,Critical
20361,1,1,0.8159,18.41,Critical
20362,0,0,0.122,87.8,Excellent
20363,0,0,0.0924,90.76,Excellent
20364,0,0,0.1878,81.22,Excellent
20365,1,1,0.8142,18.58,Critical
20366,1,1,0.6381,36.19,Poor
20367,1,1,0.9407,5.93,Critical
20368,1,1,0.7461,25.39,Poor
20369,0,0,0.2486,75.14,Good
20370,1,1,0.9491,5.09,Critical
20371,0,0,0.1969,80.31,Excellent
20372,0,0,0.0989,90.11,Excellent
20373,0,0,0.1424,85.76,Excellent
20374,1,1,0.8718,12.82,Critical
20375,1,1,0.7237,27.63,Poor
20376,1,1,0.9032,9.68,Critical
20377,1,1,0.9571,4.29,Critical
20378,1,1,0.9001,9.99,Critical
20379,1,1,0.7564,24.36,Poor
20380,1,1,0.8337,16.63,Critical
20381,1,1,0.7672,23.28,Poor
20382,1,1,0.6216,37.84,Poor
20383,0,0,0.0605,93.95,Excellent
20384,1,1,0.6363,36.37,Poor
20385,1,1,0.8162,18.38,Critical
20386,1,1,0.7085,29.15,Poor
20387,0,0,0.1139,88.61,Excellent
20388,1,1,0.7437,25.63,Poor
20389,0,0,0.1654,83.46,Excellent
20390,1,1,0.7246,27.54,Poor
20391,1,1,0.6778,32.22,Poor
20392,0,0,0.1495,85.05,Excellent
20393,1,1,0.7768,22.32,Poor
20394,1,1,0.9074,9.26,Critical
20395,1,1,0.9833,1.67,Critical
20396,1,1,0.9265,7.35,Critical
20397,1,1,0.844,15.6,Critical
20398,1,1,0.729,27.1,Poor
20399,1,1,0.6549,34.51,Poor
20400,0,0,0.0702,92.98,Excellent
20401,1,1,0.9264,7.36,Critical
20402,0,0,0.2951,70.49,Good
20403,0,0,0.0346,96.54,Excellent
20404,1,1,0.5373,46.27,Fair
20405,1,1,0.9336,6.64,Critical
20406,0,0,0.4589,54.11,Fair
20407,1,1,0.8912,10.88,Critical
20408,1,1,0.8551,14.49,Critical
20409,0,0,0.165,83.5,Excellent
20410,1,1,0.9102,8.98,Critical
20411,1,1,0.9274,7.26,Critical
20412,0,0,0.1052,89.48,Excellent
20413,0,0,0.0974,90.26,Excellent
20414,1,1,0.8074,19.26,Critical
20415,1,1,0.5646,43.54,Fair
20416,1,1,0.9197,8.03,Critical
20417,0,0,0.1646,83.54,Excellent
20418,1,1,0.6695,33.05,Poor
20419,0,0,0.1777,82.23,Excellent
20420,1,1,0.89,11.0,Critical
20421,0,0,0.1175,88.25,Excellent
20422,1,1,0.9202,7.98,Critical
20423,0,0,0.2371,76.29,Good
20424,1,1,0.8034,19.66,Critical
20425,1,0,0.3777,62.23,Good
20426,1,1,0.9454,5.46,Critical
20427,1,1,0.5271,47.29,Fair
20428,1,1,0.9947,0.53,Critical
20429,0,0,0.1576,84.24,Excellent
20430,1,1,0.9234,7.66,Critical
20431,1,1,0.9099,9.01,Critical
20432,0,0,0.1521,84.79,Excellent
20433,1,1,0.9876,1.24,Critical
20434,0,0,0.138,86.2,Excellent
20435,0,0,0.3559,64.41,Good
20436,1,1,0.8941,10.59,Critical
20437,1,1,0.6563,34.37,Poor
20438,0,0,0.1384,86.16,Excellent
20439,0,0,0.0931,90.69,Excellent
20440,1,1,0.8547,14.53,Critical
20441,1,1,0.5871,41.29,Fair
20442,0,0,0.1791,82.09,Excellent
20443,0,0,0.1786,82.14,Excellent
20444,0,0,0.1606,83.94,Excellent
20445,1,1,0.955,4.5,Critical
20446,1,1,0.7292,27.08,Poor
20447,1,1,0.5673,43.27,Fair
20448,0,0,0.1852,81.48,Excellent
20449,0,0,0.4046,59.54,Fair
20450,0,0,0.0906,90.94,Excellent
20451,0,0,0.216,78.4,Good
20452,0,0,0.2642,73.58,Good
20453,0,0,0.1262,87.38,Excellent
20454,0,0,0.2534,74.66,Good
20455,1,1,0.872,12.8,Critical
20456,0,0,0.1386,86.14,Excellent
20457,1,1,0.7793,22.07,Poor
20458,0,0,0.0597,94.03,Excellent
20459,0,0,0.2217,77.83,Good
20460,1,1,0.9449,5.51,Critical
20461,1,1,0.7574,24.26,Poor
20462,0,0,0.0949,90.51,Excellent
20463,0,0,0.0777,92.23,Excellent
20464,1,1,0.6102,38.98,Poor
20465,0,0,0.152,84.8,Excellent
20466,0,0,0.0677,93.23,Excellent
20467,0,0,0.0578,94.22,Excellent
20468,1,1,0.7245,27.55,Poor
20469,0,0,0.2088,79.12,Good
20470,0,0,0.1663,83.37,Excellent
20471,0,0,0.0726,92.74,Excellent
20472,1,1,0.9727,2.73,Critical
20473,1,1,0.8779,12.21,Critical
20474,0,0,0.326,67.4,Good
20475,0,0,0.1291,87.09,Excellent
20476,1,1,0.8364,16.36,Critical
20477,1,1,0.9742,2.58,Critical
20478,1,1,0.9096,9.04,Critical
20479,0,0,0.0494,95.06,Excellent
20480,0,0,0.2478,75.22,Good
20481,0,0,0.1373,86.27,Excellent
20482,1,0,0.3959,60.41,Good
20483,1,1,0.6356,36.44,Poor
20484,0,0,0.2484,75.16,Good
20485,0,0,0.2629,73.71,Good
20486,0,0,0.1336,86.64,Excellent
20487,0,0,0.1388,86.12,Excellent
20488,1,1,0.9363,6.37,Critical
20489,1,1,0.8664,13.36,Critical
20490,0,0,0.3003,69.97,Good
20491,1,1,0.9125,8.75,Critical
20492,1,1,0.8748,12.52,Critical
20493,1,1,0.8411,15.89,Critical
20494,0,0,0.1368,86.32,Excellent
20495,1,1,0.9706,2.94,Critical
20496,1,1,0.9488,5.12,Critical
20497,0,0,0.1335,86.65,Excellent
20498,1,1,0.8886,11.14,Critical
20499,0,0,0.4431,55.69,Fair
20500,0,0,0.1324,86.76,Excellent
20501,0,0,0.1251,87.49,Excellent
20502,1,1,0.9922,0.78,Critical
20503,0,0,0.0838,91.62,Excellent
20504,1,1,0.8829,11.71,Critical
20505,0,0,0.1773,82.27,Excellent
20506,1,1,0.9093,9.07,Critical
20507,1,1,0.6633,33.67,Poor
20508,1,1,0.7709,22.91,Poor
20509,1,1,0.9596,4.04,Critical
20510,1,1,0.9186,8.14,Critical
20511,1,1,0.6158,38.42,Poor
20512,0,0,0.1373,86.27,Excellent
20513,0,0,0.1711,82.89,Excellent
20514,1,1,0.7304,26.96,Poor
20515,1,1,0.9761,2.39,Critical
20516,1,1,0.8999,10.01,Critical
20517,0,0,0.1941,80.59,Excellent
20518,0,0,0.1096,89.04,Excellent
20519,0,0,0.0798,92.02,Excellent
20520,1,1,0.914,8.6,Critical
20521,1,1,0.7659,23.41,Poor
20522,1,0,0.3643,63.57,Good
20523,1,1,0.702,29.8,Poor
20524,0,0,0.2596,74.04,Good
20525,1,1,0.9332,6.68,Critical
20526,1,1,0.9312,6.88,Critical
20527,0,0,0.0531,94.69,Excellent
20528,0,0,0.0848,91.52,Excellent
20529,1,1,0.8679,13.21,Critical
20530,0,0,0.2129,78.71,Good
20531,1,1,0.9114,8.86,Critical
20532,1,1,0.9149,8.51,Critical
20533,0,0,0.1296,87.04,Excellent
20534,1,1,0.9192,8.08,Critical
20535,0,0,0.0445,95.55,Excellent
20536,1,1,0.6702,32.98,Poor
20537,0,0,0.1887,81.13,Excellent
20538,1,1,0.9883,1.17,Critical
20539,1,1,0.7105,28.95,Poor
20540,0,0,0.0676,93.24,Excellent
20541,1,1,0.817,18.3,Critical
20542,1,1,0.9831,1.69,Critical
20543,0,0,0.1246,87.54,Excellent
20544,1,1,0.845,15.5,Critical
20545,0,0,0.0686,93.14,Excellent
20546,0,0,0.0985,90.15,Excellent
20547,0,0,0.0582,94.18,Excellent
20548,0,0,0.0533,94.67,Excellent
20549,1,1,0.8041,19.59,Critical
20550,0,0,0.1043,89.57,Excellent
20551,1,1,0.9391,6.09,Critical
20552,1,1,0.9325,6.75,Critical
20553,1,1,0.9552,4.48,Critical
20554,0,0,0.0651,93.49,Excellent
20555,0,0,0.0621,93.79,Excellent
20556,1,1,0.7651,23.49,Poor
20557,1,1,0.9484,5.16,Critical
20558,1,1,0.8385,16.15,Critical
20559,1,1,0.8503,14.97,Critical
20560,1,1,0.9531,4.69,Critical
20561,1,1,0.9194,8.06,Critical
20562,0,0,0.2778,72.22,Good
20563,1,1,0.6606,33.94,Poor
20564,0,0,0.4325,56.75,Fair
20565,1,1,0.9844,1.56,Critical
20566,1,0,0.4524,54.76,Fair
20567,1,1,0.8292,17.08,Critical
20568,1,1,0.6415,35.85,Poor
20569,0,0,0.1543,84.57,Excellent
20570,0,0,0.0892,91.08,Excellent
20571,0,0,0.1302,86.98,Excellent
20572,0,0,0.3875,61.25,Good
20573,1,1,0.7655,23.45,Poor
20574,1,1,0.9439,5.61,Critical
20575,1,1,0.9397,6.03,Critical
20576,1,1,0.7134,28.66,Poor
20577,0,0,0.1208,87.92,Excellent
20578,0,0,0.4428,55.72,Fair
20579,1,1,0.932,6.8,Critical
20580,0,0,0.0592,94.08,Excellent
20581,0,0,0.1142,88.58,Excellent
20582,0,0,0.1012,89.88,Excellent
20583,0,0,0.0768,92.32,Excellent
20584,0,0,0.1098,89.02,Excellent
20585,0,0,0.1112,88.88,Excellent
20586,1,1,0.9012,9.88,Critical
20587,0,0,0.1494,85.06,Excellent
20588,0,0,0.3076,69.24,Good
20589,1,1,0.8637,13.63,Critical
20590,1,0,0.3829,61.71,Good
20591,0,0,0.1088,89.12,Excellent
20592,1,1,0.945,5.5,Critical
20593,0,0,0.1089,89.11,Excellent
20594,0,0,0.2241,77.59,Good
20595,0,0,0.1314,86.86,Excellent
20596,0,0,0.3608,63.92,Good
20597,1,1,0.7777,22.23,Poor
20598,0,0,0.1771,82.29,Excellent
20599,1,1,0.8972,10.28,Critical
20600,1,1,0.9401,5.99,Critical
20601,0,0,0.2081,79.19,Good
20602,0,0,0.1255,87.45,Excellent
20603,1,1,0.9558,4.42,Critical
20604,0,0,0.1556,84.44,Excellent
20605,0,0,0.0592,94.08,Excellent
20606,0,0,0.4416,55.84,Fair
20607,0,0,0.2722,72.78,Good
20608,0,0,0.1693,83.07,Excellent
20609,0,0,0.2779,72.21,Good
20610,0,0,0.1748,82.52,Excellent
20611,0,0,0.1536,84.64,Excellent
20612,1,1,0.7803,21.97,Poor
20613,1,1,0.7815,21.85,Poor
20614,0,0,0.1525,84.75,Excellent
20615,0,0,0.1813,81.87,Excellent
20616,0,0,0.1508,84.92,Excellent
20617,1,1,0.8116,18.84,Critical
20618,0,0,0.1696,83.04,Excellent
20619,0,0,0.0831,91.69,Excellent
20620,1,1,0.9065,9.35,Critical
20621,1,1,0.9371,6.29,Critical
20622,0,0,0.1248,87.52,Excellent
20623,0,0,0.2141,78.59,Good
20624,1,1,0.7332,26.68,Poor
20625,0,0,0.2011,79.89,Good
20626,1,1,0.9423,5.77,Critical
20627,1,1,0.9355,6.45,Critical
20628,0,0,0.1599,84.01,Excellent
20629,0,0,0.0376,96.24,Excellent
20630,1,1,0.8455,15.45,Critical
20631,1,1,0.7794,22.06,Poor
20632,1,1,0.6639,33.61,Poor
20633,0,0,0.1334,86.66,Excellent
20634,1,1,0.8896,11.04,Critical
20635,1,1,0.8261,17.39,Critical
20636,1,1,0.9665,3.35,Critical
20637,1,1,0.8382,16.18,Critical
20638,0,0,0.1234,87.66,Excellent
20639,1,1,0.932,6.8,Critical
20640,1,1,0.9479,5.21,Critical
20641,0,0,0.1689,83.11,Excellent
20642,0,0,0.103,89.7,Excellent
20643,1,1,0.8321,16.79,Critical
20644,0,0,0.2029,79.71,Good
20645,0,0,0.1937,80.63,Excellent
20646,1,1,0.8235,17.65,Critical
20647,0,0,0.0872,91.28,Excellent
20648,0,0,0.0899,91.01,Excellent
20649,0,0,0.1832,81.68,Excellent
20650,1,1,0.9018,9.82,Critical
20651,1,1,0.9313,6.87,Critical
20652,1,1,0.9343,6.57,Critical
20653,1,1,0.7684,23.16,Poor
20654,0,0,0.4666,53.34,Fair
20655,0,0,0.1204,87.96,Excellent
20656,0,0,0.1287,87.13,Excellent
20657,1,1,0.9516,4.84,Critical
20658,0,0,0.2079,79.21,Good
20659,1,0,0.4634,53.66,Fair
20660,1,1,0.9967,0.33,Critical
20661,1,1,0.8928,10.72,Critical
20662,1,1,0.7682,23.18,Poor
20663,0,0,0.1492,85.08,Excellent
20664,0,0,0.1576,84.24,Excellent
20665,0,0,0.3056,69.44,Good
20666,0,0,0.1859,81.41,Excellent
20667,1,1,0.7374,26.26,Poor
20668,1,1,0.9783,2.17,Critical
20669,1,0,0.4617,53.83,Fair
20670,1,1,0.6434,35.66,Poor
20671,1,1,0.9645,3.55,Critical
20672,1,0,0.4358,56.42,Fair
20673,0,0,0.1054,89.46,Excellent
20674,0,0,0.1328,86.72,Excellent
20675,1,1,0.6008,39.92,Poor
20676,0,0,0.1229,87.71,Excellent
20677,0,0,0.1656,83.44,Excellent
20678,0,0,0.078,92.2,Excellent
20679,1,1,0.7197,28.03,Poor
20680,0,0,0.1434,85.66,Excellent
20681,0,0,0.1165,88.35,Excellent
20682,0,0,0.1123,88.77,Excellent
20683,1,1,0.6037,39.63,Poor
20684,1,1,0.8525,14.75,Critical
20685,0,0,0.095,90.5,Excellent
20686,0,0,0.1841,81.59,Excellent
20687,1,1,0.9231,7.69,Critical
20688,1,1,0.8858,11.42,Critical
20689,0,0,0.1783,82.17,Excellent
20690,1,1,0.8485,15.15,Critical
20691,0,0,0.1388,86.12,Excellent
20692,1,1,0.76,24.0,Poor
20693,0,0,0.2093,79.07,Good
20694,0,0,0.1511,84.89,Excellent
20695,0,0,0.1022,89.78,Excellent
20696,1,1,0.942,5.8,Critical
20697,0,0,0.0758,92.42,Excellent
20698,1,1,0.8605,13.95,Critical
20699,1,1,0.829,17.1,Critical
20700,1,1,0.891,10.9,Critical
20701,0,0,0.278,72.2,Good
20702,1,1,0.9204,7.96,Critical
20703,1,1,0.9221,7.79,Critical
20704,1,1,0.5642,43.58,Fair
20705,1,1,0.9469,5.31,Critical
20706,0,0,0.0458,95.42,Excellent
20707,0,0,0.2562,74.38,Good
20708,1,1,0.8587,14.13,Critical
20709,0,0,0.0771,92.29,Excellent
20710,1,1,0.7577,24.23,Poor
20711,1,1,0.9856,1.44,Critical
20712,0,0,0.1326,86.74,Excellent
20713,1,1,0.786,21.4,Poor
20714,0,0,0.1685,83.15,Excellent
20715,0,1,0.5279,47.21,Fair
20716,1,1,0.769,23.1,Poor
20717,0,0,0.146,85.4,Excellent
20718,1,1,0.7655,23.45,Poor
20719,1,1,0.5109,48.91,Fair
20720,0,0,0.2091,79.09,Good
20721,1,1,0.8969,10.31,Critical
20722,0,0,0.147,85.3,Excellent
20723,0,0,0.2358,76.42,Good
20724,0,0,0.073,92.7,Excellent
20725,1,1,0.8259,17.41,Critical
20726,0,0,0.1087,89.13,Excellent
20727,1,0,0.4468,55.32,Fair
20728,1,1,0.8686,13.14,Critical
20729,1,1,0.7596,24.04,Poor
20730,1,1,0.6238,37.62,Poor
20731,1,1,0.7579,24.21,Poor
20732,1,1,0.8801,11.99,Critical
20733,1,1,0.8655,13.45,Critical
20734,1,1,0.8688,13.12,Critical
20735,0,0,0.1319,86.81,Excellent
20736,0,0,0.0774,92.26,Excellent
20737,0,0,0.1457,85.43,Excellent
20738,0,0,0.1392,86.08,Excellent
20739,1,1,0.9499,5.01,Critical
20740,0,0,0.1803,81.97,Excellent
20741,0,0,0.1139,88.61,Excellent
20742,0,0,0.095,90.5,Excellent
20743,0,0,0.0741,92.59,Excellent
20744,1,1,0.8905,10.95,Critical
20745,0,0,0.1338,86.62,Excellent
20746,1,1,0.9244,7.56,Critical
20747,1,0,0.4273,57.27,Fair
20748,0,0,0.1002,89.98,Excellent
20749,1,1,0.9084,9.16,Critical
20750,1,1,0.9261,7.39,Critical
20751,1,1,0.9027,9.73,Critical
20752,1,1,0.8459,15.41,Critical
20753,0,0,0.3063,69.37,Good
20754,0,0,0.2932,70.68,Good
20755,1,1,0.9484,5.16,Critical
20756,0,0,0.0492,95.08,Excellent
20757,1,1,0.6491,35.09,Poor
20758,1,0,0.4157,58.43,Fair
20759,0,0,0.1283,87.17,Excellent
20760,0,0,0.1095,89.05,Excellent
20761,0,0,0.1017,89.83,Excellent
20762,0,0,0.0943,90.57,Excellent
20763,1,1,0.9345,6.55,Critical
20764,0,0,0.078,92.2,Excellent
20765,1,1,0.9063,9.37,Critical
20766,0,0,0.0585,94.15,Excellent
20767,1,1,0.8741,12.59,Critical
20768,1,1,0.6418,35.82,Poor
20769,0,0,0.0684,93.16,Excellent
20770,1,1,0.5985,40.15,Fair
20771,1,1,0.9418,5.82,Critical
20772,0,0,0.168,83.2,Excellent
20773,1,1,0.8648,13.52,Critical
20774,1,1,0.7314,26.86,Poor
20775,1,1,0.957,4.3,Critical
20776,0,0,0.0941,90.59,Excellent
20777,1,1,0.8738,12.62,Critical
20778,1,1,0.9247,7.53,Critical
20779,1,1,0.8287,17.13,Critical
20780,0,0,0.1032,89.68,Excellent
20781,0,0,0.2124,78.76,Good
20782,1,1,0.8664,13.36,Critical
20783,1,1,0.8757,12.43,Critical
20784,1,1,0.8758,12.42,Critical
20785,1,1,0.8298,17.02,Critical
20786,0,0,0.1171,88.29,Excellent
20787,1,1,0.9043,9.57,Critical
20788,0,0,0.0722,92.78,Excellent
20789,1,1,0.9076,9.24,Critical
20790,0,0,0.1628,83.72,Excellent
20791,1,1,0.874,12.6,Critical
20792,0,0,0.1031,89.69,Excellent
20793,1,1,0.8794,12.06,Critical
20794,0,0,0.0859,91.41,Excellent
20795,0,0,0.4642,53.58,Fair
20796,0,0,0.122,87.8,Excellent
20797,0,0,0.0778,92.22,Excellent
20798,0,0,0.1274,87.26,Excellent
20799,0,0,0.2528,74.72,Good
20800,0,0,0.3576,64.24,Good
20801,1,1,0.8431,15.69,Critical
20802,0,0,0.0676,93.24,Excellent
20803,0,0,0.2117,78.83,Good
20804,1,1,0.8415,15.85,Critical
20805,0,0,0.4931,50.69,Fair
20806,1,1,0.7316,26.84,Poor
20807,0,0,0.0845,91.55,Excellent
20808,0,0,0.1053,89.47,Excellent
20809,0,0,0.0654,93.46,Excellent
20810,0,0,0.1707,82.93,Excellent
20811,1,1,0.9632,3.68,Critical
20812,0,0,0.2378,76.22,Good
20813,0,0,0.1093,89.07,Excellent
20814,0,1,0.6012,39.88,Poor
20815,1,1,0.7875,21.25,Poor
20816,0,0,0.1129,88.71,Excellent
20817,1,1,0.8535,14.65,Critical
20818,0,0,0.078,92.2,Excellent
20819,1,1,0.9001,9.99,Critical
20820,0,0,0.3438,65.62,Good
20821,1,1,0.8441,15.59,Critical
20822,1,1,0.9863,1.37,Critical
20823,0,0,0.0431,95.69,Excellent
20824,0,0,0.0883,91.17,Excellent
20825,1,0,0.4139,58.61,Fair
20826,0,0,0.0771,92.29,Excellent
20827,0,0,0.2207,77.93,Good
20828,1,1,0.5932,40.68,Fair
20829,0,0,0.3691,63.09,Good
20830,0,0,0.1383,86.17,Excellent
20831,0,0,0.0469,95.31,Excellent
20832,0,0,0.1426,85.74,Excellent
20833,0,0,0.2993,70.07,Good
20834,1,1,0.6397,36.03,Poor
20835,1,1,0.7185,28.15,Poor
20836,1,1,0.945,5.5,Critical
20837,0,0,0.1317,86.83,Excellent
20838,1,1,0.9833,1.67,Critical
20839,0,0,0.1953,80.47,Excellent
20840,0,0,0.1921,80.79,Excellent
20841,0,0,0.1026,89.74,Excellent
20842,1,1,0.8855,11.45,Critical
20843,0,0,0.0509,94.91,Excellent
20844,1,0,0.4539,54.61,Fair
20845,1,1,0.8841,11.59,Critical
20846,1,1,0.9181,8.19,Critical
20847,1,1,0.7189,28.11,Poor
20848,1,1,0.6709,32.91,Poor
20849,1,1,0.9183,8.17,Critical
20850,1,1,0.8803,11.97,Critical
20851,0,0,0.0813,91.87,Excellent
20852,0,0,0.1517,84.83,Excellent
20853,1,1,0.7819,21.81,Poor
20854,1,1,0.9733,2.67,Critical
20855,0,0,0.4067,59.33,Fair
20856,0,0,0.101,89.9,Excellent
20857,0,0,0.1085,89.15,Excellent
20858,1,0,0.4706,52.94,Fair
20859,0,0,0.0744,92.56,Excellent
20860,0,0,0.0635,93.65,Excellent
20861,0,0,0.0488,95.12,Excellent
20862,1,1,0.5734,42.66,Fair
20863,1,1,0.8813,11.87,Critical
20864,1,1,0.9359,6.41,Critical
20865,0,0,0.0915,90.85,Excellent
20866,0,0,0.3476,65.24,Good
20867,1,1,0.7401,25.99,Poor
20868,0,0,0.3586,64.14,Good
20869,0,0,0.2009,79.91,Good
20870,1,1,0.903,9.7,Critical
20871,0,0,0.0998,90.02,Excellent
20872,0,0,0.1926,80.74,Excellent
20873,1,1,0.8236,17.64,Critical
20874,0,0,0.3848,61.52,Good
20875,0,0,0.113,88.7,Excellent
20876,1,1,0.9051,9.49,Critical
20877,0,0,0.0857,91.43,Excellent
20878,0,0,0.1123,88.77,Excellent
20879,0,1,0.5066,49.34,Fair
20880,1,1,0.8971,10.29,Critical
20881,1,1,0.9343,6.57,Critical
20882,1,1,0.9715,2.85,Critical
20883,0,0,0.3155,68.45,Good
20884,1,1,0.8644,13.56,Critical
20885,0,0,0.1735,82.65,Excellent
20886,1,1,0.9159,8.41,Critical
20887,1,1,0.9829,1.71,Critical
20888,0,0,0.0914,90.86,Excellent
20889,1,1,0.761,23.9,Poor
20890,1,1,0.859,14.1,Critical
20891,0,0,0.1045,89.55,Excellent
20892,1,1,0.5644,43.56,Fair
20893,0,0,0.1668,83.32,Excellent
20894,1,1,0.9386,6.14,Critical
20895,1,1,0.7787,22.13,Poor
20896,0,0,0.3659,63.41,Good
20897,0,0,0.2239,77.61,Good
20898,0,0,0.1038,89.62,Excellent
20899,1,1,0.7877,21.23,Poor
20900,1,1,0.9789,2.11,Critical
20901,1,1,0.7496,25.04,Poor
20902,0,0,0.1834,81.66,Excellent
20903,1,1,0.9395,6.05,Critical
20904,1,1,0.8666,13.34,Critical
20905,1,1,0.9103,8.97,Critical
20906,1,1,0.8645,13.55,Critical
20907,0,0,0.3509,64.91,Good
20908,0,0,0.1782,82.18,Excellent
20909,1,1,0.9468,5.32,Critical
20910,0,0,0.156,84.4,Excellent
20911,1,1,0.8322,16.78,Critical
20912,0,0,0.2875,71.25,Good
20913,1,1,0.6609,33.91,Poor
20914,1,1,0.6457,35.43,Poor
20915,1,1,0.9367,6.33,Critical
20916,1,1,0.9087,9.13,Critical
20917,0,1,0.5488,45.12,Fair
20918,1,1,0.9449,5.51,Critical
20919,1,1,0.8156,18.44,Critical
20920,0,0,0.2718,72.82,Good
20921,0,0,0.1492,85.08,Excellent
20922,1,1,0.7808,21.92,Poor
20923,0,1,0.5013,49.87,Fair
20924,1,1,0.7471,25.29,Poor
20925,1,1,0.8284,17.16,Critical
20926,1,1,0.6878,31.22,Poor
20927,0,1,0.645,35.5,Poor
20928,0,0,0.2703,72.97,Good
20929,1,1,0.6857,31.43,Poor
20930,1,1,0.6654,33.46,Poor
20931,1,1,0.8095,19.05,Critical
20932,0,0,0.0491,95.09,Excellent
20933,1,1,0.6693,33.07,Poor
20934,0,0,0.0556,94.44,Excellent
20935,0,0,0.1183,88.17,Excellent
20936,0,0,0.1086,89.14,Excellent
20937,0,0,0.1282,87.18,Excellent
20938,1,1,0.8709,12.91,Critical
20939,0,0,0.1388,86.12,Excellent
20940,1,1,0.8438,15.62,Critical
20941,1,1,0.9413,5.87,Critical
20942,1,1,0.6727,32.73,Poor
20943,0,0,0.162,83.8,Excellent
20944,0,0,0.115,88.5,Excellent
20945,0,0,0.0643,93.57,Excellent
20946,1,1,0.5121,48.79,Fair
20947,0,0,0.4144,58.56,Fair
20948,1,1,0.9282,7.18,Critical
20949,1,1,0.6507,34.93,Poor
20950,0,0,0.1736,82.64,Excellent
20951,1,1,0.9712,2.88,Critical
20952,1,1,0.9245,7.55,Critical
20953,0,0,0.2442,75.58,Good
20954,0,0,0.0817,91.83,Excellent
20955,0,0,0.305,69.5,Good
20956,1,1,0.9131,8.69,Critical
20957,1,1,0.9857,1.43,Critical
20958,0,0,0.0518,94.82,Excellent
20959,1,1,0.9352,6.48,Critical
20960,1,1,0.8749,12.51,Critical
20961,0,0,0.1553,84.47,Excellent
20962,1,1,0.8893,11.07,Critical
20963,1,1,0.9209,7.91,Critical
20964,1,1,0.9487,5.13,Critical
20965,1,1,0.8408,15.92,Critical
20966,1,1,0.5713,42.87,Fair
20967,1,1,0.9168,8.32,Critical
20968,0,0,0.1181,88.19,Excellent
20969,1,1,0.9045,9.55,Critical
20970,1,1,0.9215,7.85,Critical
20971,1,1,0.567,43.3,Fair
20972,0,0,0.2718,72.82,Good
20973,0,0,0.096,90.4,Excellent
20974,0,0,0.0993,90.07,Excellent
20975,0,0,0.1603,83.97,Excellent
20976,0,0,0.2424,75.76,Good
20977,0,0,0.2813,71.87,Good
20978,1,1,0.9582,4.18,Critical
20979,0,0,0.1315,86.85,Excellent
20980,0,0,0.1061,89.39,Excellent
20981,1,1,0.8613,13.87,Critical
20982,0,0,0.1324,86.76,Excellent
20983,1,1,0.8314,16.86,Critical
20984,1,1,0.7888,21.12,Poor
20985,1,1,0.9152,8.48,Critical
20986,1,1,0.7516,24.84,Poor
20987,0,0,0.1426,85.74,Excellent
20988,0,0,0.2151,78.49,Good
20989,1,1,0.8701,12.99,Critical
20990,0,0,0.0409,95.91,Excellent
20991,0,0,0.072,92.8,Excellent
20992,0,0,0.137,86.3,Excellent
20993,1,1,0.9255,7.45,Critical
20994,0,0,0.1542,84.58,Excellent
20995,0,0,0.0509,94.91,Excellent
20996,0,0,0.0375,96.25,Excellent
20997,1,0,0.4675,53.25,Fair
20998,0,0,0.126,87.4,Excellent
20999,1,1,0.7388,26.12,Poor
21000,0,0,0.1445,85.55,Excellent
21001,0,0,0.0554,94.46,Excellent
21002,0,0,0.1173,88.27,Excellent
21003,1,1,0.8731,12.69,Critical
21004,0,0,0.1569,84.31,Excellent
21005,0,0,0.1334,86.66,Excellent
21006,0,0,0.0959,90.41,Excellent
21007,1,1,0.9058,9.42,Critical
21008,0,0,0.2038,79.62,Good
21009,1,1,0.9361,6.39,Critical
21010,0,0,0.1131,88.69,Excellent
21011,1,1,0.8289,17.11,Critical
21012,0,0,0.1244,87.56,Excellent
21013,1,1,0.711,28.9,Poor
21014,0,0,0.2938,70.62,Good
21015,1,1,0.6251,37.49,Poor
21016,1,1,0.9802,1.98,Critical
21017,0,0,0.1251,87.49,Excellent
21018,0,0,0.1193,88.07,Excellent
21019,0,0,0.1648,83.52,Excellent
21020,1,1,0.6458,35.42,Poor
21021,0,0,0.1242,87.58,Excellent
21022,1,1,0.9274,7.26,Critical
21023,1,1,0.995,0.5,Critical
21024,1,1,0.7363,26.37,Poor
21025,1,1,0.9143,8.57,Critical
21026,1,1,0.8249,17.51,Critical
21027,1,1,0.9014,9.86,Critical
21028,1,1,0.8534,14.66,Critical
21029,1,1,0.7176,28.24,Poor
21030,0,0,0.1676,83.24,Excellent
21031,0,0,0.1846,81.54,Excellent
21032,1,1,0.9471,5.29,Critical
21033,0,0,0.1899,81.01,Excellent
21034,0,0,0.1807,81.93,Excellent
21035,1,1,0.6772,32.28,Poor
21036,0,0,0.2255,77.45,Good
21037,0,0,0.1908,80.92,Excellent
21038,0,0,0.1901,80.99,Excellent
21039,0,0,0.1177,88.23,Excellent
21040,1,1,0.9805,1.95,Critical
21041,0,0,0.1472,85.28,Excellent
21042,0,0,0.3686,63.14,Good
21043,0,0,0.2152,78.48,Good
21044,0,0,0.1022,89.78,Excellent
21045,0,1,0.5113,48.87,Fair
21046,1,1,0.9498,5.02,Critical
21047,0,0,0.0334,96.66,Excellent
21048,0,0,0.173,82.7,Excellent
21049,1,1,0.9,10.0,Critical
21050,0,0,0.3417,65.83,Good
21051,1,1,0.9307,6.93,Critical
21052,0,0,0.2527,74.73,Good
21053,0,0,0.0799,92.01,Excellent
21054,1,1,0.8096,19.04,Critical
21055,1,1,0.9466,5.34,Critical
21056,1,1,0.9302,6.98,Critical
21057,1,1,0.9106,8.94,Critical
21058,0,0,0.0795,92.05,Excellent
21059,1,1,0.7755,22.45,Poor
21060,1,1,0.7162,28.38,Poor
21061,0,0,0.1969,80.31,Excellent
21062,1,1,0.825,17.5,Critical
21063,0,0,0.2729,72.71,Good
21064,0,0,0.3554,64.46,Good
21065,1,1,0.8439,15.61,Critical
21066,1,1,0.8084,19.16,Critical
21067,1,1,0.9583,4.17,Critical
21068,0,0,0.1764,82.36,Excellent
21069,0,0,0.2492,75.08,Good
21070,1,1,0.8146,18.54,Critical
21071,1,1,0.8703,12.97,Critical
21072,0,0,0.1241,87.59,Excellent
21073,0,0,0.0972,90.28,Excellent
21074,0,0,0.1478,85.22,Excellent
21075,1,1,0.8463,15.37,Critical
21076,0,0,0.1354,86.46,Excellent
21077,1,1,0.8069,19.31,Critical
21078,0,0,0.0981,90.19,Excellent
21079,1,1,0.9915,0.85,Critical
21080,1,1,0.9534,4.66,Critical
21081,1,1,0.9005,9.95,Critical
21082,1,1,0.5068,49.32,Fair
21083,0,0,0.1019,89.81,Excellent
21084,1,1,0.7746,22.54,Poor
21085,1,1,0.8822,11.78,Critical
21086,0,0,0.0833,91.67,Excellent
21087,0,0,0.1183,88.17,Excellent
21088,0,0,0.0661,93.39,Excellent
21089,0,0,0.1847,81.53,Excellent
21090,1,1,0.9689,3.11,Critical
21091,1,1,0.7589,24.11,Poor
21092,0,0,0.0409,95.91,Excellent
21093,1,1,0.808,19.2,Critical
21094,0,0,0.1066,89.34,Excellent
21095,1,1,0.8424,15.76,Critical
21096,1,1,0.9887,1.13,Critical
21097,0,0,0.1234,87.66,Excellent
21098,1,1,0.6139,38.61,Poor
21099,1,1,0.94,6.0,Critical
21100,0,0,0.1421,85.79,Excellent
21101,0,0,0.0936,90.64,Excellent
21102,1,1,0.9562,4.38,Critical
21103,1,1,0.9187,8.13,Critical
21104,0,0,0.1347,86.53,Excellent
21105,1,1,0.6669,33.31,Poor
21106,0,0,0.0477,95.23,Excellent
21107,1,1,0.8646,13.54,Critical
21108,1,1,0.7813,21.87,Poor
21109,1,1,0.9004,9.96,Critical
21110,0,0,0.0672,93.28,Excellent
21111,1,1,0.7715,22.85,Poor
21112,0,0,0.2258,77.42,Good
21113,1,1,0.9283,7.17,Critical
21114,0,0,0.0999,90.01,Excellent
21115,1,1,0.7706,22.94,Poor
21116,0,0,0.1558,84.42,Excellent
21117,1,1,0.6172,38.28,Poor
21118,0,0,0.1095,89.05,Excellent
21119,1,1,0.9095,9.05,Critical
21120,1,1,0.872,12.8,Critical
21121,1,1,0.817,18.3,Critical
21122,1,1,0.9072,9.28,Critical
21123,0,0,0.1665,83.35,Excellent
21124,0,0,0.1637,83.63,Excellent
21125,0,0,0.0795,92.05,Excellent
21126,0,0,0.2925,70.75,Good
21127,1,1,0.958,4.2,Critical
21128,1,1,0.7355,26.45,Poor
21129,1,1,0.923,7.7,Critical
21130,0,0,0.0602,93.98,Excellent
21131,0,0,0.1736,82.64,Excellent
21132,1,1,0.9716,2.84,Critical
21133,1,1,0.9055,9.45,Critical
21134,0,0,0.3125,68.75,Good
21135,1,1,0.9581,4.19,Critical
21136,0,0,0.3637,63.63,Good
21137,1,1,0.9891,1.09,Critical
21138,0,0,0.213,78.7,Good
21139,1,1,0.922,7.8,Critical
21140,1,1,0.9214,7.86,Critical
21141,1,1,0.9695,3.05,Critical
21142,1,1,0.9268,7.32,Critical
21143,1,1,0.8547,14.53,Critical
21144,1,1,0.5517,44.83,Fair
21145,0,0,0.1428,85.72,Excellent
21146,1,1,0.9079,9.21,Critical
21147,1,1,0.8055,19.45,Critical
21148,0,0,0.1299,87.01,Excellent
21149,0,0,0.0781,92.19,Excellent
21150,1,1,0.9873,1.27,Critical
21151,1,1,0.8827,11.73,Critical
21152,0,0,0.2914,70.86,Good
21153,1,1,0.9708,2.92,Critical
21154,0,0,0.2397,76.03,Good
21155,0,0,0.1067,89.33,Excellent
21156,0,0,0.124,87.6,Excellent
21157,1,1,0.9578,4.22,Critical
21158,0,0,0.1131,88.69,Excellent
21159,1,1,0.9363,6.37,Critical
21160,1,1,0.9236,7.64,Critical
21161,1,1,0.5676,43.24,Fair
21162,0,0,0.0231,97.69,Excellent
21163,0,0,0.0462,95.38,Excellent
21164,1,1,0.7125,28.75,Poor
21165,0,0,0.17,83.0,Excellent
21166,0,0,0.0506,94.94,Excellent
21167,1,1,0.6616,33.84,Poor
21168,0,0,0.1904,80.96,Excellent
21169,1,1,0.8702,12.98,Critical
21170,1,1,0.9142,8.58,Critical
21171,0,0,0.4659,53.41,Fair
21172,0,0,0.1397,86.03,Excellent
21173,0,0,0.0894,91.06,Excellent
21174,0,0,0.1886,81.14,Excellent
21175,1,1,0.9349,6.51,Critical
21176,1,1,0.8119,18.81,Critical
21177,0,0,0.0971,90.29,Excellent
21178,1,1,0.8361,16.39,Critical
21179,1,1,0.6638,33.62,Poor
21180,1,1,0.914,8.6,Critical
21181,0,0,0.087,91.3,Excellent
21182,1,1,0.9774,2.26,Critical
21183,0,0,0.1261,87.39,Excellent
21184,0,0,0.1459,85.41,Excellent
21185,0,0,0.2576,74.24,Good
21186,1,1,0.6176,38.24,Poor
21187,0,0,0.2061,79.39,Good
21188,1,1,0.8497,15.03,Critical
21189,0,0,0.1839,81.61,Excellent
21190,1,1,0.7777,22.23,Poor
21191,1,1,0.7675,23.25,Poor
21192,0,0,0.1659,83.41,Excellent
21193,1,1,0.8961,10.39,Critical
21194,1,1,0.818,18.2,Critical
21195,1,1,0.9941,0.59,Critical
21196,0,0,0.1513,84.87,Excellent
21197,1,1,0.8338,16.62,Critical
21198,0,0,0.1044,89.56,Excellent
21199,0,0,0.0746,92.54,Excellent
21200,1,1,0.8555,14.45,Critical
21201,1,1,0.639,36.1,Poor
21202,1,1,0.9342,6.58,Critical
21203,0,0,0.1741,82.59,Excellent
21204,1,1,0.8024,19.76,Critical
21205,0,0,0.3352,66.48,Good
21206,1,1,0.7112,28.88,Poor
21207,0,0,0.3018,69.82,Good
21208,1,1,0.518,48.2,Fair
21209,1,1,0.8645,13.55,Critical
21210,0,0,0.3641,63.59,Good
21211,1,1,0.9025,9.75,Critical
21212,0,0,0.2299,77.01,Good
21213,1,1,0.8543,14.57,Critical
21214,1,1,0.8714,12.86,Critical
21215,1,1,0.588,41.2,Fair
21216,1,1,0.9086,9.14,Critical
21217,1,1,0.8428,15.72,Critical
21218,1,1,0.8734,12.66,Critical
21219,0,0,0.077,92.3,Excellent
21220,1,1,0.9918,0.82,Critical
21221,0,0,0.1233,87.67,Excellent
21222,1,1,0.8541,14.59,Critical
21223,0,0,0.1233,87.67,Excellent
21224,0,0,0.0935,90.65,Excellent
21225,1,1,0.9373,6.27,Critical
21226,0,0,0.1336,86.64,Excellent
21227,0,0,0.2375,76.25,Good
21228,1,1,0.8914,10.86,Critical
21229,0,0,0.0597,94.03,Excellent
21230,1,1,0.9367,6.33,Critical
21231,0,0,0.0969,90.31,Excellent
21232,1,1,0.907,9.3,Critical
21233,0,0,0.271,72.9,Good
21234,0,0,0.0956,90.44,Excellent
21235,0,0,0.0808,91.92,Excellent
21236,0,0,0.1373,86.27,Excellent
21237,1,1,0.8,20.0,Poor
21238,1,1,0.94,6.0,Critical
21239,1,1,0.7752,22.48,Poor
21240,0,0,0.3538,64.62,Good
21241,0,0,0.1286,87.14,Excellent
21242,1,1,0.8558,14.42,Critical
21243,0,0,0.1776,82.24,Excellent
21244,1,1,0.9034,9.66,Critical
21245,0,0,0.1389,86.11,Excellent
21246,0,0,0.0903,90.97,Excellent
21247,0,0,0.1637,83.63,Excellent
21248,1,1,0.6427,35.73,Poor
21249,0,0,0.2664,73.36,Good
21250,1,1,0.914,8.6,Critical
21251,1,1,0.7997,20.03,Poor
21252,1,1,0.8768,12.32,Critical
21253,0,0,0.3166,68.34,Good
21254,0,0,0.1577,84.23,Excellent
21255,1,1,0.7353,26.47,Poor
21256,1,0,0.447,55.3,Fair
21257,1,1,0.9062,9.38,Critical
21258,0,0,0.0355,96.45,Excellent
21259,1,1,0.8353,16.47,Critical
21260,1,1,0.8125,18.75,Critical
21261,0,0,0.195,80.5,Excellent
21262,0,0,0.0838,91.62,Excellent
21263,0,0,0.0976,90.24,Excellent
21264,1,1,0.9879,1.21,Critical
21265,0,0,0.0615,93.85,Excellent
21266,0,0,0.1254,87.46,Excellent
21267,1,1,0.9427,5.73,Critical
21268,1,1,0.8803,11.97,Critical
21269,0,0,0.1337,86.63,Excellent
21270,0,0,0.1845,81.55,Excellent
21271,0,0,0.0767,92.33,Excellent
21272,1,1,0.8685,13.15,Critical
21273,0,0,0.1405,85.95,Excellent
21274,0,0,0.0737,92.63,Excellent
21275,1,1,0.8728,12.72,Critical
21276,0,0,0.1097,89.03,Excellent
21277,1,1,0.9504,4.96,Critical
21278,1,1,0.8885,11.15,Critical
21279,1,1,0.8769,12.31,Critical
21280,0,0,0.0761,92.39,Excellent
21281,1,0,0.3354,66.46,Good
21282,1,1,0.7193,28.07,Poor
21283,0,0,0.0767,92.33,Excellent
21284,0,0,0.1208,87.92,Excellent
21285,0,0,0.1447,85.53,Excellent
21286,1,1,0.8619,13.81,Critical
21287,0,0,0.0753,92.47,Excellent
21288,1,1,0.8086,19.14,Critical
21289,1,1,0.9449,5.51,Critical
21290,1,1,0.8852,11.48,Critical
21291,1,1,0.9108,8.92,Critical
21292,0,0,0.2006,79.94,Good
21293,0,0,0.0975,90.25,Excellent
21294,0,0,0.0874,91.26,Excellent
21295,0,0,0.0602,93.98,Excellent
21296,0,0,0.2029,79.71,Good
21297,0,0,0.0882,91.18,Excellent
21298,0,0,0.13,87.0,Excellent
21299,0,0,0.0528,94.72,Excellent
21300,1,1,0.9533,4.67,Critical
21301,1,1,0.989,1.1,Critical
21302,0,0,0.1359,86.41,Excellent
21303,1,1,0.8634,13.66,Critical
21304,1,1,0.9601,3.99,Critical
21305,0,0,0.3933,60.67,Good
21306,0,0,0.212,78.8,Good
21307,1,1,0.755,24.5,Poor
21308,1,1,0.9283,7.17,Critical
21309,1,1,0.8641,13.59,Critical
21310,0,0,0.1155,88.45,Excellent
21311,0,0,0.0999,90.01,Excellent
21312,0,0,0.1334,86.66,Excellent
21313,1,1,0.9819,1.81,Critical
21314,1,1,0.8713,12.87,Critical
21315,1,1,0.7115,28.85,Poor
21316,1,1,0.8651,13.49,Critical
21317,0,0,0.0735,92.65,Excellent
21318,1,1,0.9005,9.95,Critical
21319,0,0,0.2609,73.91,Good
21320,1,1,0.8709,12.91,Critical
21321,1,1,0.9852,1.48,Critical
21322,0,0,0.0929,90.71,Excellent
21323,0,0,0.1448,85.52,Excellent
21324,0,0,0.1135,88.65,Excellent
21325,1,1,0.7832,21.68,Poor
21326,1,0,0.4158,58.42,Fair
21327,0,0,0.0397,96.03,Excellent
21328,0,0,0.3924,60.76,Good
21329,1,1,0.9591,4.09,Critical
21330,0,0,0.2746,72.54,Good
21331,0,0,0.1463,85.37,Excellent
21332,1,1,0.8602,13.98,Critical
21333,0,0,0.1494,85.06,Excellent
21334,1,1,0.8233,17.67,Critical
21335,1,1,0.6208,37.92,Poor
21336,1,1,0.9075,9.25,Critical
21337,1,1,0.9895,1.05,Critical
21338,0,0,0.1551,84.49,Excellent
21339,0,1,0.6456,35.44,Poor
21340,0,0,0.1995,80.05,Excellent
21341,1,1,0.8796,12.04,Critical
21342,1,1,0.7404,25.96,Poor
21343,0,0,0.116,88.4,Excellent
21344,1,1,0.9528,4.72,Critical
21345,0,0,0.1131,88.69,Excellent
21346,0,0,0.1419,85.81,Excellent
21347,0,0,0.0856,91.44,Excellent
21348,0,0,0.1451,85.49,Excellent
21349,1,1,0.9202,7.98,Critical
21350,0,0,0.418,58.2,Fair
21351,1,1,0.5152,48.48,Fair
21352,1,1,0.7624,23.76,Poor
21353,1,1,0.8307,16.93,Critical
21354,1,1,0.9363,6.37,Critical
21355,0,0,0.0851,91.49,Excellent
21356,1,1,0.8716,12.84,Critical
21357,1,1,0.8149,18.51,Critical
21358,0,0,0.2957,70.43,Good
21359,0,0,0.0785,92.15,Excellent
21360,0,0,0.252,74.8,Good
21361,1,1,0.9543,4.57,Critical
21362,0,0,0.1544,84.56,Excellent
21363,1,1,0.8799,12.01,Critical
21364,0,0,0.4164,58.36,Fair
21365,1,1,0.7939,20.61,Poor
21366,0,0,0.0795,92.05,Excellent
21367,1,1,0.8119,18.81,Critical
21368,1,1,0.8704,12.96,Critical
21369,0,0,0.2153,78.47,Good
21370,1,1,0.9378,6.22,Critical
21371,1,1,0.7318,26.82,Poor
21372,1,1,0.8079,19.21,Critical
21373,1,1,0.8863,11.37,Critical
21374,1,1,0.946,5.4,Critical
21375,0,0,0.1287,87.13,Excellent
21376,1,1,0.7549,24.51,Poor
21377,1,1,0.9761,2.39,Critical
21378,0,0,0.0971,90.29,Excellent
21379,1,1,0.861,13.9,Critical
21380,0,0,0.0701,92.99,Excellent
21381,0,0,0.1631,83.69,Excellent
21382,1,1,0.5261,47.39,Fair
21383,0,0,0.2066,79.34,Good
21384,0,0,0.1219,87.81,Excellent
21385,0,0,0.1352,86.48,Excellent
21386,1,1,0.9447,5.53,Critical
21387,1,1,0.753,24.7,Poor
21388,1,1,0.9891,1.09,Critical
21389,1,1,0.9083,9.17,Critical
21390,1,1,0.8535,14.65,Critical
21391,1,1,0.7939,20.61,Poor
21392,1,1,0.853,14.7,Critical
21393,1,1,0.8201,17.99,Critical
21394,0,0,0.0655,93.45,Excellent
21395,1,1,0.8166,18.34,Critical
21396,0,0,0.0592,94.08,Excellent
21397,0,0,0.2504,74.96,Good
21398,1,1,0.719,28.1,Poor
21399,1,1,0.8885,11.15,Critical
21400,1,1,0.7214,27.86,Poor
21401,1,0,0.4642,53.58,Fair
21402,1,1,0.8633,13.67,Critical
21403,0,0,0.0744,92.56,Excellent
21404,1,1,0.8858,11.42,Critical
21405,1,1,0.563,43.7,Fair
21406,0,0,0.1182,88.18,Excellent
21407,0,0,0.1304,86.96,Excellent
21408,1,1,0.9543,4.57,Critical
21409,1,1,0.9726,2.74,Critical
21410,1,1,0.9719,2.81,Critical
21411,0,0,0.0937,90.63,Excellent
21412,1,1,0.922,7.8,Critical
21413,0,0,0.058,94.2,Excellent
21414,0,0,0.279,72.1,Good
21415,1,1,0.9324,6.76,Critical
21416,1,1,0.6027,39.73,Poor
21417,0,0,0.1172,88.28,Excellent
21418,1,1,0.9315,6.85,Critical
21419,0,0,0.2209,77.91,Good
21420,0,0,0.1882,81.18,Excellent
21421,0,0,0.3133,68.67,Good
21422,1,1,0.8118,18.82,Critical
21423,0,0,0.1513,84.87,Excellent
21424,1,1,0.965,3.5,Critical
21425,1,1,0.786,21.4,Poor
21426,0,0,0.0831,91.69,Excellent
21427,0,0,0.1887,81.13,Excellent
21428,0,0,0.1803,81.97,Excellent
21429,0,0,0.1938,80.62,Excellent
21430,0,0,0.0885,91.15,Excellent
21431,0,0,0.1023,89.77,Excellent
21432,1,1,0.78,22.0,Poor
21433,1,1,0.9037,9.63,Critical
21434,1,1,0.7733,22.67,Poor
21435,0,0,0.4088,59.12,Fair
21436,1,1,0.7737,22.63,Poor
21437,0,0,0.0453,95.47,Excellent
21438,0,0,0.4406,55.94,Fair
21439,1,1,0.8041,19.59,Critical
21440,0,0,0.0518,94.82,Excellent
21441,1,1,0.9291,7.09,Critical
21442,0,0,0.1172,88.28,Excellent
21443,0,0,0.1208,87.92,Excellent
21444,0,0,0.2401,75.99,Good
21445,1,1,0.6565,34.35,Poor
21446,1,1,0.9627,3.73,Critical
21447,0,0,0.0755,92.45,Excellent
21448,1,1,0.8417,15.83,Critical
21449,1,1,0.8483,15.17,Critical
21450,0,0,0.1178,88.22,Excellent
21451,1,1,0.9064,9.36,Critical
21452,0,0,0.1052,89.48,Excellent
21453,1,1,0.8835,11.65,Critical
21454,1,1,0.9247,7.53,Critical
21455,0,0,0.1173,88.27,Excellent
21456,1,1,0.9777,2.23,Critical
21457,0,0,0.192,80.8,Excellent
21458,0,0,0.0766,92.34,Excellent
21459,0,0,0.103,89.7,Excellent
21460,1,1,0.9617,3.83,Critical
21461,0,0,0.0646,93.54,Excellent
21462,1,1,0.9264,7.36,Critical
21463,0,1,0.6736,32.64,Poor
21464,1,1,0.931,6.9,Critical
21465,1,1,0.8069,19.31,Critical
21466,0,0,0.067,93.3,Excellent
21467,1,1,0.8731,12.69,Critical
21468,0,0,0.1296,87.04,Excellent
21469,1,1,0.8814,11.86,Critical
21470,0,0,0.2665,73.35,Good
21471,1,1,0.9548,4.52,Critical
21472,1,1,0.8368,16.32,Critical
21473,0,0,0.0801,91.99,Excellent
21474,0,0,0.1304,86.96,Excellent
21475,0,0,0.0994,90.06,Excellent
21476,1,1,0.9225,7.75,Critical
21477,0,0,0.1784,82.16,Excellent
21478,1,1,0.8743,12.57,Critical
21479,0,0,0.2022,79.78,Good
21480,1,1,0.7337,26.63,Poor
21481,1,1,0.9045,9.55,Critical
21482,1,1,0.6786,32.14,Poor
21483,0,0,0.0925,90.75,Excellent
21484,0,1,0.6172,38.28,Poor
21485,0,0,0.1583,84.17,Excellent
21486,0,0,0.1454,85.46,Excellent
21487,0,0,0.1165,88.35,Excellent
21488,1,1,0.9687,3.13,Critical
21489,1,0,0.4425,55.75,Fair
21490,1,1,0.8746,12.54,Critical
21491,0,0,0.0712,92.88,Excellent
21492,0,0,0.0657,93.43,Excellent
21493,1,1,0.8024,19.76,Critical
21494,1,1,0.9586,4.14,Critical
21495,1,1,0.9421,5.79,Critical
21496,1,1,0.9167,8.33,Critical
21497,1,1,0.9703,2.97,Critical
21498,0,0,0.0626,93.74,Excellent
21499,0,0,0.0893,91.07,Excellent
21500,0,0,0.1348,86.52,Excellent
21501,1,1,0.9492,5.08,Critical
21502,1,1,0.9667,3.33,Critical
21503,0,0,0.1354,86.46,Excellent
21504,0,0,0.0838,91.62,Excellent
21505,1,1,0.768,23.2,Poor
21506,1,1,0.8318,16.82,Critical
21507,0,0,0.1686,83.14,Excellent
21508,0,0,0.1319,86.81,Excellent
21509,1,1,0.8725,12.75,Critical
21510,0,0,0.0257,97.43,Excellent
21511,1,1,0.6233,37.67,Poor
21512,1,1,0.9307,6.93,Critical
21513,1,1,0.9194,8.06,Critical
21514,0,0,0.1221,87.79,Excellent
21515,1,1,0.9109,8.91,Critical
21516,1,1,0.7106,28.94,Poor
21517,0,0,0.0985,90.15,Excellent
21518,1,1,0.9283,7.17,Critical
21519,0,0,0.095,90.5,Excellent
21520,1,1,0.5413,45.87,Fair
21521,1,1,0.8381,16.19,Critical
21522,1,1,0.8375,16.25,Critical
21523,1,1,0.9395,6.05,Critical
21524,0,0,0.2682,73.18,Good
21525,0,0,0.1172,88.28,Excellent
21526,0,0,0.3502,64.98,Good
21527,1,1,0.7481,25.19,Poor
21528,0,0,0.0688,93.12,Excellent
21529,0,0,0.1609,83.91,Excellent
21530,1,1,0.8491,15.09,Critical
21531,1,1,0.6216,37.84,Poor
21532,0,0,0.1288,87.12,Excellent
21533,1,1,0.5885,41.15,Fair
21534,0,0,0.065,93.5,Excellent
21535,0,0,0.1482,85.18,Excellent
21536,1,1,0.9655,3.45,Critical
21537,0,0,0.1888,81.12,Excellent
21538,1,1,0.7658,23.42,Poor
21539,1,1,0.8314,16.86,Critical
21540,1,1,0.8394,16.06,Critical
21541,0,0,0.1231,87.69,Excellent
21542,1,1,0.8924,10.76,Critical
21543,0,0,0.0771,92.29,Excellent
21544,1,1,0.5674,43.26,Fair
21545,0,0,0.1942,80.58,Excellent
21546,0,0,0.1185,88.15,Excellent
21547,0,0,0.2413,75.87,Good
21548,1,1,0.8792,12.08,Critical
21549,1,1,0.9388,6.12,Critical
21550,1,1,0.5646,43.54,Fair
21551,0,0,0.2406,75.94,Good
21552,0,0,0.1079,89.21,Excellent
21553,1,1,0.5643,43.57,Fair
21554,0,0,0.1288,87.12,Excellent
21555,1,1,0.8458,15.42,Critical
21556,1,1,0.9416,5.84,Critical
21557,1,1,0.7935,20.65,Poor
21558,0,0,0.407,59.3,Fair
21559,0,0,0.2127,78.73,Good
21560,0,0,0.0711,92.89,Excellent
21561,1,1,0.8322,16.78,Critical
21562,0,0,0.4305,56.95,Fair
21563,0,0,0.0787,92.13,Excellent
21564,0,0,0.0613,93.87,Excellent
21565,0,0,0.16,84.0,Excellent
21566,0,0,0.4149,58.51,Fair
21567,0,0,0.0963,90.37,Excellent
21568,0,0,0.2365,76.35,Good
21569,0,0,0.0969,90.31,Excellent
21570,0,0,0.1903,80.97,Excellent
21571,1,1,0.9166,8.34,Critical
21572,1,1,0.7027,29.73,Poor
21573,0,0,0.1422,85.78,Excellent
21574,1,1,0.9502,4.98,Critical
21575,0,0,0.1741,82.59,Excellent
21576,0,0,0.4336,56.64,Fair
21577,0,0,0.1644,83.56,Excellent
21578,1,1,0.9968,0.32,Critical
21579,0,0,0.079,92.1,Excellent
21580,0,0,0.052,94.8,Excellent
21581,0,0,0.0916,90.84,Excellent
21582,1,1,0.8374,16.26,Critical
21583,1,1,0.8947,10.53,Critical
21584,0,0,0.0571,94.29,Excellent
21585,0,0,0.1596,84.04,Excellent
21586,1,1,0.9834,1.66,Critical
21587,1,1,0.5096,49.04,Fair
21588,1,1,0.888,11.2,Critical
21589,1,1,0.8496,15.04,Critical
21590,0,0,0.1836,81.64,Excellent
21591,0,0,0.1453,85.47,Excellent
21592,0,0,0.1229,87.71,Excellent
21593,0,0,0.1522,84.78,Excellent
21594,1,1,0.9072,9.28,Critical
21595,0,0,0.0646,93.54,Excellent
21596,0,0,0.2731,72.69,Good
21597,0,0,0.3173,68.27,Good
21598,0,0,0.0717,92.83,Excellent
21599,1,1,0.9348,6.52,Critical
21600,0,0,0.1122,88.78,Excellent
21601,0,0,0.27,73.0,Good
21602,0,0,0.0797,92.03,Excellent
21603,1,1,0.8094,19.06,Critical
21604,1,1,0.9737,2.63,Critical
21605,1,1,0.8842,11.58,Critical
21606,1,1,0.9792,2.08,Critical
21607,1,1,0.8558,14.42,Critical
21608,0,0,0.1615,83.85,Excellent
21609,1,1,0.9758,2.42,Critical
21610,1,1,0.9271,7.29,Critical
21611,1,1,0.9335,6.65,Critical
21612,1,1,0.8158,18.42,Critical
21613,1,1,0.6843,31.57,Poor
21614,0,0,0.142,85.8,Excellent
21615,0,0,0.0326,96.74,Excellent
21616,1,1,0.8084,19.16,Critical
21617,0,0,0.1102,88.98,Excellent
21618,0,0,0.375,62.5,Good
21619,0,0,0.0969,90.31,Excellent
21620,0,0,0.0844,91.56,Excellent
21621,1,1,0.557,44.3,Fair
21622,1,0,0.4602,53.98,Fair
21623,1,1,0.7006,29.94,Poor
21624,1,1,0.9053,9.47,Critical
21625,1,1,0.8602,13.98,Critical
21626,1,1,0.9415,5.85,Critical
21627,1,1,0.6769,32.31,Poor
21628,1,1,0.7246,27.54,Poor
21629,1,1,0.9975,0.25,Critical
21630,0,0,0.0786,92.14,Excellent
21631,0,0,0.2484,75.16,Good
21632,1,1,0.8587,14.13,Critical
21633,0,0,0.098,90.2,Excellent
21634,1,1,0.8243,17.57,Critical
21635,1,1,0.8709,12.91,Critical
21636,1,1,0.6732,32.68,Poor
21637,0,0,0.211,78.9,Good
21638,1,1,0.5352,46.48,Fair
21639,1,1,0.8293,17.07,Critical
21640,0,0,0.1577,84.23,Excellent
21641,1,1,0.8877,11.23,Critical
21642,1,1,0.9109,8.91,Critical
21643,0,0,0.0904,90.96,Excellent
21644,0,0,0.0972,90.28,Excellent
21645,1,1,0.9912,0.88,Critical
21646,0,0,0.1648,83.52,Excellent
21647,1,1,0.8643,13.57,Critical
21648,0,0,0.1181,88.19,Excellent
21649,0,0,0.1911,80.89,Excellent
21650,1,1,0.9162,8.38,Critical
21651,0,0,0.0599,94.01,Excellent
21652,1,1,0.7401,25.99,Poor
21653,0,0,0.1449,85.51,Excellent
21654,1,1,0.7056,29.44,Poor
21655,1,1,0.6494,35.06,Poor
21656,0,0,0.3749,62.51,Good
21657,0,0,0.0611,93.89,Excellent
21658,0,0,0.1731,82.69,Excellent
21659,1,1,0.7007,29.93,Poor
21660,1,1,0.9556,4.44,Critical
21661,0,0,0.113,88.7,Excellent
21662,1,1,0.7246,27.54,Poor
21663,1,1,0.7532,24.68,Poor
21664,1,1,0.8728,12.72,Critical
21665,0,0,0.1726,82.74,Excellent
21666,0,0,0.0912,90.88,Excellent
21667,0,0,0.0786,92.14,Excellent
21668,0,0,0.1278,87.22,Excellent
21669,1,1,0.9315,6.85,Critical
21670,0,0,0.074,92.6,Excellent
21671,0,0,0.2005,79.95,Good
21672,0,0,0.1161,88.39,Excellent
21673,1,1,0.765,23.5,Poor
21674,0,0,0.0974,90.26,Excellent
21675,0,0,0.0804,91.96,Excellent
21676,0,0,0.1571,84.29,Excellent
21677,0,0,0.0855,91.45,Excellent
21678,1,1,0.8819,11.81,Critical
21679,1,1,0.9268,7.32,Critical
21680,0,0,0.0979,90.21,Excellent
21681,0,0,0.1941,80.59,Excellent
21682,1,1,0.9688,3.12,Critical
21683,0,0,0.1264,87.36,Excellent
21684,1,1,0.7313,26.87,Poor
21685,1,1,0.963,3.7,Critical
21686,1,1,0.989,1.1,Critical
21687,1,1,0.6955,30.45,Poor
21688,0,0,0.4656,53.44,Fair
21689,0,0,0.0936,90.64,Excellent
21690,0,0,0.4467,55.33,Fair
21691,1,1,0.7815,21.85,Poor
21692,1,1,0.8246,17.54,Critical
21693,0,0,0.051,94.9,Excellent
21694,1,1,0.9556,4.44,Critical
21695,1,1,0.8835,11.65,Critical
21696,1,1,0.9863,1.37,Critical
21697,1,1,0.9079,9.21,Critical
21698,1,1,0.8969,10.31,Critical
21699,0,0,0.0772,92.28,Excellent
21700,0,0,0.1722,82.78,Excellent
21701,1,1,0.9226,7.74,Critical
21702,0,0,0.0925,90.75,Excellent
21703,0,0,0.0526,94.74,Excellent
21704,1,1,0.9288,7.12,Critical
21705,0,0,0.0645,93.55,Excellent
21706,0,0,0.0641,93.59,Excellent
21707,0,0,0.2613,73.87,Good
21708,1,1,0.9089,9.11,Critical
21709,1,1,0.776,22.4,Poor
21710,1,1,0.5995,40.05,Fair
21711,1,1,0.8403,15.97,Critical
21712,1,1,0.5999,40.01,Fair
21713,0,0,0.197,80.3,Excellent
21714,0,0,0.1034,89.66,Excellent
21715,0,0,0.208,79.2,Good
21716,0,0,0.1401,85.99,Excellent
21717,0,0,0.2467,75.33,Good
21718,1,1,0.7753,22.47,Poor
21719,0,0,0.1994,80.06,Excellent
21720,1,1,0.8046,19.54,Critical
21721,0,0,0.0886,91.14,Excellent
21722,1,1,0.5848,41.52,Fair
21723,0,0,0.1947,80.53,Excellent
21724,1,1,0.9342,6.58,Critical
21725,1,1,0.9804,1.96,Critical
21726,0,0,0.204,79.6,Good
21727,0,0,0.0868,91.32,Excellent
21728,0,0,0.1444,85.56,Excellent
21729,1,1,0.8215,17.85,Critical
21730,0,0,0.0743,92.57,Excellent
21731,0,0,0.2312,76.88,Good
21732,1,1,0.6582,34.18,Poor
21733,1,1,0.7544,24.56,Poor
21734,1,1,0.8543,14.57,Critical
21735,1,1,0.8602,13.98,Critical
21736,0,0,0.2139,78.61,Good
21737,0,0,0.4647,53.53,Fair
21738,1,1,0.7026,29.74,Poor
21739,1,1,0.8941,10.59,Critical
21740,1,1,0.9119,8.81,Critical
21741,0,0,0.0806,91.94,Excellent
21742,0,0,0.1849,81.51,Excellent
21743,1,1,0.9565,4.35,Critical
21744,1,1,0.9546,4.54,Critical
21745,0,0,0.1746,82.54,Excellent
21746,0,0,0.1509,84.91,Excellent
21747,1,1,0.7574,24.26,Poor
21748,0,0,0.0982,90.18,Excellent
21749,0,0,0.278,72.2,Good
21750,0,0,0.0823,91.77,Excellent
21751,1,1,0.9521,4.79,Critical
21752,1,1,0.7178,28.22,Poor
21753,1,1,0.9112,8.88,Critical
21754,0,0,0.0937,90.63,Excellent
21755,0,0,0.0869,91.31,Excellent
21756,0,0,0.2146,78.54,Good
21757,0,0,0.0789,92.11,Excellent
21758,1,1,0.8347,16.53,Critical
21759,1,1,0.8184,18.16,Critical
21760,0,0,0.1006,89.94,Excellent
21761,0,0,0.0733,92.67,Excellent
21762,0,0,0.214,78.6,Good
21763,1,1,0.9697,3.03,Critical
21764,1,1,0.7762,22.38,Poor
21765,0,0,0.0933,90.67,Excellent
21766,0,0,0.0975,90.25,Excellent
21767,1,1,0.9577,4.23,Critical
21768,0,0,0.089,91.1,Excellent
21769,0,0,0.09,91.0,Excellent
21770,1,1,0.9555,4.45,Critical
21771,0,0,0.1203,87.97,Excellent
21772,1,1,0.9788,2.12,Critical
21773,1,1,0.8806,11.94,Critical
21774,1,1,0.8399,16.01,Critical
21775,0,0,0.2247,77.53,Good
21776,1,1,0.5075,49.25,Fair
21777,0,0,0.0975,90.25,Excellent
21778,0,0,0.1071,89.29,Excellent
21779,0,0,0.1023,89.77,Excellent
21780,0,0,0.1727,82.73,Excellent
21781,1,1,0.9086,9.14,Critical
21782,0,0,0.087,91.3,Excellent
21783,0,0,0.122,87.8,Excellent
21784,1,1,0.7757,22.43,Poor
21785,1,1,0.8013,19.87,Critical
21786,0,0,0.065,93.5,Excellent
21787,1,0,0.4689,53.11,Fair
21788,0,0,0.326,67.4,Good
21789,1,1,0.7965,20.35,Poor
21790,1,1,0.9934,0.66,Critical
21791,1,1,0.9939,0.61,Critical
21792,0,0,0.107,89.3,Excellent
21793,0,0,0.1455,85.45,Excellent
21794,1,1,0.8447,15.53,Critical
21795,0,0,0.1278,87.22,Excellent
21796,1,1,0.9555,4.45,Critical
21797,0,0,0.259,74.1,Good
21798,0,0,0.1324,86.76,Excellent
21799,0,0,0.1505,84.95,Excellent
21800,1,1,0.8156,18.44,Critical
21801,0,0,0.2263,77.37,Good
21802,1,1,0.8522,14.78,Critical
21803,1,1,0.6645,33.55,Poor
21804,1,1,0.961,3.9,Critical
21805,1,1,0.8641,13.59,Critical
21806,0,0,0.0629,93.71,Excellent
21807,0,0,0.1218,87.82,Excellent
21808,1,1,0.825,17.5,Critical
21809,0,0,0.3263,67.37,Good
21810,0,0,0.0896,91.04,Excellent
21811,0,0,0.128,87.2,Excellent
21812,0,0,0.0981,90.19,Excellent
21813,0,0,0.0741,92.59,Excellent
21814,1,1,0.9589,4.11,Critical
21815,1,1,0.7897,21.03,Poor
21816,0,0,0.1045,89.55,Excellent
21817,1,1,0.8253,17.47,Critical
21818,0,0,0.1288,87.12,Excellent
21819,1,1,0.8748,12.52,Critical
21820,1,1,0.9679,3.21,Critical
21821,0,0,0.1461,85.39,Excellent
21822,0,0,0.1765,82.35,Excellent
21823,0,0,0.2106,78.94,Good
21824,0,1,0.6095,39.05,Poor
21825,0,0,0.2663,73.37,Good
21826,0,0,0.1841,81.59,Excellent
21827,1,1,0.961,3.9,Critical
21828,1,1,0.8805,11.95,Critical
21829,0,0,0.0982,90.18,Excellent
21830,1,1,0.9294,7.06,Critical
21831,0,0,0.13,87.0,Excellent
21832,1,1,0.6884,31.16,Poor
21833,0,0,0.0523,94.77,Excellent
21834,1,0,0.4353,56.47,Fair
21835,1,1,0.8955,10.45,Critical
21836,1,1,0.959,4.1,Critical
21837,0,0,0.075,92.5,Excellent
21838,1,1,0.9432,5.68,Critical
21839,1,1,0.5528,44.72,Fair
21840,1,1,0.8064,19.36,Critical
21841,1,1,0.9628,3.72,Critical
21842,1,1,0.9462,5.38,Critical
21843,0,0,0.0732,92.68,Excellent
21844,0,0,0.1244,87.56,Excellent
21845,1,1,0.7479,25.21,Poor
21846,1,1,0.9461,5.39,Critical
21847,1,1,0.9024,9.76,Critical
21848,0,0,0.3346,66.54,Good
21849,0,0,0.2487,75.13,Good
21850,0,0,0.1786,82.14,Excellent
21851,1,1,0.727,27.3,Poor
21852,0,0,0.1713,82.87,Excellent
21853,1,1,0.8192,18.08,Critical
21854,0,0,0.2514,74.86,Good
21855,1,1,0.9111,8.89,Critical
21856,0,0,0.085,91.5,Excellent
21857,0,0,0.0719,92.81,Excellent
21858,1,1,0.7454,25.46,Poor
21859,0,0,0.4377,56.23,Fair
21860,0,0,0.1108,88.92,Excellent
21861,0,0,0.0741,92.59,Excellent
21862,1,0,0.4559,54.41,Fair
21863,1,1,0.895,10.5,Critical
21864,0,0,0.2682,73.18,Good
21865,0,0,0.1252,87.48,Excellent
21866,0,0,0.247,75.3,Good
21867,0,0,0.2087,79.13,Good
21868,1,1,0.7563,24.37,Poor
21869,1,1,0.6504,34.96,Poor
21870,1,1,0.9679,3.21,Critical
21871,1,1,0.8744,12.56,Critical
21872,0,0,0.1,90.0,Excellent
21873,0,0,0.0503,94.97,Excellent
21874,1,1,0.8653,13.47,Critical
21875,1,1,0.9843,1.57,Critical
21876,0,0,0.0836,91.64,Excellent
21877,1,1,0.8499,15.01,Critical
21878,1,1,0.9483,5.17,Critical
21879,1,1,0.9299,7.01,Critical
21880,0,0,0.2838,71.62,Good
21881,0,0,0.0758,92.42,Excellent
21882,1,1,0.9206,7.94,Critical
21883,1,1,0.9034,9.66,Critical
21884,1,1,0.879,12.1,Critical
21885,0,0,0.1154,88.46,Excellent
21886,1,1,0.9694,3.06,Critical
21887,1,1,0.9923,0.77,Critical
21888,1,1,0.9759,2.41,Critical
21889,1,1,0.6909,30.91,Poor
21890,0,0,0.0584,94.16,Excellent
21891,1,1,0.8395,16.05,Critical
21892,1,1,0.8512,14.88,Critical
21893,0,0,0.1197,88.03,Excellent
21894,1,1,0.6083,39.17,Poor
21895,0,0,0.124,87.6,Excellent
21896,1,1,0.7537,24.63,Poor
21897,1,1,0.8028,19.72,Critical
21898,0,0,0.0567,94.33,Excellent
21899,1,1,0.9958,0.42,Critical
21900,0,0,0.1418,85.82,Excellent
21901,0,0,0.0684,93.16,Excellent
21902,0,0,0.1615,83.85,Excellent
21903,1,1,0.8347,16.53,Critical
21904,0,0,0.0755,92.45,Excellent
21905,1,1,0.8868,11.32,Critical
21906,0,0,0.2039,79.61,Good
21907,1,1,0.6103,38.97,Poor
21908,1,1,0.8603,13.97,Critical
21909,0,0,0.1272,87.28,Excellent
21910,0,0,0.2858,71.42,Good
21911,0,1,0.5442,45.58,Fair
21912,1,1,0.5955,40.45,Fair
21913,1,1,0.7427,25.73,Poor
21914,0,0,0.0954,90.46,Excellent
21915,1,1,0.8562,14.38,Critical
21916,1,1,0.9061,9.39,Critical
21917,1,1,0.8424,15.76,Critical
21918,0,0,0.1699,83.01,Excellent
21919,0,0,0.1459,85.41,Excellent
21920,0,0,0.1475,85.25,Excellent
21921,0,0,0.0452,95.48,Excellent
21922,0,0,0.029,97.1,Excellent
21923,0,0,0.1594,84.06,Excellent
21924,1,1,0.5464,45.36,Fair
21925,0,0,0.3944,60.56,Good
21926,0,0,0.1608,83.92,Excellent
21927,1,1,0.9368,6.32,Critical
21928,0,0,0.1695,83.05,Excellent
21929,0,0,0.0578,94.22,Excellent
21930,0,0,0.1355,86.45,Excellent
21931,1,1,0.9405,5.95,Critical
21932,1,1,0.95,5.0,Critical
21933,0,0,0.0804,91.96,Excellent
21934,1,1,0.9486,5.14,Critical
21935,1,0,0.3793,62.07,Good
21936,0,0,0.0147,98.53,Excellent
21937,1,1,0.5358,46.42,Fair
21938,1,1,0.7547,24.53,Poor
21939,0,0,0.2365,76.35,Good
21940,0,0,0.3814,61.86,Good
21941,1,1,0.8142,18.58,Critical
21942,1,1,0.7258,27.42,Poor
21943,1,1,0.9057,9.43,Critical
21944,0,0,0.1338,86.62,Excellent
21945,0,0,0.0639,93.61,Excellent
21946,1,1,0.8054,19.46,Critical
21947,1,1,0.8996,10.04,Critical
21948,0,0,0.1255,87.45,Excellent
21949,0,0,0.0755,92.45,Excellent
21950,1,1,0.8248,17.52,Critical
21951,0,0,0.2654,73.46,Good
21952,0,0,0.0318,96.82,Excellent
21953,0,0,0.072,92.8,Excellent
21954,1,1,0.8969,10.31,Critical
21955,0,0,0.1026,89.74,Excellent
21956,0,0,0.049,95.1,Excellent
21957,0,0,0.167,83.3,Excellent
21958,0,0,0.1382,86.18,Excellent
21959,0,0,0.044,95.6,Excellent
21960,1,1,0.872,12.8,Critical
21961,0,0,0.0587,94.13,Excellent
21962,1,1,0.5954,40.46,Fair
21963,0,0,0.1878,81.22,Excellent
21964,0,0,0.0918,90.82,Excellent
21965,0,0,0.0378,96.22,Excellent
21966,1,1,0.576,42.4,Fair
21967,1,1,0.732,26.8,Poor
21968,1,1,0.986,1.4,Critical
21969,1,1,0.908,9.2,Critical
21970,1,1,0.8979,10.21,Critical
21971,0,0,0.394,60.6,Good
21972,0,0,0.3801,61.99,Good
21973,1,1,0.8796,12.04,Critical
21974,1,1,0.8936,10.64,Critical
21975,0,0,0.1539,84.61,Excellent
21976,0,0,0.2704,72.96,Good
21977,0,0,0.0578,94.22,Excellent
21978,0,0,0.0675,93.25,Excellent
21979,1,1,0.8879,11.21,Critical
21980,0,0,0.2197,78.03,Good
21981,1,1,0.9158,8.42,Critical
21982,1,1,0.5489,45.11,Fair
21983,1,1,0.9217,7.83,Critical
21984,0,0,0.0656,93.44,Excellent
21985,1,1,0.588,41.2,Fair
21986,1,1,0.9281,7.19,Critical
21987,1,1,0.571,42.9,Fair
21988,0,0,0.1072,89.28,Excellent
21989,0,0,0.2393,76.07,Good
21990,0,0,0.0927,90.73,Excellent
21991,1,1,0.8664,13.36,Critical
21992,0,0,0.2897,71.03,Good
21993,0,0,0.1339,86.61,Excellent
21994,0,0,0.1615,83.85,Excellent
21995,1,1,0.958,4.2,Critical
21996,1,1,0.9725,2.75,Critical
21997,0,0,0.0743,92.57,Excellent
21998,0,0,0.4112,58.88,Fair
21999,0,0,0.0991,90.09,Excellent
22000,0,0,0.056,94.4,Excellent
22001,1,1,0.9356,6.44,Critical
22002,1,1,0.5623,43.77,Fair
22003,0,0,0.1424,85.76,Excellent
22004,0,0,0.0855,91.45,Excellent
22005,0,0,0.213,78.7,Good
22006,0,0,0.1209,87.91,Excellent
22007,0,0,0.4284,57.16,Fair
22008,1,1,0.7758,22.42,Poor
22009,1,1,0.9266,7.34,Critical
22010,1,1,0.6747,32.53,Poor
22011,0,0,0.1205,87.95,Excellent
22012,1,1,0.5541,44.59,Fair
22013,1,1,0.8659,13.41,Critical
22014,0,0,0.0942,90.58,Excellent
22015,1,1,0.9572,4.28,Critical
22016,1,1,0.8728,12.72,Critical
22017,1,1,0.9108,8.92,Critical
22018,1,1,0.9159,8.41,Critical
22019,0,0,0.0943,90.57,Excellent
22020,1,1,0.9222,7.78,Critical
22021,1,1,0.7537,24.63,Poor
22022,1,1,0.8134,18.66,Critical
22023,1,1,0.7993,20.07,Poor
22024,1,1,0.8585,14.15,Critical
22025,1,1,0.6774,32.26,Poor
22026,0,0,0.1296,87.04,Excellent
22027,1,1,0.9311,6.89,Critical
22028,0,0,0.0856,91.44,Excellent
22029,1,1,0.8913,10.87,Critical
22030,1,1,0.8236,17.64,Critical
22031,0,0,0.0822,91.78,Excellent
22032,0,0,0.109,89.1,Excellent
22033,1,1,0.6854,31.46,Poor
22034,1,1,0.7792,22.08,Poor
22035,1,1,0.9227,7.73,Critical
22036,0,0,0.2749,72.51,Good
22037,0,0,0.1728,82.72,Excellent
22038,0,0,0.1195,88.05,Excellent
22039,1,1,0.8887,11.13,Critical
22040,0,0,0.2123,78.77,Good
22041,1,1,0.9005,9.95,Critical
22042,0,0,0.0951,90.49,Excellent
22043,1,1,0.5003,49.97,Fair
22044,0,0,0.0943,90.57,Excellent
22045,1,1,0.9317,6.83,Critical
22046,0,0,0.087,91.3,Excellent
22047,1,1,0.979,2.1,Critical
22048,0,0,0.1334,86.66,Excellent
22049,1,1,0.9763,2.37,Critical
22050,1,1,0.748,25.2,Poor
22051,0,0,0.1089,89.11,Excellent
22052,0,0,0.0789,92.11,Excellent
22053,0,0,0.1219,87.81,Excellent
22054,0,0,0.0424,95.76,Excellent
22055,0,0,0.1478,85.22,Excellent
22056,0,0,0.0651,93.49,Excellent
22057,0,0,0.0903,90.97,Excellent
22058,0,0,0.2574,74.26,Good
22059,1,1,0.9466,5.34,Critical
22060,1,1,0.9214,7.86,Critical
22061,0,0,0.106,89.4,Excellent
22062,1,1,0.8724,12.76,Critical
22063,0,0,0.1328,86.72,Excellent
22064,0,0,0.101,89.9,Excellent
22065,1,1,0.9533,4.67,Critical
22066,0,0,0.1209,87.91,Excellent
22067,1,1,0.7667,23.33,Poor
22068,0,0,0.2337,76.63,Good
22069,0,0,0.3341,66.59,Good
22070,0,0,0.0899,91.01,Excellent
22071,0,0,0.133,86.7,Excellent
22072,1,1,0.9411,5.89,Critical
22073,0,0,0.112,88.8,Excellent
22074,0,0,0.1837,81.63,Excellent
22075,0,0,0.2637,73.63,Good
22076,0,0,0.1056,89.44,Excellent
22077,0,0,0.0997,90.03,Excellent
22078,1,1,0.9664,3.36,Critical
22079,1,1,0.9031,9.69,Critical
22080,1,1,0.8979,10.21,Critical
22081,0,0,0.0505,94.95,Excellent
22082,0,0,0.1604,83.96,Excellent
22083,1,1,0.9001,9.99,Critical
22084,1,1,0.848,15.2,Critical
22085,1,1,0.9264,7.36,Critical
22086,0,0,0.1414,85.86,Excellent
22087,1,1,0.9398,6.02,Critical
22088,0,0,0.2981,70.19,Good
22089,1,1,0.7655,23.45,Poor
22090,1,1,0.8632,13.68,Critical
22091,0,0,0.1933,80.67,Excellent
22092,1,1,0.9555,4.45,Critical
22093,1,1,0.8665,13.35,Critical
22094,1,1,0.9669,3.31,Critical
22095,1,1,0.8574,14.26,Critical
22096,1,1,0.9012,9.88,Critical
22097,1,1,0.9319,6.81,Critical
22098,1,1,0.8376,16.24,Critical
22099,1,1,0.8916,10.84,Critical
22100,1,1,0.938,6.2,Critical
22101,0,0,0.1514,84.86,Excellent
22102,0,0,0.218,78.2,Good
22103,0,0,0.0825,91.75,Excellent
22104,0,0,0.139,86.1,Excellent
22105,1,1,0.8372,16.28,Critical
22106,0,0,0.134,86.6,Excellent
22107,0,0,0.0411,95.89,Excellent
22108,0,0,0.1049,89.51,Excellent
22109,0,0,0.1028,89.72,Excellent
22110,1,1,0.8731,12.69,Critical
22111,1,1,0.5932,40.68,Fair
22112,1,1,0.6363,36.37,Poor
22113,1,1,0.9152,8.48,Critical
22114,1,1,0.96,4.0,Critical
22115,1,1,0.6975,30.25,Poor
22116,1,0,0.4127,58.73,Fair
22117,1,1,0.9548,4.52,Critical
22118,1,1,0.8183,18.17,Critical
22119,1,1,0.7127,28.73,Poor
22120,1,1,0.803,19.7,Critical
22121,1,1,0.9015,9.85,Critical
22122,1,1,0.712,28.8,Poor
22123,0,0,0.2084,79.16,Good
22124,0,0,0.2176,78.24,Good
22125,0,0,0.4982,50.18,Fair
22126,1,1,0.804,19.6,Critical
22127,0,0,0.1043,89.57,Excellent
22128,1,1,0.8751,12.49,Critical
22129,0,0,0.1076,89.24,Excellent
22130,0,0,0.1573,84.27,Excellent
22131,0,0,0.0673,93.27,Excellent
22132,0,0,0.1033,89.67,Excellent
22133,0,0,0.4888,51.12,Fair
22134,1,1,0.5491,45.09,Fair
22135,1,1,0.8351,16.49,Critical
22136,0,0,0.1646,83.54,Excellent
22137,1,1,0.9226,7.74,Critical
22138,1,1,0.9176,8.24,Critical
22139,0,0,0.1245,87.55,Excellent
22140,1,1,0.9479,5.21,Critical
22141,0,0,0.1263,87.37,Excellent
22142,0,0,0.1152,88.48,Excellent
22143,1,1,0.6829,31.71,Poor
22144,0,0,0.1813,81.87,Excellent
22145,1,1,0.9781,2.19,Critical
22146,1,1,0.8641,13.59,Critical
22147,1,1,0.7132,28.68,Poor
22148,0,0,0.1093,89.07,Excellent
22149,0,0,0.1676,83.24,Excellent
22150,0,0,0.2002,79.98,Good
22151,1,0,0.4743,52.57,Fair
22152,1,1,0.9082,9.18,Critical
22153,1,1,0.7496,25.04,Poor
22154,0,0,0.1088,89.12,Excellent
22155,1,1,0.7329,26.71,Poor
22156,1,1,0.8455,15.45,Critical
22157,1,1,0.7267,27.33,Poor
22158,0,0,0.0849,91.51,Excellent
22159,0,0,0.1986,80.14,Excellent
22160,1,1,0.7412,25.88,Poor
22161,1,1,0.6483,35.17,Poor
22162,1,0,0.4269,57.31,Fair
22163,1,1,0.888,11.2,Critical
22164,1,1,0.8591,14.09,Critical
22165,1,1,0.8386,16.14,Critical
22166,0,0,0.0894,91.06,Excellent
22167,0,0,0.3113,68.87,Good
22168,0,0,0.2922,70.78,Good
22169,0,0,0.0672,93.28,Excellent
22170,1,1,0.6527,34.73,Poor
22171,0,0,0.194,80.6,Excellent
22172,1,1,0.9544,4.56,Critical
22173,1,1,0.6394,36.06,Poor
22174,1,1,0.5112,48.88,Fair
22175,1,1,0.7922,20.78,Poor
22176,1,1,0.8837,11.63,Critical
22177,1,1,0.809,19.1,Critical
22178,1,1,0.7698,23.02,Poor
22179,1,1,0.7703,22.97,Poor
22180,1,0,0.4967,50.33,Fair
22181,0,0,0.217,78.3,Good
22182,0,0,0.2286,77.14,Good
22183,1,1,0.9707,2.93,Critical
22184,0,0,0.115,88.5,Excellent
22185,0,0,0.0738,92.62,Excellent
22186,1,1,0.6429,35.71,Poor
22187,1,1,0.8961,10.39,Critical
22188,1,1,0.5989,40.11,Fair
22189,1,1,0.9462,5.38,Critical
22190,1,1,0.9458,5.42,Critical
22191,1,1,0.9765,2.35,Critical
22192,1,1,0.9522,4.78,Critical
22193,0,0,0.18,82.0,Excellent
22194,0,0,0.1792,82.08,Excellent
22195,1,1,0.9537,4.63,Critical
22196,1,1,0.9298,7.02,Critical
22197,1,1,0.8295,17.05,Critical
22198,0,0,0.0759,92.41,Excellent
22199,1,1,0.9124,8.76,Critical
22200,0,0,0.1302,86.98,Excellent
22201,1,1,0.697,30.3,Poor
22202,1,1,0.8773,12.27,Critical
22203,0,0,0.2019,79.81,Good
22204,1,1,0.9374,6.26,Critical
22205,0,0,0.169,83.1,Excellent
22206,0,0,0.1044,89.56,Excellent
22207,0,0,0.2176,78.24,Good
22208,1,1,0.9941,0.59,Critical
22209,1,1,0.8242,17.58,Critical
22210,0,0,0.0949,90.51,Excellent
22211,0,0,0.1781,82.19,Excellent
22212,1,1,0.9531,4.69,Critical
22213,1,1,0.6725,32.75,Poor
22214,1,1,0.8835,11.65,Critical
22215,1,1,0.5959,40.41,Fair
22216,0,0,0.1281,87.19,Excellent
22217,0,0,0.3614,63.86,Good
22218,0,0,0.1317,86.83,Excellent
22219,0,0,0.06,94.0,Excellent
22220,1,1,0.9691,3.09,Critical
22221,0,0,0.0753,92.47,Excellent
22222,0,0,0.1621,83.79,Excellent
22223,1,1,0.9131,8.69,Critical
22224,0,0,0.2978,70.22,Good
22225,1,1,0.7642,23.58,Poor
22226,0,0,0.1697,83.03,Excellent
22227,0,0,0.2361,76.39,Good
22228,1,1,0.7414,25.86,Poor
22229,0,0,0.1922,80.78,Excellent
22230,1,1,0.8448,15.52,Critical
22231,1,1,0.9397,6.03,Critical
22232,0,0,0.2014,79.86,Good
22233,1,1,0.8936,10.64,Critical
22234,1,1,0.9405,5.95,Critical
22235,1,1,0.9659,3.41,Critical
22236,0,0,0.1869,81.31,Excellent
22237,1,1,0.8668,13.32,Critical
22238,0,0,0.0876,91.24,Excellent
22239,0,0,0.1043,89.57,Excellent
22240,1,1,0.904,9.6,Critical
22241,1,1,0.8827,11.73,Critical
22242,0,0,0.3985,60.15,Good
22243,0,0,0.1308,86.92,Excellent
22244,1,1,0.8478,15.22,Critical
22245,0,0,0.1514,84.86,Excellent
22246,0,0,0.1334,86.66,Excellent
22247,0,0,0.0791,92.09,Excellent
22248,1,1,0.8051,19.49,Critical
22249,1,1,0.911,8.9,Critical
22250,1,1,0.5964,40.36,Fair
22251,0,0,0.0451,95.49,Excellent
22252,0,0,0.291,70.9,Good
22253,0,0,0.0889,91.11,Excellent
22254,1,1,0.6745,32.55,Poor
22255,0,0,0.1293,87.07,Excellent
22256,0,0,0.1595,84.05,Excellent
22257,1,1,0.7088,29.12,Poor
22258,0,0,0.0676,93.24,Excellent
22259,0,0,0.166,83.4,Excellent
22260,1,1,0.9319,6.81,Critical
22261,0,0,0.3756,62.44,Good
22262,1,1,0.5492,45.08,Fair
22263,1,1,0.6423,35.77,Poor
22264,1,1,0.9332,6.68,Critical
22265,0,0,0.3431,65.69,Good
22266,1,1,0.8229,17.71,Critical
22267,0,0,0.2301,76.99,Good
22268,1,1,0.8023,19.77,Critical
22269,0,0,0.2294,77.06,Good
22270,0,0,0.0881,91.19,Excellent
22271,1,1,0.9127,8.73,Critical
22272,0,0,0.1286,87.14,Excellent
22273,0,0,0.1877,81.23,Excellent
22274,1,1,0.9418,5.82,Critical
22275,1,1,0.8338,16.62,Critical
22276,0,0,0.1892,81.08,Excellent
22277,1,1,0.9066,9.34,Critical
22278,0,0,0.1531,84.69,Excellent
22279,1,1,0.9591,4.09,Critical
22280,1,1,0.8592,14.08,Critical
22281,0,0,0.1796,82.04,Excellent
22282,1,1,0.5249,47.51,Fair
22283,0,0,0.1412,85.88,Excellent
22284,0,0,0.2925,70.75,Good
22285,0,0,0.0727,92.73,Excellent
22286,1,1,0.8964,10.36,Critical
22287,1,1,0.9841,1.59,Critical
22288,0,0,0.2739,72.61,Good
22289,1,1,0.8004,19.96,Critical
22290,0,0,0.0992,90.08,Excellent
22291,1,1,0.79,21.0,Poor
22292,1,1,0.9441,5.59,Critical
22293,0,0,0.295,70.5,Good
22294,0,0,0.4191,58.09,Fair
22295,0,0,0.1196,88.04,Excellent
22296,0,0,0.1058,89.42,Excellent
22297,0,0,0.153,84.7,Excellent
22298,1,1,0.798,20.2,Poor
22299,1,1,0.8008,19.92,Critical
22300,0,0,0.0657,93.43,Excellent
22301,1,1,0.9607,3.93,Critical
22302,1,1,0.946,5.4,Critical
22303,0,0,0.2072,79.28,Good
22304,0,0,0.1776,82.24,Excellent
22305,0,0,0.2638,73.62,Good
22306,1,1,0.861,13.9,Critical
22307,1,1,0.9848,1.52,Critical
22308,1,1,0.8642,13.58,Critical
22309,0,0,0.1218,87.82,Excellent
22310,1,1,0.8651,13.49,Critical
22311,0,0,0.0437,95.63,Excellent
22312,0,0,0.0296,97.04,Excellent
22313,0,0,0.0565,94.35,Excellent
22314,1,1,0.8069,19.31,Critical
22315,1,1,0.7359,26.41,Poor
22316,1,1,0.9101,8.99,Critical
22317,1,1,0.8225,17.75,Critical
22318,1,1,0.7203,27.97,Poor
22319,1,1,0.5056,49.44,Fair
22320,1,1,0.7761,22.39,Poor
22321,0,0,0.1376,86.24,Excellent
22322,0,0,0.4846,51.54,Fair
22323,1,1,0.9561,4.39,Critical
22324,0,0,0.1964,80.36,Excellent
22325,0,0,0.3851,61.49,Good
22326,1,1,0.9191,8.09,Critical
22327,0,0,0.1484,85.16,Excellent
22328,1,1,0.8534,14.66,Critical
22329,1,1,0.67,33.0,Poor
22330,0,0,0.1629,83.71,Excellent
22331,1,1,0.7916,20.84,Poor
22332,1,1,0.8945,10.55,Critical
22333,0,0,0.0968,90.32,Excellent
22334,0,0,0.0774,92.26,Excellent
22335,0,0,0.1427,85.73,Excellent
22336,0,0,0.116,88.4,Excellent
22337,0,0,0.0815,91.85,Excellent
22338,1,1,0.9474,5.26,Critical
22339,1,1,0.8348,16.52,Critical
22340,0,0,0.1468,85.32,Excellent
22341,0,0,0.0908,90.92,Excellent
22342,1,1,0.9486,5.14,Critical
22343,0,0,0.0519,94.81,Excellent
22344,0,0,0.2034,79.66,Good
22345,1,1,0.989,1.1,Critical
22346,0,0,0.4052,59.48,Fair
22347,0,0,0.195,80.5,Excellent
22348,0,0,0.323,67.7,Good
22349,1,1,0.5754,42.46,Fair
22350,1,1,0.8813,11.87,Critical
22351,1,1,0.5303,46.97,Fair
22352,1,1,0.692,30.8,Poor
22353,1,1,0.7537,24.63,Poor
22354,1,1,0.8677,13.23,Critical
22355,1,1,0.9624,3.76,Critical
22356,0,0,0.1176,88.24,Excellent
22357,1,1,0.9101,8.99,Critical
22358,0,0,0.0974,90.26,Excellent
22359,1,1,0.8673,13.27,Critical
22360,1,1,0.9262,7.38,Critical
22361,0,0,0.1545,84.55,Excellent
22362,1,1,0.83,17.0,Critical
22363,1,1,0.9148,8.52,Critical
22364,0,0,0.2471,75.29,Good
22365,0,0,0.1894,81.06,Excellent
22366,1,1,0.7132,28.68,Poor
22367,1,1,0.8398,16.02,Critical
22368,0,0,0.1144,88.56,Excellent
22369,0,0,0.0569,94.31,Excellent
22370,0,0,0.2067,79.33,Good
22371,1,1,0.6896,31.04,Poor
22372,0,0,0.4944,50.56,Fair
22373,0,0,0.1782,82.18,Excellent
22374,1,1,0.677,32.3,Poor
22375,0,0,0.1377,86.23,Excellent
22376,1,1,0.8522,14.78,Critical
22377,0,0,0.1106,88.94,Excellent
22378,1,1,0.8852,11.48,Critical
22379,0,0,0.1496,85.04,Excellent
22380,0,0,0.1118,88.82,Excellent
22381,1,1,0.7926,20.74,Poor
22382,0,0,0.3586,64.14,Good
22383,1,1,0.8851,11.49,Critical
22384,0,0,0.1228,87.72,Excellent
22385,1,1,0.948,5.2,Critical
22386,1,1,0.6032,39.68,Poor
22387,1,1,0.9436,5.64,Critical
22388,1,1,0.8536,14.64,Critical
22389,1,1,0.7353,26.47,Poor
22390,0,0,0.1616,83.84,Excellent
22391,1,1,0.9532,4.68,Critical
22392,0,0,0.0688,93.12,Excellent
22393,1,1,0.7925,20.75,Poor
22394,1,1,0.8107,18.93,Critical
22395,1,1,0.8723,12.77,Critical
22396,0,0,0.1919,80.81,Excellent
22397,1,1,0.7883,21.17,Poor
22398,1,1,0.5055,49.45,Fair
22399,1,1,0.5844,41.56,Fair
22400,1,1,0.962,3.8,Critical
22401,0,0,0.2158,78.42,Good
22402,1,1,0.8737,12.63,Critical
22403,0,0,0.2227,77.73,Good
22404,0,0,0.0709,92.91,Excellent
22405,0,0,0.2373,76.27,Good
22406,1,1,0.8849,11.51,Critical
22407,1,1,0.696,30.4,Poor
22408,1,1,0.9291,7.09,Critical
22409,1,1,0.9047,9.53,Critical
22410,0,0,0.2411,75.89,Good
22411,1,0,0.4693,53.07,Fair
22412,1,1,0.8687,13.13,Critical
22413,1,1,0.9272,7.28,Critical
22414,1,1,0.9721,2.79,Critical
22415,0,0,0.1012,89.88,Excellent
22416,0,0,0.055,94.5,Excellent
22417,0,0,0.4146,58.54,Fair
22418,0,0,0.1329,86.71,Excellent
22419,1,1,0.906,9.4,Critical
22420,0,0,0.2324,76.76,Good
22421,0,0,0.0848,91.52,Excellent
22422,1,1,0.945,5.5,Critical
22423,1,1,0.8228,17.72,Critical
22424,1,1,0.7695,23.05,Poor
22425,1,1,0.8237,17.63,Critical
22426,0,0,0.1883,81.17,Excellent
22427,0,0,0.2035,79.65,Good
22428,1,1,0.9074,9.26,Critical
22429,1,1,0.7761,22.39,Poor
22430,1,1,0.9475,5.25,Critical
22431,1,1,0.8479,15.21,Critical
22432,0,0,0.1223,87.77,Excellent
22433,1,1,0.8839,11.61,Critical
22434,0,0,0.1058,89.42,Excellent
22435,1,1,0.7975,20.25,Poor
22436,0,0,0.1011,89.89,Excellent
22437,1,1,0.92,8.0,Critical
22438,0,0,0.2886,71.14,Good
22439,0,0,0.1891,81.09,Excellent
22440,1,1,0.9295,7.05,Critical
22441,0,0,0.3203,67.97,Good
22442,1,1,0.7693,23.07,Poor
22443,1,1,0.9039,9.61,Critical
22444,0,0,0.0575,94.25,Excellent
22445,0,0,0.0876,91.24,Excellent
22446,1,1,0.971,2.9,Critical
22447,0,0,0.2835,71.65,Good
22448,1,1,0.9229,7.71,Critical
22449,1,1,0.9819,1.81,Critical
22450,1,1,0.9922,0.78,Critical
22451,1,1,0.9839,1.61,Critical
22452,0,0,0.0696,93.04,Excellent
22453,1,1,0.7746,22.54,Poor
22454,1,1,0.9257,7.43,Critical
22455,0,0,0.1813,81.87,Excellent
22456,1,1,0.9575,4.25,Critical
22457,0,0,0.1285,87.15,Excellent
22458,0,0,0.0655,93.45,Excellent
22459,0,0,0.0577,94.23,Excellent
22460,1,1,0.9248,7.52,Critical
22461,0,0,0.2921,70.79,Good
22462,1,1,0.8419,15.81,Critical
22463,0,0,0.1348,86.52,Excellent
22464,1,1,0.9388,6.12,Critical
22465,0,0,0.137,86.3,Excellent
22466,0,0,0.0622,93.78,Excellent
22467,0,0,0.0781,92.19,Excellent
22468,0,0,0.1453,85.47,Excellent
22469,0,0,0.1118,88.82,Excellent
22470,1,1,0.8237,17.63,Critical
22471,1,1,0.9583,4.17,Critical
22472,0,0,0.08,92.0,Excellent
22473,1,1,0.6701,32.99,Poor
22474,0,0,0.2836,71.64,Good
22475,1,1,0.939,6.1,Critical
22476,1,1,0.6836,31.64,Poor
22477,0,0,0.3517,64.83,Good
22478,1,1,0.8708,12.92,Critical
22479,0,0,0.0842,91.58,Excellent
22480,0,0,0.2076,79.24,Good
22481,0,0,0.0346,96.54,Excellent
22482,0,0,0.0951,90.49,Excellent
22483,1,1,0.918,8.2,Critical
22484,1,1,0.8429,15.71,Critical
22485,1,1,0.939,6.1,Critical
22486,1,1,0.9652,3.48,Critical
22487,0,0,0.1747,82.53,Excellent
22488,1,1,0.9384,6.16,Critical
22489,0,0,0.1663,83.37,Excellent
22490,0,0,0.1593,84.07,Excellent
22491,1,1,0.5408,45.92,Fair
22492,1,1,0.8039,19.61,Critical
22493,1,1,0.945,5.5,Critical
22494,0,0,0.0823,91.77,Excellent
22495,0,0,0.1167,88.33,Excellent
22496,0,0,0.0906,90.94,Excellent
22497,0,0,0.1371,86.29,Excellent
22498,1,1,0.8331,16.69,Critical
22499,1,1,0.8265,17.35,Critical
22500,0,0,0.1888,81.12,Excellent
22501,0,0,0.2844,71.56,Good
22502,1,0,0.49,51.0,Fair
22503,0,0,0.2723,72.77,Good
22504,0,0,0.1263,87.37,Excellent
22505,1,1,0.8993,10.07,Critical
22506,0,0,0.0967,90.33,Excellent
22507,0,0,0.3958,60.42,Good
22508,0,0,0.0605,93.95,Excellent
22509,0,0,0.1102,88.98,Excellent
22510,1,1,0.9765,2.35,Critical
22511,0,0,0.0652,93.48,Excellent
22512,1,1,0.9465,5.35,Critical
22513,1,1,0.8603,13.97,Critical
22514,1,1,0.9255,7.45,Critical
22515,1,1,0.9044,9.56,Critical
22516,1,1,0.9171,8.29,Critical
22517,1,1,0.9512,4.88,Critical
22518,0,0,0.1431,85.69,Excellent
22519,0,0,0.1294,87.06,Excellent
22520,0,0,0.122,87.8,Excellent
22521,0,0,0.2571,74.29,Good
22522,0,0,0.1085,89.15,Excellent
22523,0,1,0.5653,43.47,Fair
22524,0,0,0.0584,94.16,Excellent
22525,1,1,0.9217,7.83,Critical
22526,0,0,0.1044,89.56,Excellent
22527,1,1,0.6737,32.63,Poor
22528,0,0,0.1997,80.03,Excellent
22529,1,1,0.8853,11.47,Critical
22530,0,0,0.2478,75.22,Good
22531,1,1,0.6832,31.68,Poor
22532,0,0,0.2665,73.35,Good
22533,0,0,0.1882,81.18,Excellent
22534,0,0,0.1275,87.25,Excellent
22535,0,0,0.1925,80.75,Excellent
22536,0,0,0.1371,86.29,Excellent
22537,0,0,0.0854,91.46,Excellent
22538,1,1,0.8852,11.48,Critical
22539,0,0,0.3183,68.17,Good
22540,0,0,0.0946,90.54,Excellent
22541,1,1,0.9381,6.19,Critical
22542,1,1,0.8963,10.37,Critical
22543,0,0,0.1966,80.34,Excellent
22544,1,1,0.8246,17.54,Critical
22545,0,0,0.0781,92.19,Excellent
22546,1,0,0.4503,54.97,Fair
22547,0,0,0.113,88.7,Excellent
22548,1,1,0.8758,12.42,Critical
22549,1,1,0.8214,17.86,Critical
22550,0,0,0.1172,88.28,Excellent
22551,1,0,0.4779,52.21,Fair
22552,1,1,0.6741,32.59,Poor
22553,0,0,0.3614,63.86,Good
22554,0,0,0.1709,82.91,Excellent
22555,1,1,0.915,8.5,Critical
22556,0,0,0.1835,81.65,Excellent
22557,0,0,0.1595,84.05,Excellent
22558,1,0,0.4683,53.17,Fair
22559,0,0,0.2761,72.39,Good
22560,0,0,0.0735,92.65,Excellent
22561,1,1,0.783,21.7,Poor
22562,1,1,0.9147,8.53,Critical
22563,1,1,0.5882,41.18,Fair
22564,1,1,0.8797,12.03,Critical
22565,0,0,0.0825,91.75,Excellent
22566,0,0,0.1301,86.99,Excellent
22567,0,0,0.0876,91.24,Excellent
22568,1,1,0.8804,11.96,Critical
22569,0,0,0.2691,73.09,Good
22570,0,0,0.2029,79.71,Good
22571,1,1,0.6978,30.22,Poor
22572,0,0,0.1408,85.92,Excellent
22573,1,1,0.8682,13.18,Critical
22574,1,1,0.9673,3.27,Critical
22575,0,0,0.1993,80.07,Excellent
22576,0,0,0.079,92.1,Excellent
22577,0,0,0.1414,85.86,Excellent
22578,1,1,0.8813,11.87,Critical
22579,1,1,0.9595,4.05,Critical
22580,1,1,0.9484,5.16,Critical
22581,0,0,0.2335,76.65,Good
22582,1,1,0.9142,8.58,Critical
22583,0,0,0.0613,93.87,Excellent
22584,0,0,0.0605,93.95,Excellent
22585,0,0,0.1863,81.37,Excellent
22586,0,0,0.1425,85.75,Excellent
22587,0,0,0.0715,92.85,Excellent
22588,1,1,0.7578,24.22,Poor
22589,1,1,0.8111,18.89,Critical
22590,0,0,0.1404,85.96,Excellent
22591,1,1,0.9288,7.12,Critical
22592,0,0,0.0897,91.03,Excellent
22593,1,1,0.9366,6.34,Critical
22594,0,0,0.0829,91.71,Excellent
22595,0,0,0.1842,81.58,Excellent
22596,0,0,0.0787,92.13,Excellent
22597,0,0,0.1157,88.43,Excellent
22598,1,1,0.7675,23.25,Poor
22599,1,1,0.7909,20.91,Poor
22600,1,1,0.8123,18.77,Critical
22601,1,0,0.3733,62.67,Good
22602,0,0,0.1026,89.74,Excellent
22603,1,1,0.5078,49.22,Fair
22604,0,1,0.6852,31.48,Poor
22605,0,0,0.129,87.1,Excellent
22606,1,1,0.5558,44.42,Fair
22607,0,0,0.2461,75.39,Good
22608,1,1,0.7202,27.98,Poor
22609,0,0,0.2272,77.28,Good
22610,0,0,0.3836,61.64,Good
22611,1,1,0.8515,14.85,Critical
22612,1,1,0.884,11.6,Critical
22613,1,1,0.9905,0.95,Critical
22614,0,0,0.0895,91.05,Excellent
22615,1,1,0.6069,39.31,Poor
22616,1,1,0.8957,10.43,Critical
22617,1,1,0.6726,32.74,Poor
22618,1,1,0.9858,1.42,Critical
22619,0,0,0.2409,75.91,Good
22620,1,1,0.8234,17.66,Critical
22621,0,0,0.1673,83.27,Excellent
22622,1,0,0.4433,55.67,Fair
22623,0,0,0.0665,93.35,Excellent
22624,0,0,0.2576,74.24,Good
22625,0,0,0.111,88.9,Excellent
22626,0,0,0.1838,81.62,Excellent
22627,1,1,0.6999,30.01,Poor
22628,0,0,0.2929,70.71,Good
22629,0,0,0.2707,72.93,Good
22630,0,0,0.2745,72.55,Good
22631,1,1,0.9632,3.68,Critical
22632,1,1,0.9211,7.89,Critical
22633,0,0,0.4683,53.17,Fair
22634,1,1,0.7953,20.47,Poor
22635,1,1,0.9748,2.52,Critical
22636,1,1,0.9679,3.21,Critical
22637,0,0,0.1088,89.12,Excellent
22638,1,1,0.8958,10.42,Critical
22639,0,0,0.1927,80.73,Excellent
22640,1,1,0.7335,26.65,Poor
22641,1,1,0.7544,24.56,Poor
22642,0,0,0.1621,83.79,Excellent
22643,0,0,0.1622,83.78,Excellent
22644,0,0,0.1882,81.18,Excellent
22645,1,1,0.8045,19.55,Critical
22646,0,0,0.3537,64.63,Good
22647,1,1,0.9017,9.83,Critical
22648,0,0,0.1037,89.63,Excellent
22649,0,0,0.0703,92.97,Excellent
22650,1,1,0.9615,3.85,Critical
22651,1,1,0.5436,45.64,Fair
22652,1,1,0.9338,6.62,Critical
22653,0,0,0.1276,87.24,Excellent
22654,0,0,0.251,74.9,Good
22655,0,0,0.1934,80.66,Excellent
22656,1,1,0.7158,28.42,Poor
22657,0,0,0.1228,87.72,Excellent
22658,1,1,0.9875,1.25,Critical
22659,1,1,0.9788,2.12,Critical
22660,0,0,0.0991,90.09,Excellent
22661,1,1,0.833,16.7,Critical
22662,1,1,0.8817,11.83,Critical
22663,1,1,0.5136,48.64,Fair
22664,1,1,0.8288,17.12,Critical
22665,0,0,0.101,89.9,Excellent
22666,1,1,0.9079,9.21,Critical
22667,0,0,0.0666,93.34,Excellent
22668,0,0,0.1497,85.03,Excellent
22669,0,1,0.5694,43.06,Fair
22670,1,1,0.8489,15.11,Critical
22671,1,1,0.8828,11.72,Critical
22672,0,0,0.1255,87.45,Excellent
22673,0,0,0.0921,90.79,Excellent
22674,1,1,0.9068,9.32,Critical
22675,1,1,0.9328,6.72,Critical
22676,0,0,0.0794,92.06,Excellent
22677,0,0,0.0433,95.67,Excellent
22678,0,0,0.0785,92.15,Excellent
22679,1,1,0.8993,10.07,Critical
22680,0,0,0.0532,94.68,Excellent
22681,0,0,0.1395,86.05,Excellent
22682,0,0,0.2755,72.45,Good
22683,0,0,0.1526,84.74,Excellent
22684,1,1,0.858,14.2,Critical
22685,0,0,0.0913,90.87,Excellent
22686,0,0,0.122,87.8,Excellent
22687,0,0,0.07,93.0,Excellent
22688,1,1,0.8046,19.54,Critical
22689,1,1,0.837,16.3,Critical
22690,0,0,0.2235,77.65,Good
22691,1,1,0.861,13.9,Critical
22692,1,1,0.9256,7.44,Critical
22693,1,1,0.7038,29.62,Poor
22694,0,0,0.1663,83.37,Excellent
22695,0,0,0.3154,68.46,Good
22696,0,0,0.1071,89.29,Excellent
22697,1,1,0.9576,4.24,Critical
22698,0,0,0.1214,87.86,Excellent
22699,0,0,0.3103,68.97,Good
22700,0,0,0.1877,81.23,Excellent
22701,1,1,0.5863,41.37,Fair
22702,1,1,0.9481,5.19,Critical
22703,1,1,0.7269,27.31,Poor
22704,1,1,0.8275,17.25,Critical
22705,1,1,0.9257,7.43,Critical
22706,0,0,0.1989,80.11,Excellent
22707,0,0,0.2533,74.67,Good
22708,0,0,0.2035,79.65,Good
22709,0,0,0.1036,89.64,Excellent
22710,0,0,0.0912,90.88,Excellent
22711,0,0,0.3505,64.95,Good
22712,0,0,0.2633,73.67,Good
22713,1,0,0.4877,51.23,Fair
22714,1,1,0.6271,37.29,Poor
22715,0,0,0.2896,71.04,Good
22716,1,1,0.8549,14.51,Critical
22717,1,1,0.8548,14.52,Critical
22718,0,0,0.2566,74.34,Good
22719,1,1,0.7961,20.39,Poor
22720,0,0,0.0661,93.39,Excellent
22721,0,0,0.2321,76.79,Good
22722,0,0,0.1278,87.22,Excellent
22723,1,1,0.9454,5.46,Critical
22724,0,0,0.1597,84.03,Excellent
22725,1,1,0.8487,15.13,Critical
22726,1,1,0.7178,28.22,Poor
22727,1,1,0.8073,19.27,Critical
22728,1,1,0.9526,4.74,Critical
22729,0,0,0.0716,92.84,Excellent
22730,0,0,0.1057,89.43,Excellent
22731,0,0,0.2789,72.11,Good
22732,0,0,0.1783,82.17,Excellent
22733,0,0,0.1194,88.06,Excellent
22734,1,1,0.8858,11.42,Critical
22735,0,0,0.1492,85.08,Excellent
22736,1,1,0.8105,18.95,Critical
22737,1,1,0.8146,18.54,Critical
22738,1,1,0.9582,4.18,Critical
22739,1,1,0.7006,29.94,Poor
22740,1,1,0.9416,5.84,Critical
22741,1,1,0.9194,8.06,Critical
22742,0,0,0.0392,96.08,Excellent
22743,1,1,0.9606,3.94,Critical
22744,0,0,0.1106,88.94,Excellent
22745,0,0,0.1792,82.08,Excellent
22746,0,0,0.1787,82.13,Excellent
22747,0,0,0.2794,72.06,Good
22748,0,0,0.0884,91.16,Excellent
22749,0,0,0.1785,82.15,Excellent
22750,0,0,0.1284,87.16,Excellent
22751,0,0,0.0612,93.88,Excellent
22752,0,0,0.0861,91.39,Excellent
22753,1,1,0.8696,13.04,Critical
22754,0,0,0.3503,64.97,Good
22755,1,1,0.8539,14.61,Critical
22756,0,0,0.0934,90.66,Excellent
22757,1,1,0.8138,18.62,Critical
22758,1,1,0.9938,0.62,Critical
22759,1,1,0.7192,28.08,Poor
22760,0,0,0.2648,73.52,Good
22761,1,1,0.7008,29.92,Poor
22762,0,0,0.0997,90.03,Excellent
22763,0,0,0.1605,83.95,Excellent
22764,0,0,0.0604,93.96,Excellent
22765,1,1,0.8912,10.88,Critical
22766,0,0,0.0914,90.86,Excellent
22767,0,0,0.088,91.2,Excellent
22768,0,0,0.2776,72.24,Good
22769,0,0,0.121,87.9,Excellent
22770,0,0,0.1488,85.12,Excellent
22771,1,1,0.6645,33.55,Poor
22772,0,0,0.0599,94.01,Excellent
22773,0,0,0.079,92.1,Excellent
22774,0,0,0.142,85.8,Excellent
22775,1,1,0.812,18.8,Critical
22776,0,0,0.0923,90.77,Excellent
22777,0,0,0.1601,83.99,Excellent
22778,1,1,0.8979,10.21,Critical
22779,0,0,0.2331,76.69,Good
22780,0,0,0.0327,96.73,Excellent
22781,0,0,0.2083,79.17,Good
22782,1,1,0.8423,15.77,Critical
22783,1,1,0.9119,8.81,Critical
22784,0,0,0.1773,82.27,Excellent
22785,0,0,0.0937,90.63,Excellent
22786,0,0,0.0535,94.65,Excellent
22787,1,1,0.8737,12.63,Critical
22788,1,1,0.7646,23.54,Poor
22789,0,0,0.0753,92.47,Excellent
22790,1,1,0.9238,7.62,Critical
22791,1,1,0.8345,16.55,Critical
22792,1,1,0.8363,16.37,Critical
22793,0,0,0.2764,72.36,Good
22794,1,1,0.9047,9.53,Critical
22795,0,0,0.092,90.8,Excellent
22796,0,0,0.1633,83.67,Excellent
22797,1,1,0.9468,5.32,Critical
22798,1,1,0.8058,19.42,Critical
22799,1,1,0.7637,23.63,Poor
22800,1,1,0.9958,0.42,Critical
22801,1,1,0.7167,28.33,Poor
22802,0,0,0.161,83.9,Excellent
22803,0,0,0.1352,86.48,Excellent
22804,0,0,0.4277,57.23,Fair
22805,1,1,0.8072,19.28,Critical
22806,0,1,0.5784,42.16,Fair
22807,1,1,0.9057,9.43,Critical
22808,0,0,0.2162,78.38,Good
22809,0,0,0.4374,56.26,Fair
22810,0,0,0.343,65.7,Good
22811,1,1,0.8826,11.74,Critical
22812,1,1,0.9437,5.63,Critical
22813,1,1,0.9158,8.42,Critical
22814,0,0,0.1808,81.92,Excellent
22815,0,0,0.1011,89.89,Excellent
22816,0,0,0.0836,91.64,Excellent
22817,0,0,0.088,91.2,Excellent
22818,1,1,0.5965,40.35,Fair
22819,1,1,0.5558,44.42,Fair
22820,0,0,0.1347,86.53,Excellent
22821,1,1,0.7534,24.66,Poor
22822,1,1,0.824,17.6,Critical
22823,0,0,0.1467,85.33,Excellent
22824,1,1,0.9631,3.69,Critical
22825,1,1,0.9808,1.92,Critical
22826,0,0,0.1351,86.49,Excellent
22827,1,1,0.8351,16.49,Critical
22828,1,1,0.8823,11.77,Critical
22829,1,1,0.759,24.1,Poor
22830,1,1,0.9046,9.54,Critical
22831,1,1,0.7599,24.01,Poor
22832,1,1,0.9796,2.04,Critical
22833,1,1,0.8194,18.06,Critical
22834,1,1,0.8705,12.95,Critical
22835,0,0,0.1437,85.63,Excellent
22836,1,1,0.7985,20.15,Poor
22837,0,0,0.2106,78.94,Good
22838,1,1,0.9263,7.37,Critical
22839,1,1,0.9111,8.89,Critical
22840,0,0,0.242,75.8,Good
22841,1,0,0.0815,91.85,Excellent
22842,1,1,0.933,6.7,Critical
22843,1,1,0.8884,11.16,Critical
22844,1,1,0.835,16.5,Critical
22845,1,1,0.9697,3.03,Critical
22846,0,1,0.5023,49.77,Fair
22847,1,1,0.6372,36.28,Poor
22848,1,1,0.8899,11.01,Critical
22849,0,0,0.2102,78.98,Good
22850,0,0,0.0436,95.64,Excellent
22851,1,1,0.6016,39.84,Poor
22852,1,1,0.9922,0.78,Critical
22853,0,0,0.1455,85.45,Excellent
22854,0,0,0.1198,88.02,Excellent
22855,1,1,0.8765,12.35,Critical
22856,0,0,0.0851,91.49,Excellent
22857,0,0,0.2868,71.32,Good
22858,1,1,0.813,18.7,Critical
22859,0,0,0.1851,81.49,Excellent
22860,1,1,0.9589,4.11,Critical
22861,1,1,0.8685,13.15,Critical
22862,1,1,0.9062,9.38,Critical
22863,0,0,0.0535,94.65,Excellent
22864,0,0,0.233,76.7,Good
22865,0,0,0.2443,75.57,Good
22866,0,0,0.1408,85.92,Excellent
22867,1,1,0.763,23.7,Poor
22868,0,0,0.0693,93.07,Excellent
22869,0,0,0.2067,79.33,Good
22870,0,0,0.4853,51.47,Fair
22871,0,0,0.2273,77.27,Good
22872,1,1,0.855,14.5,Critical
22873,0,0,0.1428,85.72,Excellent
22874,1,1,0.9468,5.32,Critical
22875,0,0,0.0838,91.62,Excellent
22876,0,0,0.0855,91.45,Excellent
22877,1,1,0.8357,16.43,Critical
22878,1,1,0.9737,2.63,Critical
22879,0,0,0.2549,74.51,Good
22880,1,1,0.7549,24.51,Poor
22881,1,1,0.8427,15.73,Critical
22882,1,1,0.815,18.5,Critical
22883,0,0,0.0737,92.63,Excellent
22884,1,1,0.657,34.3,Poor
22885,1,1,0.954,4.6,Critical
22886,1,1,0.9039,9.61,Critical
22887,0,0,0.0909,90.91,Excellent
22888,1,1,0.7893,21.07,Poor
22889,1,1,0.9207,7.93,Critical
22890,1,1,0.5145,48.55,Fair
22891,1,1,0.9088,9.12,Critical
22892,1,1,0.6639,33.61,Poor
22893,0,0,0.1655,83.45,Excellent
22894,1,1,0.9151,8.49,Critical
22895,0,0,0.1518,84.82,Excellent
22896,1,1,0.8743,12.57,Critical
22897,0,0,0.1029,89.71,Excellent
22898,1,1,0.8436,15.64,Critical
22899,0,0,0.104,89.6,Excellent
22900,1,1,0.8247,17.53,Critical
22901,0,0,0.0911,90.89,Excellent
22902,1,1,0.7051,29.49,Poor
22903,1,1,0.7889,21.11,Poor
22904,0,0,0.2822,71.78,Good
22905,1,1,0.7022,29.78,Poor
22906,1,1,0.673,32.7,Poor
22907,1,1,0.9628,3.72,Critical
22908,0,0,0.126,87.4,Excellent
22909,1,1,0.5972,40.28,Fair
22910,1,1,0.8319,16.81,Critical
22911,1,1,0.7354,26.46,Poor
22912,0,0,0.1773,82.27,Excellent
22913,1,1,0.8517,14.83,Critical
22914,0,0,0.323,67.7,Good
22915,0,0,0.2856,71.44,Good
22916,1,1,0.7844,21.56,Poor
22917,1,1,0.7757,22.43,Poor
22918,0,0,0.1713,82.87,Excellent
22919,0,0,0.1962,80.38,Excellent
22920,1,1,0.8075,19.25,Critical
22921,0,0,0.1488,85.12,Excellent
22922,0,0,0.1289,87.11,Excellent
22923,1,1,0.6237,37.63,Poor
22924,0,0,0.108,89.2,Excellent
22925,1,1,0.8153,18.47,Critical
22926,1,1,0.8248,17.52,Critical
22927,1,1,0.8729,12.71,Critical
22928,1,1,0.9236,7.64,Critical
22929,1,1,0.9337,6.63,Critical
22930,1,1,0.5121,48.79,Fair
22931,0,0,0.1449,85.51,Excellent
22932,0,1,0.6064,39.36,Poor
22933,0,0,0.1152,88.48,Excellent
22934,1,1,0.9778,2.22,Critical
22935,1,1,0.7995,20.05,Poor
22936,1,1,0.5941,40.59,Fair
22937,1,1,0.6821,31.79,Poor
22938,1,1,0.6972,30.28,Poor
22939,1,1,0.8445,15.55,Critical
22940,0,0,0.1533,84.67,Excellent
22941,0,0,0.1534,84.66,Excellent
22942,0,0,0.3226,67.74,Good
22943,0,0,0.1246,87.54,Excellent
22944,0,0,0.1876,81.24,Excellent
22945,1,1,0.9652,3.48,Critical
22946,1,1,0.736,26.4,Poor
22947,0,0,0.1298,87.02,Excellent
22948,0,0,0.3142,68.58,Good
22949,0,0,0.1205,87.95,Excellent
22950,1,1,0.7112,28.88,Poor
22951,0,0,0.094,90.6,Excellent
22952,0,0,0.0392,96.08,Excellent
22953,1,1,0.7084,29.16,Poor
22954,1,1,0.8515,14.85,Critical
22955,1,1,0.889,11.1,Critical
22956,0,0,0.1061,89.39,Excellent
22957,1,1,0.7717,22.83,Poor
22958,1,1,0.8546,14.54,Critical
22959,1,1,0.5158,48.42,Fair
22960,0,0,0.2092,79.08,Good
22961,1,1,0.8477,15.23,Critical
22962,0,0,0.18,82.0,Excellent
22963,1,1,0.5882,41.18,Fair
22964,1,1,0.8256,17.44,Critical
22965,0,0,0.164,83.6,Excellent
22966,0,0,0.1848,81.52,Excellent
22967,0,0,0.1095,89.05,Excellent
22968,0,0,0.1643,83.57,Excellent
22969,0,1,0.658,34.2,Poor
22970,1,1,0.7879,21.21,Poor
22971,0,0,0.2073,79.27,Good
22972,0,0,0.1879,81.21,Excellent
22973,1,1,0.9713,2.87,Critical
22974,0,0,0.1999,80.01,Excellent
22975,0,0,0.2276,77.24,Good
22976,1,1,0.9152,8.48,Critical
22977,0,0,0.0624,93.76,Excellent
22978,1,1,0.9084,9.16,Critical
22979,1,1,0.9051,9.49,Critical
22980,1,1,0.98,2.0,Critical
22981,0,0,0.2411,75.89,Good
22982,0,0,0.3593,64.07,Good
22983,0,0,0.1027,89.73,Excellent
22984,1,1,0.8171,18.29,Critical
22985,1,1,0.8064,19.36,Critical
22986,1,1,0.706,29.4,Poor
22987,0,0,0.168,83.2,Excellent
22988,1,1,0.9042,9.58,Critical
22989,1,1,0.7794,22.06,Poor
22990,0,0,0.3951,60.49,Good
22991,1,1,0.9073,9.27,Critical
22992,1,1,0.9965,0.35,Critical
22993,1,1,0.9016,9.84,Critical
22994,0,0,0.2127,78.73,Good
22995,0,0,0.1224,87.76,Excellent
22996,0,0,0.0921,90.79,Excellent
22997,1,1,0.9808,1.92,Critical
22998,0,0,0.1629,83.71,Excellent
22999,0,0,0.1045,89.55,Excellent
23000,1,1,0.9757,2.43,Critical
23001,1,1,0.8479,15.21,Critical
23002,0,0,0.2607,73.93,Good
23003,1,0,0.3801,61.99,Good
23004,1,1,0.7847,21.53,Poor
23005,1,1,0.9129,8.71,Critical
23006,1,1,0.9022,9.78,Critical
23007,1,1,0.7384,26.16,Poor
23008,1,1,0.7698,23.02,Poor
23009,1,1,0.9722,2.78,Critical
23010,1,1,0.69,31.0,Poor
23011,0,0,0.1659,83.41,Excellent
23012,0,0,0.2014,79.86,Good
23013,1,1,0.8021,19.79,Critical
23014,0,1,0.6396,36.04,Poor
23015,0,0,0.1422,85.78,Excellent
23016,1,1,0.8701,12.99,Critical
23017,1,1,0.8903,10.97,Critical
23018,1,1,0.8564,14.36,Critical
23019,1,1,0.9369,6.31,Critical
23020,0,0,0.354,64.6,Good
23021,0,0,0.2802,71.98,Good
23022,1,1,0.7191,28.09,Poor
23023,1,1,0.7011,29.89,Poor
23024,0,0,0.0985,90.15,Excellent
23025,1,1,0.7494,25.06,Poor
23026,0,0,0.0753,92.47,Excellent
23027,1,1,0.9589,4.11,Critical
23028,1,1,0.9377,6.23,Critical
23029,1,1,0.9478,5.22,Critical
23030,0,0,0.2027,79.73,Good
23031,0,0,0.1535,84.65,Excellent
23032,0,0,0.2795,72.05,Good
23033,0,0,0.2674,73.26,Good
23034,1,1,0.9772,2.28,Critical
23035,0,0,0.0993,90.07,Excellent
23036,0,0,0.127,87.3,Excellent
23037,1,1,0.9544,4.56,Critical
23038,1,1,0.9291,7.09,Critical
23039,0,0,0.0868,91.32,Excellent
23040,1,1,0.9168,8.32,Critical
23041,1,1,0.816,18.4,Critical
23042,1,1,0.7971,20.29,Poor
23043,0,0,0.1422,85.78,Excellent
23044,0,0,0.1637,83.63,Excellent
23045,1,1,0.9604,3.96,Critical
23046,0,0,0.1121,88.79,Excellent
23047,0,0,0.0678,93.22,Excellent
23048,1,1,0.7963,20.37,Poor
23049,1,1,0.7479,25.21,Poor
23050,0,0,0.2374,76.26,Good
23051,1,1,0.8978,10.22,Critical
23052,0,0,0.0865,91.35,Excellent
23053,0,0,0.2078,79.22,Good
23054,1,1,0.9024,9.76,Critical
23055,1,1,0.9605,3.95,Critical
23056,1,1,0.9094,9.06,Critical
23057,1,1,0.7969,20.31,Poor
23058,1,1,0.8732,12.68,Critical
23059,1,1,0.9424,5.76,Critical
23060,1,1,0.7259,27.41,Poor
23061,0,0,0.1571,84.29,Excellent
23062,0,0,0.1094,89.06,Excellent
23063,0,0,0.1503,84.97,Excellent
23064,1,1,0.8054,19.46,Critical
23065,0,0,0.2739,72.61,Good
23066,1,1,0.9349,6.51,Critical
23067,1,1,0.8791,12.09,Critical
23068,1,1,0.7746,22.54,Poor
23069,0,0,0.0935,90.65,Excellent
23070,1,1,0.9349,6.51,Critical
23071,1,1,0.7543,24.57,Poor
23072,1,1,0.906,9.4,Critical
23073,1,1,0.8801,11.99,Critical
23074,1,1,0.6701,32.99,Poor
23075,0,0,0.1398,86.02,Excellent
23076,1,0,0.4139,58.61,Fair
23077,0,0,0.2293,77.07,Good
23078,1,1,0.9082,9.18,Critical
23079,1,1,0.8071,19.29,Critical
23080,0,0,0.0902,90.98,Excellent
23081,0,0,0.0686,93.14,Excellent
23082,0,0,0.1935,80.65,Excellent
23083,0,0,0.2124,78.76,Good
23084,0,0,0.0796,92.04,Excellent
23085,0,0,0.1595,84.05,Excellent
23086,0,0,0.2475,75.25,Good
23087,0,0,0.221,77.9,Good
23088,1,1,0.641,35.9,Poor
23089,1,1,0.9236,7.64,Critical
23090,0,0,0.1324,86.76,Excellent
23091,1,1,0.946,5.4,Critical
23092,0,0,0.1492,85.08,Excellent
23093,0,0,0.1659,83.41,Excellent
23094,1,1,0.634,36.6,Poor
23095,1,1,0.8838,11.62,Critical
23096,0,0,0.0734,92.66,Excellent
23097,1,1,0.9312,6.88,Critical
23098,0,0,0.3123,68.77,Good
23099,1,1,0.8198,18.02,Critical
23100,0,0,0.0525,94.75,Excellent
23101,0,0,0.047,95.3,Excellent
23102,0,0,0.1494,85.06,Excellent
23103,0,0,0.1133,88.67,Excellent
23104,0,0,0.1582,84.18,Excellent
23105,0,0,0.1992,80.08,Excellent
23106,1,1,0.8787,12.13,Critical
23107,0,0,0.0867,91.33,Excellent
23108,1,1,0.7672,23.28,Poor
23109,1,1,0.9391,6.09,Critical
23110,1,1,0.9261,7.39,Critical
23111,0,0,0.1355,86.45,Excellent
23112,1,1,0.9205,7.95,Critical
23113,1,1,0.7277,27.23,Poor
23114,0,0,0.1658,83.42,Excellent
23115,0,0,0.1806,81.94,Excellent
23116,1,1,0.7513,24.87,Poor
23117,1,1,0.8766,12.34,Critical
23118,0,0,0.0762,92.38,Excellent
23119,1,1,0.8853,11.47,Critical
23120,1,1,0.8199,18.01,Critical
23121,1,1,0.7379,26.21,Poor
23122,0,0,0.1978,80.22,Excellent
23123,0,0,0.2254,77.46,Good
23124,0,0,0.2376,76.24,Good
23125,1,1,0.9556,4.44,Critical
23126,1,1,0.9378,6.22,Critical
23127,0,0,0.1804,81.96,Excellent
23128,1,1,0.9888,1.12,Critical
23129,0,0,0.1126,88.74,Excellent
23130,0,0,0.2997,70.03,Good
23131,1,1,0.7762,22.38,Poor
23132,1,1,0.9851,1.49,Critical
23133,0,0,0.0824,91.76,Excellent
23134,1,1,0.9225,7.75,Critical
23135,1,1,0.8832,11.68,Critical
23136,0,0,0.15,85.0,Excellent
23137,0,0,0.0985,90.15,Excellent
23138,0,0,0.078,92.2,Excellent
23139,1,1,0.8606,13.94,Critical
23140,0,0,0.0745,92.55,Excellent
23141,0,0,0.4296,57.04,Fair
23142,0,0,0.2533,74.67,Good
23143,0,0,0.0676,93.24,Excellent
23144,1,1,0.8695,13.05,Critical
23145,1,1,0.9094,9.06,Critical
23146,0,0,0.27,73.0,Good
23147,0,0,0.0463,95.37,Excellent
23148,1,1,0.8332,16.68,Critical
23149,0,0,0.1609,83.91,Excellent
23150,1,1,0.9418,5.82,Critical
23151,1,1,0.8569,14.31,Critical
23152,1,1,0.9791,2.09,Critical
23153,0,0,0.0828,91.72,Excellent
23154,1,1,0.7537,24.63,Poor
23155,1,1,0.8615,13.85,Critical
23156,1,1,0.8356,16.44,Critical
23157,0,0,0.0835,91.65,Excellent
23158,1,0,0.4514,54.86,Fair
23159,1,1,0.8278,17.22,Critical
23160,1,0,0.4625,53.75,Fair
23161,1,1,0.8808,11.92,Critical
23162,0,0,0.1189,88.11,Excellent
23163,0,0,0.1342,86.58,Excellent
23164,1,1,0.6384,36.16,Poor
23165,0,0,0.1745,82.55,Excellent
23166,0,0,0.0761,92.39,Excellent
23167,0,0,0.0591,94.09,Excellent
23168,0,0,0.0845,91.55,Excellent
23169,0,0,0.4103,58.97,Fair
23170,0,0,0.1231,87.69,Excellent
23171,0,0,0.2279,77.21,Good
23172,0,0,0.2222,77.78,Good
23173,1,0,0.4903,50.97,Fair
23174,0,0,0.1475,85.25,Excellent
23175,1,1,0.9093,9.07,Critical
23176,0,0,0.3546,64.54,Good
23177,1,1,0.893,10.7,Critical
23178,0,0,0.0771,92.29,Excellent
23179,0,0,0.0603,93.97,Excellent
23180,1,1,0.737,26.3,Poor
23181,1,1,0.9098,9.02,Critical
23182,1,0,0.4331,56.69,Fair
23183,1,1,0.7762,22.38,Poor
23184,1,1,0.8478,15.22,Critical
23185,0,0,0.1671,83.29,Excellent
23186,0,0,0.0988,90.12,Excellent
23187,1,1,0.5712,42.88,Fair
23188,1,1,0.9757,2.43,Critical
23189,0,0,0.1025,89.75,Excellent
23190,1,1,0.8966,10.34,Critical
23191,1,1,0.9249,7.51,Critical
23192,0,0,0.0997,90.03,Excellent
23193,0,1,0.5188,48.12,Fair
23194,0,0,0.061,93.9,Excellent
23195,1,1,0.6128,38.72,Poor
23196,0,0,0.0995,90.05,Excellent
23197,1,1,0.947,5.3,Critical
23198,0,0,0.0817,91.83,Excellent
23199,1,1,0.775,22.5,Poor
23200,1,1,0.757,24.3,Poor
23201,0,0,0.2395,76.05,Good
23202,1,1,0.8886,11.14,Critical
23203,0,0,0.3198,68.02,Good
23204,0,0,0.1474,85.26,Excellent
23205,0,0,0.1713,82.87,Excellent
23206,1,1,0.8882,11.18,Critical
23207,1,1,0.8012,19.88,Critical
23208,0,0,0.1465,85.35,Excellent
23209,1,1,0.5713,42.87,Fair
23210,0,0,0.2666,73.34,Good
23211,0,0,0.0817,91.83,Excellent
23212,0,0,0.0405,95.95,Excellent
23213,0,0,0.1354,86.46,Excellent
23214,0,0,0.0877,91.23,Excellent
23215,1,1,0.6723,32.77,Poor
23216,0,0,0.0687,93.13,Excellent
23217,0,0,0.1225,87.75,Excellent
23218,0,0,0.1398,86.02,Excellent
23219,1,1,0.7409,25.91,Poor
23220,0,0,0.1007,89.93,Excellent
23221,1,1,0.7029,29.71,Poor
23222,1,1,0.8167,18.33,Critical
23223,0,0,0.09,91.0,Excellent
23224,1,1,0.9957,0.43,Critical
23225,0,0,0.1547,84.53,Excellent
23226,0,0,0.3021,69.79,Good
23227,1,1,0.8922,10.78,Critical
23228,1,1,0.8832,11.68,Critical
23229,0,0,0.2319,76.81,Good
23230,0,0,0.196,80.4,Excellent
23231,1,1,0.8627,13.73,Critical
23232,1,1,0.9462,5.38,Critical
23233,0,0,0.0918,90.82,Excellent
23234,0,0,0.2376,76.24,Good
23235,0,0,0.1485,85.15,Excellent
23236,0,0,0.3102,68.98,Good
23237,0,0,0.0958,90.42,Excellent
23238,0,0,0.4057,59.43,Fair
23239,0,0,0.0853,91.47,Excellent
23240,0,0,0.0836,91.64,Excellent
23241,1,1,0.7931,20.69,Poor
23242,0,0,0.0846,91.54,Excellent
23243,1,1,0.8855,11.45,Critical
23244,0,0,0.1751,82.49,Excellent
23245,0,0,0.1286,87.14,Excellent
23246,0,0,0.1032,89.68,Excellent
23247,1,1,0.6846,31.54,Poor
23248,1,1,0.8442,15.58,Critical
23249,1,1,0.9409,5.91,Critical
23250,0,0,0.1018,89.82,Excellent
23251,0,0,0.0653,93.47,Excellent
23252,0,0,0.0498,95.02,Excellent
23253,0,0,0.2722,72.78,Good
23254,0,0,0.3885,61.15,Good
23255,1,1,0.8807,11.93,Critical
23256,1,1,0.9814,1.86,Critical
23257,1,1,0.7867,21.33,Poor
23258,0,0,0.0515,94.85,Excellent
23259,1,1,0.7368,26.32,Poor
23260,1,1,0.7581,24.19,Poor
23261,0,0,0.2389,76.11,Good
23262,0,0,0.0886,91.14,Excellent
23263,1,1,0.925,7.5,Critical
23264,1,1,0.6216,37.84,Poor
23265,1,1,0.6038,39.62,Poor
23266,0,0,0.1067,89.33,Excellent
23267,1,1,0.8696,13.04,Critical
23268,0,0,0.1124,88.76,Excellent
23269,1,1,0.9072,9.28,Critical
23270,0,0,0.1385,86.15,Excellent
23271,1,1,0.9462,5.38,Critical
23272,0,0,0.1649,83.51,Excellent
23273,1,1,0.9002,9.98,Critical
23274,0,0,0.0632,93.68,Excellent
23275,1,1,0.9655,3.45,Critical
23276,0,0,0.2449,75.51,Good
23277,1,1,0.9265,7.35,Critical
23278,1,1,0.928,7.2,Critical
23279,1,1,0.9209,7.91,Critical
23280,0,0,0.1564,84.36,Excellent
23281,0,0,0.2701,72.99,Good
23282,1,1,0.7767,22.33,Poor
23283,1,1,0.8589,14.11,Critical
23284,1,0,0.4988,50.12,Fair
23285,1,1,0.8397,16.03,Critical
23286,0,0,0.2918,70.82,Good
23287,1,1,0.9556,4.44,Critical
23288,1,1,0.5124,48.76,Fair
23289,1,1,0.906,9.4,Critical
23290,1,1,0.8751,12.49,Critical
23291,0,0,0.0727,92.73,Excellent
23292,1,1,0.94,6.0,Critical
23293,0,0,0.0616,93.84,Excellent
23294,0,0,0.2861,71.39,Good
23295,0,0,0.149,85.1,Excellent
23296,0,0,0.128,87.2,Excellent
23297,0,0,0.1498,85.02,Excellent
23298,1,1,0.533,46.7,Fair
23299,0,0,0.0161,98.39,Excellent
23300,1,1,0.9674,3.26,Critical
23301,1,1,0.677,32.3,Poor
23302,1,1,0.8351,16.49,Critical
23303,0,0,0.0459,95.41,Excellent
23304,0,0,0.0926,90.74,Excellent
23305,0,0,0.1068,89.32,Excellent
23306,1,1,0.9232,7.68,Critical
23307,1,1,0.915,8.5,Critical
23308,1,1,0.832,16.8,Critical
23309,0,0,0.307,69.3,Good
23310,1,1,0.8945,10.55,Critical
23311,1,1,0.9481,5.19,Critical
23312,0,0,0.0689,93.11,Excellent
23313,0,0,0.1182,88.18,Excellent
23314,1,1,0.6248,37.52,Poor
23315,0,0,0.1371,86.29,Excellent
23316,1,1,0.9267,7.33,Critical
23317,0,0,0.0368,96.32,Excellent
23318,0,0,0.07,93.0,Excellent
23319,0,0,0.2538,74.62,Good
23320,0,0,0.3744,62.56,Good
23321,0,0,0.0854,91.46,Excellent
23322,0,0,0.2655,73.45,Good
23323,0,0,0.3049,69.51,Good
23324,0,0,0.1293,87.07,Excellent
23325,0,0,0.1206,87.94,Excellent
23326,1,1,0.9801,1.99,Critical
23327,1,1,0.8234,17.66,Critical
23328,1,1,0.912,8.8,Critical
23329,1,1,0.9072,9.28,Critical
23330,1,1,0.7319,26.81,Poor
23331,1,1,0.8763,12.37,Critical
23332,1,1,0.8403,15.97,Critical
23333,0,0,0.3392,66.08,Good
23334,1,1,0.9337,6.63,Critical
23335,0,0,0.0863,91.37,Excellent
23336,0,0,0.121,87.9,Excellent
23337,1,1,0.8831,11.69,Critical
23338,0,0,0.2571,74.29,Good
23339,1,1,0.7958,20.42,Poor
23340,1,1,0.8164,18.36,Critical
23341,1,1,0.9071,9.29,Critical
23342,1,1,0.9465,5.35,Critical
23343,1,0,0.4428,55.72,Fair
23344,0,0,0.0993,90.07,Excellent
23345,1,1,0.9291,7.09,Critical
23346,1,1,0.8809,11.91,Critical
23347,1,1,0.812,18.8,Critical
23348,0,0,0.1632,83.68,Excellent
23349,0,0,0.2198,78.02,Good
23350,1,1,0.8482,15.18,Critical
23351,0,0,0.0232,97.68,Excellent
23352,0,0,0.1418,85.82,Excellent
23353,1,1,0.9136,8.64,Critical
23354,1,1,0.8059,19.41,Critical
23355,1,1,0.9286,7.14,Critical
23356,0,0,0.0359,96.41,Excellent
23357,1,1,0.9151,8.49,Critical
23358,0,0,0.131,86.9,Excellent
23359,1,1,0.9959,0.41,Critical
23360,0,0,0.3926,60.74,Good
23361,1,1,0.9968,0.32,Critical
23362,0,0,0.0753,92.47,Excellent
23363,0,0,0.2719,72.81,Good
23364,1,1,0.9007,9.93,Critical
23365,0,0,0.1645,83.55,Excellent
23366,0,0,0.1047,89.53,Excellent
23367,0,0,0.1353,86.47,Excellent
23368,1,1,0.8997,10.03,Critical
23369,1,1,0.9744,2.56,Critical
23370,1,1,0.6596,34.04,Poor
23371,0,0,0.0984,90.16,Excellent
23372,1,1,0.9041,9.59,Critical
23373,1,1,0.8893,11.07,Critical
23374,1,1,0.8738,12.62,Critical
23375,1,1,0.9727,2.73,Critical
23376,0,0,0.3211,67.89,Good
23377,0,0,0.2239,77.61,Good
23378,1,0,0.4075,59.25,Fair
23379,1,1,0.7552,24.48,Poor
23380,0,0,0.2579,74.21,Good
23381,1,1,0.7425,25.75,Poor
23382,1,1,0.8986,10.14,Critical
23383,0,0,0.0704,92.96,Excellent
23384,1,1,0.5549,44.51,Fair
23385,1,1,0.9178,8.22,Critical
23386,1,1,0.9652,3.48,Critical
23387,1,1,0.7412,25.88,Poor
23388,0,0,0.0552,94.48,Excellent
23389,0,0,0.1348,86.52,Excellent
23390,1,1,0.8619,13.81,Critical
23391,0,0,0.2731,72.69,Good
23392,1,1,0.8224,17.76,Critical
23393,1,1,0.7362,26.38,Poor
23394,1,1,0.9374,6.26,Critical
23395,1,1,0.9322,6.78,Critical
23396,0,0,0.1341,86.59,Excellent
23397,0,0,0.1682,83.18,Excellent
23398,1,1,0.8414,15.86,Critical
23399,0,0,0.1217,87.83,Excellent
23400,0,0,0.1139,88.61,Excellent
23401,0,0,0.0952,90.48,Excellent
23402,1,1,0.8436,15.64,Critical
23403,0,0,0.0331,96.69,Excellent
23404,0,0,0.4504,54.96,Fair
23405,1,1,0.9408,5.92,Critical
23406,1,1,0.9051,9.49,Critical
23407,1,1,0.9343,6.57,Critical
23408,1,1,0.8737,12.63,Critical
23409,0,0,0.1744,82.56,Excellent
23410,0,0,0.3138,68.62,Good
23411,0,0,0.1858,81.42,Excellent
23412,0,0,0.0971,90.29,Excellent
23413,0,0,0.139,86.1,Excellent
23414,1,1,0.8176,18.24,Critical
23415,0,0,0.0452,95.48,Excellent
23416,0,0,0.2476,75.24,Good
23417,0,0,0.0759,92.41,Excellent
23418,0,0,0.0355,96.45,Excellent
23419,0,0,0.3823,61.77,Good
23420,1,1,0.7629,23.71,Poor
23421,0,0,0.1147,88.53,Excellent
23422,0,0,0.1653,83.47,Excellent
23423,0,0,0.2232,77.68,Good
23424,1,1,0.7935,20.65,Poor
23425,1,1,0.9242,7.58,Critical
23426,1,1,0.9689,3.11,Critical
23427,0,0,0.096,90.4,Excellent
23428,0,0,0.1809,81.91,Excellent
23429,0,0,0.1443,85.57,Excellent
23430,1,1,0.7832,21.68,Poor
23431,0,0,0.2893,71.07,Good
23432,0,0,0.2003,79.97,Good
23433,0,0,0.2923,70.77,Good
23434,0,0,0.0932,90.68,Excellent
23435,0,0,0.1742,82.58,Excellent
23436,0,0,0.1242,87.58,Excellent
23437,0,0,0.1171,88.29,Excellent
23438,0,0,0.0457,95.43,Excellent
23439,0,0,0.1334,86.66,Excellent
23440,0,0,0.0647,93.53,Excellent
23441,1,1,0.9289,7.11,Critical
23442,1,1,0.8088,19.12,Critical
23443,1,1,0.8986,10.14,Critical
23444,0,0,0.095,90.5,Excellent
23445,0,0,0.1379,86.21,Excellent
23446,1,1,0.9335,6.65,Critical
23447,1,1,0.9552,4.48,Critical
23448,0,0,0.0902,90.98,Excellent
23449,1,1,0.9253,7.47,Critical
23450,0,0,0.0923,90.77,Excellent
23451,1,1,0.6958,30.42,Poor
23452,0,0,0.069,93.1,Excellent
23453,0,0,0.199,80.1,Excellent
23454,1,1,0.8643,13.57,Critical
23455,1,1,0.6831,31.69,Poor
23456,0,0,0.0671,93.29,Excellent
23457,1,1,0.601,39.9,Poor
23458,1,1,0.8485,15.15,Critical
23459,1,1,0.9332,6.68,Critical
23460,1,1,0.5769,42.31,Fair
23461,1,1,0.9237,7.63,Critical
23462,0,0,0.1549,84.51,Excellent
23463,0,0,0.0781,92.19,Excellent
23464,1,1,0.7416,25.84,Poor
23465,0,0,0.0893,91.07,Excellent
23466,0,0,0.1015,89.85,Excellent
23467,0,0,0.1587,84.13,Excellent
23468,1,1,0.9573,4.27,Critical
23469,0,0,0.1997,80.03,Excellent
23470,1,1,0.9439,5.61,Critical
23471,0,0,0.1605,83.95,Excellent
23472,1,1,0.6572,34.28,Poor
23473,0,0,0.0896,91.04,Excellent
23474,0,0,0.1382,86.18,Excellent
23475,0,0,0.1598,84.02,Excellent
23476,0,0,0.3385,66.15,Good
23477,1,1,0.5387,46.13,Fair
23478,1,1,0.9959,0.41,Critical
23479,0,0,0.1169,88.31,Excellent
23480,0,0,0.1468,85.32,Excellent
23481,0,0,0.156,84.4,Excellent
23482,0,0,0.2438,75.62,Good
23483,0,0,0.082,91.8,Excellent
23484,0,0,0.0997,90.03,Excellent
23485,1,1,0.8918,10.82,Critical
23486,1,1,0.9259,7.41,Critical
23487,1,1,0.6467,35.33,Poor
23488,1,1,0.7033,29.67,Poor
23489,0,0,0.079,92.1,Excellent
23490,1,1,0.6858,31.42,Poor
23491,1,1,0.8381,16.19,Critical
23492,1,1,0.8782,12.18,Critical
23493,0,0,0.2118,78.82,Good
23494,1,1,0.7408,25.92,Poor
23495,1,1,0.9466,5.34,Critical
23496,0,0,0.345,65.5,Good
23497,0,0,0.0515,94.85,Excellent
23498,1,1,0.9497,5.03,Critical
23499,1,1,0.8796,12.04,Critical
23500,1,1,0.8344,16.56,Critical
23501,0,0,0.1601,83.99,Excellent
23502,0,0,0.0918,90.82,Excellent
23503,1,1,0.9593,4.07,Critical
23504,1,1,0.7516,24.84,Poor
23505,1,1,0.9391,6.09,Critical
23506,0,0,0.092,90.8,Excellent
23507,1,1,0.8895,11.05,Critical
23508,1,1,0.8682,13.18,Critical
23509,0,0,0.1064,89.36,Excellent
23510,0,0,0.1674,83.26,Excellent
23511,1,1,0.9261,7.39,Critical
23512,0,0,0.1258,87.42,Excellent
23513,1,1,0.9048,9.52,Critical
23514,1,1,0.7278,27.22,Poor
23515,0,0,0.1144,88.56,Excellent
23516,0,0,0.1496,85.04,Excellent
23517,0,0,0.0601,93.99,Excellent
23518,1,1,0.6441,35.59,Poor
23519,0,0,0.0937,90.63,Excellent
23520,0,0,0.119,88.1,Excellent
23521,0,0,0.078,92.2,Excellent
23522,0,0,0.1257,87.43,Excellent
23523,0,0,0.0778,92.22,Excellent
23524,0,0,0.0723,92.77,Excellent
23525,0,0,0.312,68.8,Good
23526,0,0,0.2483,75.17,Good
23527,1,1,0.9351,6.49,Critical
23528,0,0,0.0971,90.29,Excellent
23529,0,0,0.3647,63.53,Good
23530,1,1,0.7979,20.21,Poor
23531,0,0,0.1445,85.55,Excellent
23532,1,1,0.8688,13.12,Critical
23533,0,0,0.0609,93.91,Excellent
23534,0,0,0.0767,92.33,Excellent
23535,0,0,0.183,81.7,Excellent
23536,1,1,0.7873,21.27,Poor
23537,0,0,0.2644,73.56,Good
23538,0,0,0.0578,94.22,Excellent
23539,0,0,0.1085,89.15,Excellent
23540,0,0,0.3104,68.96,Good
23541,1,1,0.7066,29.34,Poor
23542,0,0,0.0946,90.54,Excellent
23543,0,0,0.0887,91.13,Excellent
23544,0,0,0.2878,71.22,Good
23545,0,0,0.2493,75.07,Good
23546,0,0,0.2873,71.27,Good
23547,1,1,0.7322,26.78,Poor
23548,1,1,0.9094,9.06,Critical
23549,1,1,0.9087,9.13,Critical
23550,0,0,0.0527,94.73,Excellent
23551,0,0,0.0308,96.92,Excellent
23552,1,1,0.8412,15.88,Critical
23553,1,1,0.6575,34.25,Poor
23554,0,0,0.1248,87.52,Excellent
23555,1,1,0.615,38.5,Poor
23556,0,0,0.093,90.7,Excellent
23557,0,0,0.1317,86.83,Excellent
23558,1,1,0.9496,5.04,Critical
23559,1,1,0.6802,31.98,Poor
23560,1,1,0.9424,5.76,Critical
23561,0,0,0.1855,81.45,Excellent
23562,1,1,0.8679,13.21,Critical
23563,1,1,0.7586,24.14,Poor
23564,0,0,0.3563,64.37,Good
23565,0,0,0.421,57.9,Fair
23566,0,0,0.2661,73.39,Good
23567,0,0,0.0569,94.31,Excellent
23568,1,1,0.8304,16.96,Critical
23569,0,0,0.27,73.0,Good
23570,0,0,0.1012,89.88,Excellent
23571,1,1,0.9799,2.01,Critical
23572,0,0,0.2949,70.51,Good
23573,0,0,0.0713,92.87,Excellent
23574,1,1,0.7865,21.35,Poor
23575,1,1,0.9496,5.04,Critical
23576,0,0,0.2384,76.16,Good
23577,0,0,0.1446,85.54,Excellent
23578,1,1,0.8918,10.82,Critical
23579,1,1,0.9759,2.41,Critical
23580,0,0,0.153,84.7,Excellent
23581,0,0,0.0711,92.89,Excellent
23582,0,0,0.0276,97.24,Excellent
23583,1,1,0.9512,4.88,Critical
23584,0,0,0.0593,94.07,Excellent
23585,0,0,0.1476,85.24,Excellent
23586,0,0,0.1705,82.95,Excellent
23587,1,1,0.8394,16.06,Critical
23588,0,0,0.0982,90.18,Excellent
23589,1,1,0.8394,16.06,Critical
23590,0,0,0.0737,92.63,Excellent
23591,0,0,0.1618,83.82,Excellent
23592,1,1,0.9443,5.57,Critical
23593,0,0,0.1555,84.45,Excellent
23594,0,0,0.4205,57.95,Fair
23595,1,1,0.9805,1.95,Critical
23596,0,0,0.1169,88.31,Excellent
23597,1,1,0.7339,26.61,Poor
23598,0,0,0.2209,77.91,Good
23599,1,1,0.791,20.9,Poor
23600,1,1,0.9653,3.47,Critical
23601,1,1,0.8613,13.87,Critical
23602,0,0,0.1397,86.03,Excellent
23603,0,0,0.131,86.9,Excellent
23604,0,0,0.0671,93.29,Excellent
23605,1,1,0.8298,17.02,Critical
23606,1,1,0.8173,18.27,Critical
23607,0,0,0.09,91.0,Excellent
23608,0,0,0.2686,73.14,Good
23609,1,1,0.6179,38.21,Poor
23610,1,1,0.8034,19.66,Critical
23611,0,0,0.083,91.7,Excellent
23612,1,1,0.9777,2.23,Critical
23613,0,0,0.1753,82.47,Excellent
23614,1,1,0.9191,8.09,Critical
23615,1,1,0.9863,1.37,Critical
23616,1,1,0.6991,30.09,Poor
23617,1,1,0.9836,1.64,Critical
23618,0,1,0.532,46.8,Fair
23619,0,0,0.0719,92.81,Excellent
23620,0,0,0.1436,85.64,Excellent
23621,1,1,0.923,7.7,Critical
23622,0,0,0.2722,72.78,Good
23623,0,0,0.0819,91.81,Excellent
23624,0,0,0.1571,84.29,Excellent
23625,1,1,0.8647,13.53,Critical
23626,0,0,0.0422,95.78,Excellent
23627,1,1,0.5245,47.55,Fair
23628,1,1,0.8421,15.79,Critical
23629,0,0,0.2101,78.99,Good
23630,1,1,0.7124,28.76,Poor
23631,1,1,0.7973,20.27,Poor
23632,1,0,0.4271,57.29,Fair
23633,0,0,0.2123,78.77,Good
23634,1,1,0.6961,30.39,Poor
23635,0,0,0.1391,86.09,Excellent
23636,1,1,0.8686,13.14,Critical
23637,0,0,0.0951,90.49,Excellent
23638,0,0,0.0843,91.57,Excellent
23639,1,1,0.8308,16.92,Critical
23640,0,0,0.167,83.3,Excellent
23641,1,1,0.934,6.6,Critical
23642,1,1,0.9339,6.61,Critical
23643,1,1,0.9549,4.51,Critical
23644,1,1,0.6248,37.52,Poor
23645,0,0,0.1304,86.96,Excellent
23646,1,1,0.9161,8.39,Critical
23647,0,0,0.1166,88.34,Excellent
23648,1,1,0.831,16.9,Critical
23649,0,0,0.1162,88.38,Excellent
23650,1,1,0.819,18.1,Critical
23651,1,1,0.8675,13.25,Critical
23652,0,0,0.0658,93.42,Excellent
23653,0,0,0.1477,85.23,Excellent
23654,0,0,0.1864,81.36,Excellent
23655,0,0,0.0852,91.48,Excellent
23656,1,1,0.8878,11.22,Critical
23657,1,1,0.9537,4.63,Critical
23658,0,0,0.3518,64.82,Good
23659,1,1,0.9217,7.83,Critical
23660,1,1,0.8579,14.21,Critical
23661,1,1,0.8732,12.68,Critical
23662,0,0,0.1297,87.03,Excellent
23663,0,0,0.2619,73.81,Good
23664,0,0,0.0519,94.81,Excellent
23665,0,0,0.0966,90.34,Excellent
23666,0,0,0.0417,95.83,Excellent
23667,0,0,0.0889,91.11,Excellent
23668,0,0,0.1405,85.95,Excellent
23669,0,0,0.0688,93.12,Excellent
23670,0,0,0.1115,88.85,Excellent
23671,1,1,0.7701,22.99,Poor
23672,1,1,0.5383,46.17,Fair
23673,1,1,0.6628,33.72,Poor
23674,1,1,0.6507,34.93,Poor
23675,1,1,0.9235,7.65,Critical
23676,1,1,0.9533,4.67,Critical
23677,1,1,0.8259,17.41,Critical
23678,1,1,0.9025,9.75,Critical
23679,1,1,0.8115,18.85,Critical
23680,1,1,0.8711,12.89,Critical
23681,0,0,0.1007,89.93,Excellent
23682,1,1,0.6227,37.73,Poor
23683,1,1,0.6919,30.81,Poor
23684,1,1,0.9745,2.55,Critical
23685,1,1,0.5869,41.31,Fair
23686,1,1,0.8129,18.71,Critical
23687,0,0,0.1325,86.75,Excellent
23688,1,1,0.7194,28.06,Poor
23689,0,0,0.17,83.0,Excellent
23690,1,1,0.9242,7.58,Critical
23691,1,1,0.9478,5.22,Critical
23692,0,0,0.2317,76.83,Good
23693,1,1,0.681,31.9,Poor
23694,1,1,0.7392,26.08,Poor
23695,0,0,0.3924,60.76,Good
23696,0,0,0.1714,82.86,Excellent
23697,0,0,0.2487,75.13,Good
23698,0,0,0.2213,77.87,Good
23699,0,0,0.1792,82.08,Excellent
23700,0,0,0.1728,82.72,Excellent
23701,0,0,0.15,85.0,Excellent
23702,1,1,0.9695,3.05,Critical
23703,1,1,0.6034,39.66,Poor
23704,0,0,0.0971,90.29,Excellent
23705,0,0,0.1582,84.18,Excellent
23706,0,0,0.2825,71.75,Good
23707,1,1,0.9173,8.27,Critical
23708,1,1,0.9154,8.46,Critical
23709,1,1,0.8328,16.72,Critical
23710,0,0,0.0771,92.29,Excellent
23711,0,0,0.1188,88.12,Excellent
23712,1,1,0.7963,20.37,Poor
23713,0,0,0.1817,81.83,Excellent
23714,1,0,0.4491,55.09,Fair
23715,1,1,0.9179,8.21,Critical
23716,1,1,0.5744,42.56,Fair
23717,0,0,0.1954,80.46,Excellent
23718,0,0,0.279,72.1,Good
23719,1,1,0.8803,11.97,Critical
23720,1,1,0.925,7.5,Critical
23721,1,1,0.7378,26.22,Poor
23722,1,1,0.7599,24.01,Poor
23723,1,1,0.9593,4.07,Critical
23724,1,1,0.7515,24.85,Poor
23725,1,1,0.9188,8.12,Critical
23726,1,1,0.5595,44.05,Fair
23727,1,1,0.8378,16.22,Critical
23728,1,1,0.8793,12.07,Critical
23729,0,0,0.1136,88.64,Excellent
23730,1,1,0.5382,46.18,Fair
23731,0,0,0.1425,85.75,Excellent
23732,0,0,0.0891,91.09,Excellent
23733,0,0,0.1805,81.95,Excellent
23734,0,0,0.123,87.7,Excellent
23735,0,0,0.2026,79.74,Good
23736,1,1,0.5827,41.73,Fair
23737,1,1,0.8328,16.72,Critical
23738,1,1,0.9667,3.33,Critical
23739,0,0,0.1239,87.61,Excellent
23740,0,0,0.0785,92.15,Excellent
23741,0,0,0.1186,88.14,Excellent
23742,1,0,0.4558,54.42,Fair
23743,0,0,0.2093,79.07,Good
23744,1,1,0.8719,12.81,Critical
23745,1,1,0.9015,9.85,Critical
23746,0,0,0.0719,92.81,Excellent
23747,1,1,0.9582,4.18,Critical
23748,1,1,0.8918,10.82,Critical
23749,0,0,0.0533,94.67,Excellent
23750,0,0,0.1822,81.78,Excellent
23751,1,1,0.8329,16.71,Critical
23752,0,0,0.1242,87.58,Excellent
23753,1,1,0.6774,32.26,Poor
23754,0,0,0.1227,87.73,Excellent
23755,1,1,0.7307,26.93,Poor
23756,0,0,0.1006,89.94,Excellent
23757,1,1,0.7185,28.15,Poor
23758,0,0,0.026,97.4,Excellent
23759,0,0,0.253,74.7,Good
23760,1,1,0.6271,37.29,Poor
23761,1,1,0.8063,19.37,Critical
23762,0,0,0.1222,87.78,Excellent
23763,1,1,0.7638,23.62,Poor
23764,0,0,0.1073,89.27,Excellent
23765,0,0,0.1262,87.38,Excellent
23766,0,0,0.0817,91.83,Excellent
23767,0,0,0.2098,79.02,Good
23768,1,1,0.9492,5.08,Critical
23769,1,1,0.9019,9.81,Critical
23770,1,1,0.761,23.9,Poor
23771,0,0,0.0808,91.92,Excellent
23772,0,0,0.0926,90.74,Excellent
23773,1,1,0.8621,13.79,Critical
23774,1,1,0.8446,15.54,Critical
23775,1,1,0.7091,29.09,Poor
23776,0,0,0.2716,72.84,Good
23777,1,1,0.857,14.3,Critical
23778,1,1,0.8907,10.93,Critical
23779,1,1,0.6542,34.58,Poor
23780,0,0,0.3455,65.45,Good
23781,1,1,0.9189,8.11,Critical
23782,0,0,0.0954,90.46,Excellent
23783,0,0,0.0872,91.28,Excellent
23784,0,0,0.0953,90.47,Excellent
23785,1,1,0.9594,4.06,Critical
23786,1,1,0.8634,13.66,Critical
23787,0,0,0.2375,76.25,Good
23788,0,0,0.0562,94.38,Excellent
23789,1,1,0.9796,2.04,Critical
23790,1,1,0.6708,32.92,Poor
23791,0,0,0.1795,82.05,Excellent
23792,1,1,0.8464,15.36,Critical
23793,0,0,0.4332,56.68,Fair
23794,0,0,0.1197,88.03,Excellent
23795,0,0,0.1052,89.48,Excellent
23796,1,1,0.7248,27.52,Poor
23797,0,0,0.0733,92.67,Excellent
23798,1,1,0.6002,39.98,Poor
23799,1,1,0.8675,13.25,Critical
23800,1,1,0.6467,35.33,Poor
23801,1,1,0.8877,11.23,Critical
23802,0,0,0.2504,74.96,Good
23803,0,0,0.1955,80.45,Excellent
23804,0,0,0.1179,88.21,Excellent
23805,0,0,0.1233,87.67,Excellent
23806,1,1,0.955,4.5,Critical
23807,1,1,0.9708,2.92,Critical
23808,1,1,0.8596,14.04,Critical
23809,1,1,0.8306,16.94,Critical
23810,1,1,0.9184,8.16,Critical
23811,0,0,0.0493,95.07,Excellent
23812,1,1,0.8503,14.97,Critical
23813,1,1,0.9324,6.76,Critical
23814,0,0,0.1163,88.37,Excellent
23815,0,0,0.213,78.7,Good
23816,0,0,0.1203,87.97,Excellent
23817,0,0,0.144,85.6,Excellent
23818,1,1,0.6577,34.23,Poor
23819,1,1,0.8733,12.67,Critical
23820,1,1,0.8635,13.65,Critical
23821,1,1,0.8354,16.46,Critical
23822,1,1,0.9168,8.32,Critical
23823,1,1,0.8799,12.01,Critical
23824,1,1,0.9026,9.74,Critical
23825,0,0,0.2446,75.54,Good
23826,0,0,0.3469,65.31,Good
23827,0,0,0.2639,73.61,Good
23828,0,0,0.2138,78.62,Good
23829,1,1,0.8831,11.69,Critical
23830,0,0,0.2241,77.59,Good
23831,0,0,0.1512,84.88,Excellent
23832,1,1,0.5925,40.75,Fair
23833,0,0,0.3478,65.22,Good
23834,1,1,0.6875,31.25,Poor
23835,0,0,0.2399,76.01,Good
23836,0,0,0.1271,87.29,Excellent
23837,0,1,0.5216,47.84,Fair
23838,0,0,0.0992,90.08,Excellent
23839,1,1,0.9476,5.24,Critical
23840,1,1,0.8776,12.24,Critical
23841,0,0,0.0556,94.44,Excellent
23842,1,1,0.9235,7.65,Critical
23843,0,0,0.1761,82.39,Excellent
23844,1,1,0.738,26.2,Poor
23845,1,1,0.5124,48.76,Fair
23846,1,1,0.6129,38.71,Poor
23847,0,0,0.1373,86.27,Excellent
23848,0,0,0.0886,91.14,Excellent
23849,1,1,0.7436,25.64,Poor
23850,1,1,0.9072,9.28,Critical
23851,1,1,0.7005,29.95,Poor
23852,0,0,0.0781,92.19,Excellent
23853,1,1,0.8828,11.72,Critical
23854,0,0,0.0833,91.67,Excellent
23855,0,0,0.1615,83.85,Excellent
23856,1,1,0.7391,26.09,Poor
23857,1,1,0.9107,8.93,Critical
23858,0,0,0.1354,86.46,Excellent
23859,1,1,0.9191,8.09,Critical
23860,1,1,0.8712,12.88,Critical
23861,1,1,0.8944,10.56,Critical
23862,1,1,0.9548,4.52,Critical
23863,0,0,0.1496,85.04,Excellent
23864,1,1,0.9239,7.61,Critical
23865,1,1,0.9363,6.37,Critical
23866,0,0,0.1529,84.71,Excellent
23867,0,0,0.3663,63.37,Good
23868,0,0,0.0768,92.32,Excellent
23869,0,0,0.321,67.9,Good
23870,1,1,0.9222,7.78,Critical
23871,1,1,0.7584,24.16,Poor
23872,0,0,0.1631,83.69,Excellent
23873,0,0,0.1452,85.48,Excellent
23874,1,1,0.7739,22.61,Poor
23875,0,0,0.0911,90.89,Excellent
23876,1,1,0.8972,10.28,Critical
23877,1,1,0.8259,17.41,Critical
23878,0,0,0.3024,69.76,Good
23879,0,0,0.0637,93.63,Excellent
23880,1,1,0.7704,22.96,Poor
23881,0,0,0.13,87.0,Excellent
23882,0,0,0.1221,87.79,Excellent
23883,0,0,0.1563,84.37,Excellent
23884,0,0,0.1065,89.35,Excellent
23885,1,1,0.6948,30.52,Poor
23886,0,0,0.2883,71.17,Good
23887,0,0,0.1796,82.04,Excellent
23888,0,0,0.1091,89.09,Excellent
23889,1,1,0.7965,20.35,Poor
23890,0,0,0.1065,89.35,Excellent
23891,0,0,0.1054,89.46,Excellent
23892,1,1,0.936,6.4,Critical
23893,0,0,0.2736,72.64,Good
23894,0,0,0.3458,65.42,Good
23895,0,0,0.077,92.3,Excellent
23896,0,0,0.0783,92.17,Excellent
23897,1,1,0.9976,0.24,Critical
23898,1,1,0.943,5.7,Critical
23899,0,0,0.1647,83.53,Excellent
23900,1,1,0.942,5.8,Critical
23901,1,1,0.6566,34.34,Poor
23902,1,1,0.8261,17.39,Critical
23903,1,1,0.9595,4.05,Critical
23904,0,0,0.0954,90.46,Excellent
23905,0,0,0.1702,82.98,Excellent
23906,0,0,0.0991,90.09,Excellent
23907,0,0,0.22,78.0,Good
23908,0,0,0.107,89.3,Excellent
23909,1,1,0.9359,6.41,Critical
23910,1,1,0.8858,11.42,Critical
23911,0,0,0.185,81.5,Excellent
23912,1,0,0.3958,60.42,Good
23913,0,0,0.2684,73.16,Good
23914,0,0,0.0721,92.79,Excellent
23915,1,1,0.7372,26.28,Poor
23916,0,0,0.1636,83.64,Excellent
23917,0,0,0.1011,89.89,Excellent
23918,1,1,0.7985,20.15,Poor
23919,1,1,0.9152,8.48,Critical
23920,0,0,0.1857,81.43,Excellent
23921,0,0,0.1008,89.92,Excellent
23922,1,1,0.8908,10.92,Critical
23923,0,0,0.2955,70.45,Good
23924,1,1,0.7559,24.41,Poor
23925,1,1,0.8171,18.29,Critical
23926,0,0,0.271,72.9,Good
23927,0,0,0.1486,85.14,Excellent
23928,0,0,0.0889,91.11,Excellent
23929,0,0,0.2284,77.16,Good
23930,0,0,0.1199,88.01,Excellent
23931,1,1,0.9848,1.52,Critical
23932,0,0,0.2418,75.82,Good
23933,0,0,0.1418,85.82,Excellent
23934,1,1,0.9845,1.55,Critical
23935,1,1,0.8698,13.02,Critical
23936,1,1,0.8518,14.82,Critical
23937,0,0,0.1223,87.77,Excellent
23938,0,1,0.598,40.2,Fair
23939,1,1,0.8484,15.16,Critical
23940,1,1,0.898,10.2,Critical
23941,1,1,0.9067,9.33,Critical
23942,1,0,0.4678,53.22,Fair
23943,0,0,0.2368,76.32,Good
23944,1,1,0.9857,1.43,Critical
23945,1,1,0.8101,18.99,Critical
23946,0,0,0.1096,89.04,Excellent
23947,0,0,0.1767,82.33,Excellent
23948,0,0,0.2157,78.43,Good
23949,1,1,0.8204,17.96,Critical
23950,0,0,0.1453,85.47,Excellent
23951,1,1,0.9098,9.02,Critical
23952,1,1,0.7735,22.65,Poor
23953,1,1,0.6357,36.43,Poor
23954,0,0,0.191,80.9,Excellent
23955,1,1,0.6787,32.13,Poor
23956,1,1,0.8576,14.24,Critical
23957,1,1,0.7707,22.93,Poor
23958,1,1,0.8617,13.83,Critical
23959,0,0,0.0748,92.52,Excellent
23960,1,1,0.9725,2.75,Critical
23961,1,1,0.783,21.7,Poor
23962,0,0,0.0409,95.91,Excellent
23963,1,1,0.8385,16.15,Critical
23964,1,1,0.9029,9.71,Critical
23965,1,1,0.8781,12.19,Critical
23966,1,1,0.9528,4.72,Critical
23967,1,1,0.8753,12.47,Critical
23968,1,1,0.9163,8.37,Critical
23969,1,1,0.8919,10.81,Critical
23970,1,1,0.7203,27.97,Poor
23971,0,0,0.085,91.5,Excellent
23972,1,1,0.6805,31.95,Poor
23973,0,0,0.0662,93.38,Excellent
23974,1,1,0.98,2.0,Critical
23975,1,1,0.9029,9.71,Critical
23976,1,1,0.9831,1.69,Critical
23977,1,1,0.8613,13.87,Critical
23978,0,0,0.3004,69.96,Good
23979,0,0,0.0977,90.23,Excellent
23980,1,1,0.9038,9.62,Critical
23981,1,1,0.7816,21.84,Poor
23982,1,1,0.8553,14.47,Critical
23983,0,0,0.0447,95.53,Excellent
23984,1,1,0.9213,7.87,Critical
23985,0,0,0.1712,82.88,Excellent
23986,1,1,0.6212,37.88,Poor
23987,0,0,0.4454,55.46,Fair
23988,0,0,0.138,86.2,Excellent
23989,0,0,0.1406,85.94,Excellent
23990,0,0,0.1326,86.74,Excellent
23991,1,1,0.7783,22.17,Poor
23992,0,0,0.1311,86.89,Excellent
23993,1,0,0.3461,65.39,Good
23994,0,0,0.1089,89.11,Excellent
23995,1,1,0.5623,43.77,Fair
23996,1,1,0.6989,30.11,Poor
23997,0,0,0.1402,85.98,Excellent
23998,1,1,0.8218,17.82,Critical
23999,1,1,0.7829,21.71,Poor
